run,tag,step,wall_time,value,source_type,event_file
baseline_ardm_base,eval_fid,200,1779820384.13144,204.65853881835938,tensor,/home/jordan/runs/ardm/baseline_ardm_base/events.out.tfevents.1779817304.DESKTOP-3CMUNGL.90050.0.v2
baseline_ardm_base,eval_is_mean,200,1779820384.131786,2.795933485031128,tensor,/home/jordan/runs/ardm/baseline_ardm_base/events.out.tfevents.1779817304.DESKTOP-3CMUNGL.90050.0.v2
baseline_ardm_base,eval_is_std,200,1779820384.131977,0.6737046241760254,tensor,/home/jordan/runs/ardm/baseline_ardm_base/events.out.tfevents.1779817304.DESKTOP-3CMUNGL.90050.0.v2
baseline_ardm_base,eval_nelbo,200,1779819826.249884,3.1349196434020996,tensor,/home/jordan/runs/ardm/baseline_ardm_base/events.out.tfevents.1779817304.DESKTOP-3CMUNGL.90050.0.v2
baseline_ardm_base,eval_nelbo_policy_50,200,1779820588.427427,3.1607508659362793,tensor,/home/jordan/runs/ardm/baseline_ardm_base/events.out.tfevents.1779817304.DESKTOP-3CMUNGL.90050.0.v2
baseline_ardm_base,eval_nelbo_policy_naive,200,1779820535.44032,3.13905668258667,tensor,/home/jordan/runs/ardm/baseline_ardm_base/events.out.tfevents.1779817304.DESKTOP-3CMUNGL.90050.0.v2
baseline_ardm_base,eval_ssim,200,1779820384.13214,0.036223262548446655,tensor,/home/jordan/runs/ardm/baseline_ardm_base/events.out.tfevents.1779817304.DESKTOP-3CMUNGL.90050.0.v2
baseline_ardm_base,grad_norm,200,1779819826.249801,5.3882951736450195,tensor,/home/jordan/runs/ardm/baseline_ardm_base/events.out.tfevents.1779817304.DESKTOP-3CMUNGL.90050.0.v2
baseline_ardm_base,train_ce,200,1779819826.24971,0.4478376507759094,tensor,/home/jordan/runs/ardm/baseline_ardm_base/events.out.tfevents.1779817304.DESKTOP-3CMUNGL.90050.0.v2
baseline_ardm_base,train_loss,200,1779819826.249312,3.1685409545898438,tensor,/home/jordan/runs/ardm/baseline_ardm_base/events.out.tfevents.1779817304.DESKTOP-3CMUNGL.90050.0.v2
baseline_ardm_base,train_nelbo,200,1779819826.249576,3.168093204498291,tensor,/home/jordan/runs/ardm/baseline_ardm_base/events.out.tfevents.1779817304.DESKTOP-3CMUNGL.90050.0.v2
baseline_ardm_base,train_nelbo_steps_100,200,1779820588.549194,3.1800594329833984,tensor,/home/jordan/runs/ardm/baseline_ardm_base/events.out.tfevents.1779817304.DESKTOP-3CMUNGL.90050.0.v2
baseline_ardm_base,train_nelbo_steps_50,200,1779820588.477591,3.1943557262420654,tensor,/home/jordan/runs/ardm/baseline_ardm_base/events.out.tfevents.1779817304.DESKTOP-3CMUNGL.90050.0.v2
counterfactual_gradalign_scalarcf_middle_cfw1e-4,ardm_grad_norm_raw,200,1781251634.743538,5.300374507904053,tensor,/home/jordan/runs/ardm/counterfactual_gradalign_scalarcf_middle_cfw1e-4/events.out.tfevents.1781233049.DESKTOP-3CMUNGL.2396.0.v2
counterfactual_gradalign_scalarcf_middle_cfw1e-4,ardm_loss,200,1781251634.721719,3.1789612770080566,tensor,/home/jordan/runs/ardm/counterfactual_gradalign_scalarcf_middle_cfw1e-4/events.out.tfevents.1781233049.DESKTOP-3CMUNGL.2396.0.v2
counterfactual_gradalign_scalarcf_middle_cfw1e-4,aux_alignment_factor,200,1781251634.742486,0.0018709750147536397,tensor,/home/jordan/runs/ardm/counterfactual_gradalign_scalarcf_middle_cfw1e-4/events.out.tfevents.1781233049.DESKTOP-3CMUNGL.2396.0.v2
counterfactual_gradalign_scalarcf_middle_cfw1e-4,aux_grad_cosine,200,1781251634.741096,0.00011325156810926273,tensor,/home/jordan/runs/ardm/counterfactual_gradalign_scalarcf_middle_cfw1e-4/events.out.tfevents.1781233049.DESKTOP-3CMUNGL.2396.0.v2
counterfactual_gradalign_scalarcf_middle_cfw1e-4,aux_grad_norm_raw,200,1781251634.744165,1.0074051033370779e-06,tensor,/home/jordan/runs/ardm/counterfactual_gradalign_scalarcf_middle_cfw1e-4/events.out.tfevents.1781233049.DESKTOP-3CMUNGL.2396.0.v2
counterfactual_gradalign_scalarcf_middle_cfw1e-4,aux_loss,200,1781251634.739736,-1.3313227853473109e-08,tensor,/home/jordan/runs/ardm/counterfactual_gradalign_scalarcf_middle_cfw1e-4/events.out.tfevents.1781233049.DESKTOP-3CMUNGL.2396.0.v2
counterfactual_gradalign_scalarcf_middle_cfw1e-4,cf_mid_delta,200,1781251634.749429,0.000132802888401784,tensor,/home/jordan/runs/ardm/counterfactual_gradalign_scalarcf_middle_cfw1e-4/events.out.tfevents.1781233049.DESKTOP-3CMUNGL.2396.0.v2
counterfactual_gradalign_scalarcf_middle_cfw1e-4,cf_mid_drop_fraction,200,1781251634.753115,0.25078749656677246,tensor,/home/jordan/runs/ardm/counterfactual_gradalign_scalarcf_middle_cfw1e-4/events.out.tfevents.1781233049.DESKTOP-3CMUNGL.2396.0.v2
counterfactual_gradalign_scalarcf_middle_cfw1e-4,cf_mid_dropped_energy,200,1781251634.750661,0.9993070363998413,tensor,/home/jordan/runs/ardm/counterfactual_gradalign_scalarcf_middle_cfw1e-4/events.out.tfevents.1781233049.DESKTOP-3CMUNGL.2396.0.v2
counterfactual_gradalign_scalarcf_middle_cfw1e-4,cf_mid_loss,200,1781251634.746814,-0.00013313228555489331,tensor,/home/jordan/runs/ardm/counterfactual_gradalign_scalarcf_middle_cfw1e-4/events.out.tfevents.1781233049.DESKTOP-3CMUNGL.2396.0.v2
counterfactual_gradalign_scalarcf_middle_cfw1e-4,cf_mid_masked_ardm_loss,200,1781251634.751875,3.179094076156616,tensor,/home/jordan/runs/ardm/counterfactual_gradalign_scalarcf_middle_cfw1e-4/events.out.tfevents.1781233049.DESKTOP-3CMUNGL.2396.0.v2
counterfactual_gradalign_scalarcf_middle_cfw1e-4,cf_mid_weight,200,1781251634.748231,9.999998292187229e-05,tensor,/home/jordan/runs/ardm/counterfactual_gradalign_scalarcf_middle_cfw1e-4/events.out.tfevents.1781233049.DESKTOP-3CMUNGL.2396.0.v2
counterfactual_gradalign_scalarcf_middle_cfw1e-4,disc_mid_fake_logits,200,1781251634.728699,-1.719618320465088,tensor,/home/jordan/runs/ardm/counterfactual_gradalign_scalarcf_middle_cfw1e-4/events.out.tfevents.1781233049.DESKTOP-3CMUNGL.2396.0.v2
counterfactual_gradalign_scalarcf_middle_cfw1e-4,disc_mid_fake_logits_std,200,1781251634.735481,1.2650864124298096,tensor,/home/jordan/runs/ardm/counterfactual_gradalign_scalarcf_middle_cfw1e-4/events.out.tfevents.1781233049.DESKTOP-3CMUNGL.2396.0.v2
counterfactual_gradalign_scalarcf_middle_cfw1e-4,disc_mid_grad_norm,200,1781251634.736153,15.33290958404541,tensor,/home/jordan/runs/ardm/counterfactual_gradalign_scalarcf_middle_cfw1e-4/events.out.tfevents.1781233049.DESKTOP-3CMUNGL.2396.0.v2
counterfactual_gradalign_scalarcf_middle_cfw1e-4,disc_mid_logit_abs_mean,200,1781251634.754369,1.8601293563842773,tensor,/home/jordan/runs/ardm/counterfactual_gradalign_scalarcf_middle_cfw1e-4/events.out.tfevents.1781233049.DESKTOP-3CMUNGL.2396.0.v2
counterfactual_gradalign_scalarcf_middle_cfw1e-4,disc_mid_loss,200,1781251634.724842,0.5277076363563538,tensor,/home/jordan/runs/ardm/counterfactual_gradalign_scalarcf_middle_cfw1e-4/events.out.tfevents.1781233049.DESKTOP-3CMUNGL.2396.0.v2
counterfactual_gradalign_scalarcf_middle_cfw1e-4,disc_mid_real_logits,200,1781251634.726942,1.6830365657806396,tensor,/home/jordan/runs/ardm/counterfactual_gradalign_scalarcf_middle_cfw1e-4/events.out.tfevents.1781233049.DESKTOP-3CMUNGL.2396.0.v2
counterfactual_gradalign_scalarcf_middle_cfw1e-4,disc_mid_real_logits_std,200,1781251634.733684,1.2327245473861694,tensor,/home/jordan/runs/ardm/counterfactual_gradalign_scalarcf_middle_cfw1e-4/events.out.tfevents.1781233049.DESKTOP-3CMUNGL.2396.0.v2
counterfactual_gradalign_scalarcf_middle_cfw1e-4,disc_train_factor,200,1781251634.738351,1.0,tensor,/home/jordan/runs/ardm/counterfactual_gradalign_scalarcf_middle_cfw1e-4/events.out.tfevents.1781233049.DESKTOP-3CMUNGL.2396.0.v2
counterfactual_gradalign_scalarcf_middle_cfw1e-4,disc_weight_mid,200,1781251634.729384,0.0,tensor,/home/jordan/runs/ardm/counterfactual_gradalign_scalarcf_middle_cfw1e-4/events.out.tfevents.1781233049.DESKTOP-3CMUNGL.2396.0.v2
counterfactual_gradalign_scalarcf_middle_cfw1e-4,eval_fid,200,1781252165.18582,207.69224548339844,tensor,/home/jordan/runs/ardm/counterfactual_gradalign_scalarcf_middle_cfw1e-4/events.out.tfevents.1781233049.DESKTOP-3CMUNGL.2396.0.v2
counterfactual_gradalign_scalarcf_middle_cfw1e-4,eval_is_mean,200,1781252165.186487,2.7657856941223145,tensor,/home/jordan/runs/ardm/counterfactual_gradalign_scalarcf_middle_cfw1e-4/events.out.tfevents.1781233049.DESKTOP-3CMUNGL.2396.0.v2
counterfactual_gradalign_scalarcf_middle_cfw1e-4,eval_is_std,200,1781252165.187249,0.48870521783828735,tensor,/home/jordan/runs/ardm/counterfactual_gradalign_scalarcf_middle_cfw1e-4/events.out.tfevents.1781233049.DESKTOP-3CMUNGL.2396.0.v2
counterfactual_gradalign_scalarcf_middle_cfw1e-4,eval_nelbo,200,1781251634.719996,3.1337313652038574,tensor,/home/jordan/runs/ardm/counterfactual_gradalign_scalarcf_middle_cfw1e-4/events.out.tfevents.1781233049.DESKTOP-3CMUNGL.2396.0.v2
counterfactual_gradalign_scalarcf_middle_cfw1e-4,eval_nelbo_policy_50,200,1781252311.81403,3.1625678539276123,tensor,/home/jordan/runs/ardm/counterfactual_gradalign_scalarcf_middle_cfw1e-4/events.out.tfevents.1781233049.DESKTOP-3CMUNGL.2396.0.v2
counterfactual_gradalign_scalarcf_middle_cfw1e-4,eval_nelbo_policy_naive,200,1781252276.550497,3.152517080307007,tensor,/home/jordan/runs/ardm/counterfactual_gradalign_scalarcf_middle_cfw1e-4/events.out.tfevents.1781233049.DESKTOP-3CMUNGL.2396.0.v2
counterfactual_gradalign_scalarcf_middle_cfw1e-4,eval_ssim,200,1781252165.187443,0.03847023844718933,tensor,/home/jordan/runs/ardm/counterfactual_gradalign_scalarcf_middle_cfw1e-4/events.out.tfevents.1781233049.DESKTOP-3CMUNGL.2396.0.v2
counterfactual_gradalign_scalarcf_middle_cfw1e-4,fake_mid_feature_mean,200,1781251634.760636,-0.05036366358399391,tensor,/home/jordan/runs/ardm/counterfactual_gradalign_scalarcf_middle_cfw1e-4/events.out.tfevents.1781233049.DESKTOP-3CMUNGL.2396.0.v2
counterfactual_gradalign_scalarcf_middle_cfw1e-4,fake_mid_feature_norm,200,1781251634.75628,85.47557830810547,tensor,/home/jordan/runs/ardm/counterfactual_gradalign_scalarcf_middle_cfw1e-4/events.out.tfevents.1781233049.DESKTOP-3CMUNGL.2396.0.v2
counterfactual_gradalign_scalarcf_middle_cfw1e-4,gen_mid_loss,200,1781251634.724135,1.719618320465088,tensor,/home/jordan/runs/ardm/counterfactual_gradalign_scalarcf_middle_cfw1e-4/events.out.tfevents.1781233049.DESKTOP-3CMUNGL.2396.0.v2
counterfactual_gradalign_scalarcf_middle_cfw1e-4,grad_norm,200,1781251634.719191,5.300374507904053,tensor,/home/jordan/runs/ardm/counterfactual_gradalign_scalarcf_middle_cfw1e-4/events.out.tfevents.1781233049.DESKTOP-3CMUNGL.2396.0.v2
counterfactual_gradalign_scalarcf_middle_cfw1e-4,guidance_progress,200,1781251634.737119,1.0,tensor,/home/jordan/runs/ardm/counterfactual_gradalign_scalarcf_middle_cfw1e-4/events.out.tfevents.1781233049.DESKTOP-3CMUNGL.2396.0.v2
counterfactual_gradalign_scalarcf_middle_cfw1e-4,mask_fraction_observed,200,1781251634.745362,0.49961182475090027,tensor,/home/jordan/runs/ardm/counterfactual_gradalign_scalarcf_middle_cfw1e-4/events.out.tfevents.1781233049.DESKTOP-3CMUNGL.2396.0.v2
counterfactual_gradalign_scalarcf_middle_cfw1e-4,mid_feature_cosine,200,1781251634.758875,0.9354189038276672,tensor,/home/jordan/runs/ardm/counterfactual_gradalign_scalarcf_middle_cfw1e-4/events.out.tfevents.1781233049.DESKTOP-3CMUNGL.2396.0.v2
counterfactual_gradalign_scalarcf_middle_cfw1e-4,real_mid_feature_mean,200,1781251634.761312,0.03749845549464226,tensor,/home/jordan/runs/ardm/counterfactual_gradalign_scalarcf_middle_cfw1e-4/events.out.tfevents.1781233049.DESKTOP-3CMUNGL.2396.0.v2
counterfactual_gradalign_scalarcf_middle_cfw1e-4,real_mid_feature_norm,200,1781251634.757409,82.76233673095703,tensor,/home/jordan/runs/ardm/counterfactual_gradalign_scalarcf_middle_cfw1e-4/events.out.tfevents.1781233049.DESKTOP-3CMUNGL.2396.0.v2
counterfactual_gradalign_scalarcf_middle_cfw1e-4,reason_mid_loss,200,1781251634.731226,0.0645810142159462,tensor,/home/jordan/runs/ardm/counterfactual_gradalign_scalarcf_middle_cfw1e-4/events.out.tfevents.1781233049.DESKTOP-3CMUNGL.2396.0.v2
counterfactual_gradalign_scalarcf_middle_cfw1e-4,reason_weight_mid,200,1781251634.732318,0.0,tensor,/home/jordan/runs/ardm/counterfactual_gradalign_scalarcf_middle_cfw1e-4/events.out.tfevents.1781233049.DESKTOP-3CMUNGL.2396.0.v2
counterfactual_gradalign_scalarcf_middle_cfw1e-4,train_ce,200,1781251634.715405,0.44886523485183716,tensor,/home/jordan/runs/ardm/counterfactual_gradalign_scalarcf_middle_cfw1e-4/events.out.tfevents.1781233049.DESKTOP-3CMUNGL.2396.0.v2
counterfactual_gradalign_scalarcf_middle_cfw1e-4,train_loss,200,1781251634.713845,3.1789612770080566,tensor,/home/jordan/runs/ardm/counterfactual_gradalign_scalarcf_middle_cfw1e-4/events.out.tfevents.1781233049.DESKTOP-3CMUNGL.2396.0.v2
counterfactual_gradalign_scalarcf_middle_cfw1e-4,train_nelbo,200,1781251634.71496,3.1785120964050293,tensor,/home/jordan/runs/ardm/counterfactual_gradalign_scalarcf_middle_cfw1e-4/events.out.tfevents.1781233049.DESKTOP-3CMUNGL.2396.0.v2
counterfactual_gradalign_scalarcf_middle_cfw1e-4,train_nelbo_steps_100,200,1781252311.814656,3.1790196895599365,tensor,/home/jordan/runs/ardm/counterfactual_gradalign_scalarcf_middle_cfw1e-4/events.out.tfevents.1781233049.DESKTOP-3CMUNGL.2396.0.v2
counterfactual_gradalign_scalarcf_middle_cfw1e-4,train_nelbo_steps_50,200,1781252311.814459,3.193340539932251,tensor,/home/jordan/runs/ardm/counterfactual_gradalign_scalarcf_middle_cfw1e-4/events.out.tfevents.1781233049.DESKTOP-3CMUNGL.2396.0.v2
counterfactual_gradalign_scalarcf_middle_cfw2e-3,ardm_grad_norm_raw,200,1781354856.931069,5.085957050323486,tensor,/home/jordan/runs/ardm/counterfactual_gradalign_scalarcf_middle_cfw2e-3/events.out.tfevents.1781334072.DESKTOP-3CMUNGL.134851.0.v2
counterfactual_gradalign_scalarcf_middle_cfw2e-3,ardm_loss,200,1781354856.914159,3.159409999847412,tensor,/home/jordan/runs/ardm/counterfactual_gradalign_scalarcf_middle_cfw2e-3/events.out.tfevents.1781334072.DESKTOP-3CMUNGL.134851.0.v2
counterfactual_gradalign_scalarcf_middle_cfw2e-3,aux_alignment_factor,200,1781354856.930023,0.015327016822993755,tensor,/home/jordan/runs/ardm/counterfactual_gradalign_scalarcf_middle_cfw2e-3/events.out.tfevents.1781334072.DESKTOP-3CMUNGL.134851.0.v2
counterfactual_gradalign_scalarcf_middle_cfw2e-3,aux_grad_cosine,200,1781354856.929458,0.0007476519676856697,tensor,/home/jordan/runs/ardm/counterfactual_gradalign_scalarcf_middle_cfw2e-3/events.out.tfevents.1781334072.DESKTOP-3CMUNGL.134851.0.v2
counterfactual_gradalign_scalarcf_middle_cfw2e-3,aux_grad_norm_raw,200,1781354856.932191,1.846658278736868e-06,tensor,/home/jordan/runs/ardm/counterfactual_gradalign_scalarcf_middle_cfw2e-3/events.out.tfevents.1781334072.DESKTOP-3CMUNGL.134851.0.v2
counterfactual_gradalign_scalarcf_middle_cfw2e-3,aux_loss,200,1781354856.927715,-1.5060849989367853e-07,tensor,/home/jordan/runs/ardm/counterfactual_gradalign_scalarcf_middle_cfw2e-3/events.out.tfevents.1781334072.DESKTOP-3CMUNGL.134851.0.v2
counterfactual_gradalign_scalarcf_middle_cfw2e-3,cf_mid_delta,200,1781354856.93609,7.576095231343061e-05,tensor,/home/jordan/runs/ardm/counterfactual_gradalign_scalarcf_middle_cfw2e-3/events.out.tfevents.1781334072.DESKTOP-3CMUNGL.134851.0.v2
counterfactual_gradalign_scalarcf_middle_cfw2e-3,cf_mid_drop_fraction,200,1781354856.939623,0.2506699860095978,tensor,/home/jordan/runs/ardm/counterfactual_gradalign_scalarcf_middle_cfw2e-3/events.out.tfevents.1781334072.DESKTOP-3CMUNGL.134851.0.v2
counterfactual_gradalign_scalarcf_middle_cfw2e-3,cf_mid_dropped_energy,200,1781354856.937121,0.9989596605300903,tensor,/home/jordan/runs/ardm/counterfactual_gradalign_scalarcf_middle_cfw2e-3/events.out.tfevents.1781334072.DESKTOP-3CMUNGL.134851.0.v2
counterfactual_gradalign_scalarcf_middle_cfw2e-3,cf_mid_loss,200,1781354856.933917,-7.53042331780307e-05,tensor,/home/jordan/runs/ardm/counterfactual_gradalign_scalarcf_middle_cfw2e-3/events.out.tfevents.1781334072.DESKTOP-3CMUNGL.134851.0.v2
counterfactual_gradalign_scalarcf_middle_cfw2e-3,cf_mid_masked_ardm_loss,200,1781354856.938639,3.1594860553741455,tensor,/home/jordan/runs/ardm/counterfactual_gradalign_scalarcf_middle_cfw2e-3/events.out.tfevents.1781334072.DESKTOP-3CMUNGL.134851.0.v2
counterfactual_gradalign_scalarcf_middle_cfw2e-3,cf_mid_weight,200,1781354856.934943,0.0020000000949949026,tensor,/home/jordan/runs/ardm/counterfactual_gradalign_scalarcf_middle_cfw2e-3/events.out.tfevents.1781334072.DESKTOP-3CMUNGL.134851.0.v2
counterfactual_gradalign_scalarcf_middle_cfw2e-3,disc_mid_fake_logits,200,1781354856.918657,-1.6602065563201904,tensor,/home/jordan/runs/ardm/counterfactual_gradalign_scalarcf_middle_cfw2e-3/events.out.tfevents.1781334072.DESKTOP-3CMUNGL.134851.0.v2
counterfactual_gradalign_scalarcf_middle_cfw2e-3,disc_mid_fake_logits_std,200,1781354856.924438,1.0347075462341309,tensor,/home/jordan/runs/ardm/counterfactual_gradalign_scalarcf_middle_cfw2e-3/events.out.tfevents.1781334072.DESKTOP-3CMUNGL.134851.0.v2
counterfactual_gradalign_scalarcf_middle_cfw2e-3,disc_mid_grad_norm,200,1781354856.925081,15.054030418395996,tensor,/home/jordan/runs/ardm/counterfactual_gradalign_scalarcf_middle_cfw2e-3/events.out.tfevents.1781334072.DESKTOP-3CMUNGL.134851.0.v2
counterfactual_gradalign_scalarcf_middle_cfw2e-3,disc_mid_logit_abs_mean,200,1781354856.940207,1.7868353128433228,tensor,/home/jordan/runs/ardm/counterfactual_gradalign_scalarcf_middle_cfw2e-3/events.out.tfevents.1781334072.DESKTOP-3CMUNGL.134851.0.v2
counterfactual_gradalign_scalarcf_middle_cfw2e-3,disc_mid_loss,200,1781354856.916273,0.4434232711791992,tensor,/home/jordan/runs/ardm/counterfactual_gradalign_scalarcf_middle_cfw2e-3/events.out.tfevents.1781334072.DESKTOP-3CMUNGL.134851.0.v2
counterfactual_gradalign_scalarcf_middle_cfw2e-3,disc_mid_real_logits,200,1781354856.916829,1.6319022178649902,tensor,/home/jordan/runs/ardm/counterfactual_gradalign_scalarcf_middle_cfw2e-3/events.out.tfevents.1781334072.DESKTOP-3CMUNGL.134851.0.v2
counterfactual_gradalign_scalarcf_middle_cfw2e-3,disc_mid_real_logits_std,200,1781354856.92305,1.0190151929855347,tensor,/home/jordan/runs/ardm/counterfactual_gradalign_scalarcf_middle_cfw2e-3/events.out.tfevents.1781334072.DESKTOP-3CMUNGL.134851.0.v2
counterfactual_gradalign_scalarcf_middle_cfw2e-3,disc_train_factor,200,1781354856.927018,1.0,tensor,/home/jordan/runs/ardm/counterfactual_gradalign_scalarcf_middle_cfw2e-3/events.out.tfevents.1781334072.DESKTOP-3CMUNGL.134851.0.v2
counterfactual_gradalign_scalarcf_middle_cfw2e-3,disc_weight_mid,200,1781354856.919355,0.0,tensor,/home/jordan/runs/ardm/counterfactual_gradalign_scalarcf_middle_cfw2e-3/events.out.tfevents.1781334072.DESKTOP-3CMUNGL.134851.0.v2
counterfactual_gradalign_scalarcf_middle_cfw2e-3,eval_fid,200,1781355414.704739,214.93109130859375,tensor,/home/jordan/runs/ardm/counterfactual_gradalign_scalarcf_middle_cfw2e-3/events.out.tfevents.1781334072.DESKTOP-3CMUNGL.134851.0.v2
counterfactual_gradalign_scalarcf_middle_cfw2e-3,eval_is_mean,200,1781355414.705393,2.5631520748138428,tensor,/home/jordan/runs/ardm/counterfactual_gradalign_scalarcf_middle_cfw2e-3/events.out.tfevents.1781334072.DESKTOP-3CMUNGL.134851.0.v2
counterfactual_gradalign_scalarcf_middle_cfw2e-3,eval_is_std,200,1781355414.706334,0.4081941246986389,tensor,/home/jordan/runs/ardm/counterfactual_gradalign_scalarcf_middle_cfw2e-3/events.out.tfevents.1781334072.DESKTOP-3CMUNGL.134851.0.v2
counterfactual_gradalign_scalarcf_middle_cfw2e-3,eval_nelbo,200,1781354856.91342,3.140141248703003,tensor,/home/jordan/runs/ardm/counterfactual_gradalign_scalarcf_middle_cfw2e-3/events.out.tfevents.1781334072.DESKTOP-3CMUNGL.134851.0.v2
counterfactual_gradalign_scalarcf_middle_cfw2e-3,eval_nelbo_policy_50,200,1781355584.066314,3.175135850906372,tensor,/home/jordan/runs/ardm/counterfactual_gradalign_scalarcf_middle_cfw2e-3/events.out.tfevents.1781334072.DESKTOP-3CMUNGL.134851.0.v2
counterfactual_gradalign_scalarcf_middle_cfw2e-3,eval_nelbo_policy_naive,200,1781355541.125933,3.1492273807525635,tensor,/home/jordan/runs/ardm/counterfactual_gradalign_scalarcf_middle_cfw2e-3/events.out.tfevents.1781334072.DESKTOP-3CMUNGL.134851.0.v2
counterfactual_gradalign_scalarcf_middle_cfw2e-3,eval_ssim,200,1781355414.706488,0.04119081422686577,tensor,/home/jordan/runs/ardm/counterfactual_gradalign_scalarcf_middle_cfw2e-3/events.out.tfevents.1781334072.DESKTOP-3CMUNGL.134851.0.v2
counterfactual_gradalign_scalarcf_middle_cfw2e-3,fake_mid_feature_mean,200,1781354856.945157,0.2612951695919037,tensor,/home/jordan/runs/ardm/counterfactual_gradalign_scalarcf_middle_cfw2e-3/events.out.tfevents.1781334072.DESKTOP-3CMUNGL.134851.0.v2
counterfactual_gradalign_scalarcf_middle_cfw2e-3,fake_mid_feature_norm,200,1781354856.94158,87.58016204833984,tensor,/home/jordan/runs/ardm/counterfactual_gradalign_scalarcf_middle_cfw2e-3/events.out.tfevents.1781334072.DESKTOP-3CMUNGL.134851.0.v2
counterfactual_gradalign_scalarcf_middle_cfw2e-3,gen_mid_loss,200,1781354856.914796,1.6602065563201904,tensor,/home/jordan/runs/ardm/counterfactual_gradalign_scalarcf_middle_cfw2e-3/events.out.tfevents.1781334072.DESKTOP-3CMUNGL.134851.0.v2
counterfactual_gradalign_scalarcf_middle_cfw2e-3,grad_norm,200,1781354856.911975,5.085957050323486,tensor,/home/jordan/runs/ardm/counterfactual_gradalign_scalarcf_middle_cfw2e-3/events.out.tfevents.1781334072.DESKTOP-3CMUNGL.134851.0.v2
counterfactual_gradalign_scalarcf_middle_cfw2e-3,guidance_progress,200,1781354856.926023,1.0,tensor,/home/jordan/runs/ardm/counterfactual_gradalign_scalarcf_middle_cfw2e-3/events.out.tfevents.1781334072.DESKTOP-3CMUNGL.134851.0.v2
counterfactual_gradalign_scalarcf_middle_cfw2e-3,mask_fraction_observed,200,1781354856.932833,0.5001699328422546,tensor,/home/jordan/runs/ardm/counterfactual_gradalign_scalarcf_middle_cfw2e-3/events.out.tfevents.1781334072.DESKTOP-3CMUNGL.134851.0.v2
counterfactual_gradalign_scalarcf_middle_cfw2e-3,mid_feature_cosine,200,1781354856.943368,0.9361143112182617,tensor,/home/jordan/runs/ardm/counterfactual_gradalign_scalarcf_middle_cfw2e-3/events.out.tfevents.1781334072.DESKTOP-3CMUNGL.134851.0.v2
counterfactual_gradalign_scalarcf_middle_cfw2e-3,real_mid_feature_mean,200,1781354856.945666,0.28234100341796875,tensor,/home/jordan/runs/ardm/counterfactual_gradalign_scalarcf_middle_cfw2e-3/events.out.tfevents.1781334072.DESKTOP-3CMUNGL.134851.0.v2
counterfactual_gradalign_scalarcf_middle_cfw2e-3,real_mid_feature_norm,200,1781354856.94273,84.99443817138672,tensor,/home/jordan/runs/ardm/counterfactual_gradalign_scalarcf_middle_cfw2e-3/events.out.tfevents.1781334072.DESKTOP-3CMUNGL.134851.0.v2
counterfactual_gradalign_scalarcf_middle_cfw2e-3,reason_mid_loss,200,1781354856.920389,0.06388569623231888,tensor,/home/jordan/runs/ardm/counterfactual_gradalign_scalarcf_middle_cfw2e-3/events.out.tfevents.1781334072.DESKTOP-3CMUNGL.134851.0.v2
counterfactual_gradalign_scalarcf_middle_cfw2e-3,reason_weight_mid,200,1781354856.921921,0.0,tensor,/home/jordan/runs/ardm/counterfactual_gradalign_scalarcf_middle_cfw2e-3/events.out.tfevents.1781334072.DESKTOP-3CMUNGL.134851.0.v2
counterfactual_gradalign_scalarcf_middle_cfw2e-3,train_ce,200,1781354856.910912,0.4460567533969879,tensor,/home/jordan/runs/ardm/counterfactual_gradalign_scalarcf_middle_cfw2e-3/events.out.tfevents.1781334072.DESKTOP-3CMUNGL.134851.0.v2
counterfactual_gradalign_scalarcf_middle_cfw2e-3,train_loss,200,1781354856.905781,3.159409999847412,tensor,/home/jordan/runs/ardm/counterfactual_gradalign_scalarcf_middle_cfw2e-3/events.out.tfevents.1781334072.DESKTOP-3CMUNGL.134851.0.v2
counterfactual_gradalign_scalarcf_middle_cfw2e-3,train_nelbo,200,1781354856.906178,3.158964157104492,tensor,/home/jordan/runs/ardm/counterfactual_gradalign_scalarcf_middle_cfw2e-3/events.out.tfevents.1781334072.DESKTOP-3CMUNGL.134851.0.v2
counterfactual_gradalign_scalarcf_middle_cfw2e-3,train_nelbo_steps_100,200,1781355584.066937,3.1829707622528076,tensor,/home/jordan/runs/ardm/counterfactual_gradalign_scalarcf_middle_cfw2e-3/events.out.tfevents.1781334072.DESKTOP-3CMUNGL.134851.0.v2
counterfactual_gradalign_scalarcf_middle_cfw2e-3,train_nelbo_steps_50,200,1781355584.066777,3.197237491607666,tensor,/home/jordan/runs/ardm/counterfactual_gradalign_scalarcf_middle_cfw2e-3/events.out.tfevents.1781334072.DESKTOP-3CMUNGL.134851.0.v2
counterfactual_gradalign_scalarcf_middle_cfw5e-4,ardm_grad_norm_raw,200,1781294378.551386,5.593571662902832,tensor,/home/jordan/runs/ardm/counterfactual_gradalign_scalarcf_middle_cfw5e-4/events.out.tfevents.1781252335.DESKTOP-3CMUNGL.30634.0.v2
counterfactual_gradalign_scalarcf_middle_cfw5e-4,ardm_loss,200,1781294378.528148,3.166980028152466,tensor,/home/jordan/runs/ardm/counterfactual_gradalign_scalarcf_middle_cfw5e-4/events.out.tfevents.1781252335.DESKTOP-3CMUNGL.30634.0.v2
counterfactual_gradalign_scalarcf_middle_cfw5e-4,aux_alignment_factor,200,1781294378.550517,0.007766444236040115,tensor,/home/jordan/runs/ardm/counterfactual_gradalign_scalarcf_middle_cfw5e-4/events.out.tfevents.1781252335.DESKTOP-3CMUNGL.30634.0.v2
counterfactual_gradalign_scalarcf_middle_cfw5e-4,aux_grad_cosine,200,1781294378.54825,0.00042153731919825077,tensor,/home/jordan/runs/ardm/counterfactual_gradalign_scalarcf_middle_cfw5e-4/events.out.tfevents.1781252335.DESKTOP-3CMUNGL.30634.0.v2
counterfactual_gradalign_scalarcf_middle_cfw5e-4,aux_grad_norm_raw,200,1781294378.553431,1.135907950811088e-06,tensor,/home/jordan/runs/ardm/counterfactual_gradalign_scalarcf_middle_cfw5e-4/events.out.tfevents.1781252335.DESKTOP-3CMUNGL.30634.0.v2
counterfactual_gradalign_scalarcf_middle_cfw5e-4,aux_loss,200,1781294378.547635,-7.478460162246847e-08,tensor,/home/jordan/runs/ardm/counterfactual_gradalign_scalarcf_middle_cfw5e-4/events.out.tfevents.1781252335.DESKTOP-3CMUNGL.30634.0.v2
counterfactual_gradalign_scalarcf_middle_cfw5e-4,cf_mid_delta,200,1781294378.557566,0.000147880899021402,tensor,/home/jordan/runs/ardm/counterfactual_gradalign_scalarcf_middle_cfw5e-4/events.out.tfevents.1781252335.DESKTOP-3CMUNGL.30634.0.v2
counterfactual_gradalign_scalarcf_middle_cfw5e-4,cf_mid_drop_fraction,200,1781294378.561772,0.24912500381469727,tensor,/home/jordan/runs/ardm/counterfactual_gradalign_scalarcf_middle_cfw5e-4/events.out.tfevents.1781252335.DESKTOP-3CMUNGL.30634.0.v2
counterfactual_gradalign_scalarcf_middle_cfw5e-4,cf_mid_dropped_energy,200,1781294378.558488,0.9990526437759399,tensor,/home/jordan/runs/ardm/counterfactual_gradalign_scalarcf_middle_cfw5e-4/events.out.tfevents.1781252335.DESKTOP-3CMUNGL.30634.0.v2
counterfactual_gradalign_scalarcf_middle_cfw5e-4,cf_mid_loss,200,1781294378.555226,-0.0001495691976742819,tensor,/home/jordan/runs/ardm/counterfactual_gradalign_scalarcf_middle_cfw5e-4/events.out.tfevents.1781252335.DESKTOP-3CMUNGL.30634.0.v2
counterfactual_gradalign_scalarcf_middle_cfw5e-4,cf_mid_masked_ardm_loss,200,1781294378.560903,3.167128086090088,tensor,/home/jordan/runs/ardm/counterfactual_gradalign_scalarcf_middle_cfw5e-4/events.out.tfevents.1781252335.DESKTOP-3CMUNGL.30634.0.v2
counterfactual_gradalign_scalarcf_middle_cfw5e-4,cf_mid_weight,200,1781294378.556974,0.0005000000237487257,tensor,/home/jordan/runs/ardm/counterfactual_gradalign_scalarcf_middle_cfw5e-4/events.out.tfevents.1781252335.DESKTOP-3CMUNGL.30634.0.v2
counterfactual_gradalign_scalarcf_middle_cfw5e-4,disc_mid_fake_logits,200,1781294378.534043,-1.3451213836669922,tensor,/home/jordan/runs/ardm/counterfactual_gradalign_scalarcf_middle_cfw5e-4/events.out.tfevents.1781252335.DESKTOP-3CMUNGL.30634.0.v2
counterfactual_gradalign_scalarcf_middle_cfw5e-4,disc_mid_fake_logits_std,200,1781294378.541331,0.8400524854660034,tensor,/home/jordan/runs/ardm/counterfactual_gradalign_scalarcf_middle_cfw5e-4/events.out.tfevents.1781252335.DESKTOP-3CMUNGL.30634.0.v2
counterfactual_gradalign_scalarcf_middle_cfw5e-4,disc_mid_grad_norm,200,1781294378.542033,15.753162384033203,tensor,/home/jordan/runs/ardm/counterfactual_gradalign_scalarcf_middle_cfw5e-4/events.out.tfevents.1781252335.DESKTOP-3CMUNGL.30634.0.v2
counterfactual_gradalign_scalarcf_middle_cfw5e-4,disc_mid_logit_abs_mean,200,1781294378.562885,1.5397539138793945,tensor,/home/jordan/runs/ardm/counterfactual_gradalign_scalarcf_middle_cfw5e-4/events.out.tfevents.1781252335.DESKTOP-3CMUNGL.30634.0.v2
counterfactual_gradalign_scalarcf_middle_cfw5e-4,disc_mid_loss,200,1781294378.530739,0.4632992148399353,tensor,/home/jordan/runs/ardm/counterfactual_gradalign_scalarcf_middle_cfw5e-4/events.out.tfevents.1781252335.DESKTOP-3CMUNGL.30634.0.v2
counterfactual_gradalign_scalarcf_middle_cfw5e-4,disc_mid_real_logits,200,1781294378.532611,1.4278334379196167,tensor,/home/jordan/runs/ardm/counterfactual_gradalign_scalarcf_middle_cfw5e-4/events.out.tfevents.1781252335.DESKTOP-3CMUNGL.30634.0.v2
counterfactual_gradalign_scalarcf_middle_cfw5e-4,disc_mid_real_logits_std,200,1781294378.54008,0.9031667113304138,tensor,/home/jordan/runs/ardm/counterfactual_gradalign_scalarcf_middle_cfw5e-4/events.out.tfevents.1781252335.DESKTOP-3CMUNGL.30634.0.v2
counterfactual_gradalign_scalarcf_middle_cfw5e-4,disc_train_factor,200,1781294378.545804,1.0,tensor,/home/jordan/runs/ardm/counterfactual_gradalign_scalarcf_middle_cfw5e-4/events.out.tfevents.1781252335.DESKTOP-3CMUNGL.30634.0.v2
counterfactual_gradalign_scalarcf_middle_cfw5e-4,disc_weight_mid,200,1781294378.535966,0.0,tensor,/home/jordan/runs/ardm/counterfactual_gradalign_scalarcf_middle_cfw5e-4/events.out.tfevents.1781252335.DESKTOP-3CMUNGL.30634.0.v2
counterfactual_gradalign_scalarcf_middle_cfw5e-4,eval_fid,200,1781295027.825789,204.85797119140625,tensor,/home/jordan/runs/ardm/counterfactual_gradalign_scalarcf_middle_cfw5e-4/events.out.tfevents.1781252335.DESKTOP-3CMUNGL.30634.0.v2
counterfactual_gradalign_scalarcf_middle_cfw5e-4,eval_is_mean,200,1781295027.826451,2.791078567504883,tensor,/home/jordan/runs/ardm/counterfactual_gradalign_scalarcf_middle_cfw5e-4/events.out.tfevents.1781252335.DESKTOP-3CMUNGL.30634.0.v2
counterfactual_gradalign_scalarcf_middle_cfw5e-4,eval_is_std,200,1781295027.827118,0.5873835682868958,tensor,/home/jordan/runs/ardm/counterfactual_gradalign_scalarcf_middle_cfw5e-4/events.out.tfevents.1781252335.DESKTOP-3CMUNGL.30634.0.v2
counterfactual_gradalign_scalarcf_middle_cfw5e-4,eval_nelbo,200,1781294378.526629,3.1298370361328125,tensor,/home/jordan/runs/ardm/counterfactual_gradalign_scalarcf_middle_cfw5e-4/events.out.tfevents.1781252335.DESKTOP-3CMUNGL.30634.0.v2
counterfactual_gradalign_scalarcf_middle_cfw5e-4,eval_nelbo_policy_50,200,1781295198.91255,3.1661581993103027,tensor,/home/jordan/runs/ardm/counterfactual_gradalign_scalarcf_middle_cfw5e-4/events.out.tfevents.1781252335.DESKTOP-3CMUNGL.30634.0.v2
counterfactual_gradalign_scalarcf_middle_cfw5e-4,eval_nelbo_policy_naive,200,1781295156.162794,3.126786470413208,tensor,/home/jordan/runs/ardm/counterfactual_gradalign_scalarcf_middle_cfw5e-4/events.out.tfevents.1781252335.DESKTOP-3CMUNGL.30634.0.v2
counterfactual_gradalign_scalarcf_middle_cfw5e-4,eval_ssim,200,1781295027.827644,0.040894947946071625,tensor,/home/jordan/runs/ardm/counterfactual_gradalign_scalarcf_middle_cfw5e-4/events.out.tfevents.1781252335.DESKTOP-3CMUNGL.30634.0.v2
counterfactual_gradalign_scalarcf_middle_cfw5e-4,fake_mid_feature_mean,200,1781294378.568136,0.002003204310312867,tensor,/home/jordan/runs/ardm/counterfactual_gradalign_scalarcf_middle_cfw5e-4/events.out.tfevents.1781252335.DESKTOP-3CMUNGL.30634.0.v2
counterfactual_gradalign_scalarcf_middle_cfw5e-4,fake_mid_feature_norm,200,1781294378.56463,90.38446044921875,tensor,/home/jordan/runs/ardm/counterfactual_gradalign_scalarcf_middle_cfw5e-4/events.out.tfevents.1781252335.DESKTOP-3CMUNGL.30634.0.v2
counterfactual_gradalign_scalarcf_middle_cfw5e-4,gen_mid_loss,200,1781294378.529941,1.3451213836669922,tensor,/home/jordan/runs/ardm/counterfactual_gradalign_scalarcf_middle_cfw5e-4/events.out.tfevents.1781252335.DESKTOP-3CMUNGL.30634.0.v2
counterfactual_gradalign_scalarcf_middle_cfw5e-4,grad_norm,200,1781294378.525258,5.593571662902832,tensor,/home/jordan/runs/ardm/counterfactual_gradalign_scalarcf_middle_cfw5e-4/events.out.tfevents.1781252335.DESKTOP-3CMUNGL.30634.0.v2
counterfactual_gradalign_scalarcf_middle_cfw5e-4,guidance_progress,200,1781294378.543169,1.0,tensor,/home/jordan/runs/ardm/counterfactual_gradalign_scalarcf_middle_cfw5e-4/events.out.tfevents.1781252335.DESKTOP-3CMUNGL.30634.0.v2
counterfactual_gradalign_scalarcf_middle_cfw5e-4,mask_fraction_observed,200,1781294378.55425,0.4988152086734772,tensor,/home/jordan/runs/ardm/counterfactual_gradalign_scalarcf_middle_cfw5e-4/events.out.tfevents.1781252335.DESKTOP-3CMUNGL.30634.0.v2
counterfactual_gradalign_scalarcf_middle_cfw5e-4,mid_feature_cosine,200,1781294378.567379,0.9368128180503845,tensor,/home/jordan/runs/ardm/counterfactual_gradalign_scalarcf_middle_cfw5e-4/events.out.tfevents.1781252335.DESKTOP-3CMUNGL.30634.0.v2
counterfactual_gradalign_scalarcf_middle_cfw5e-4,real_mid_feature_mean,200,1781294378.569498,-0.03495310992002487,tensor,/home/jordan/runs/ardm/counterfactual_gradalign_scalarcf_middle_cfw5e-4/events.out.tfevents.1781252335.DESKTOP-3CMUNGL.30634.0.v2
counterfactual_gradalign_scalarcf_middle_cfw5e-4,real_mid_feature_norm,200,1781294378.565389,87.85089111328125,tensor,/home/jordan/runs/ardm/counterfactual_gradalign_scalarcf_middle_cfw5e-4/events.out.tfevents.1781252335.DESKTOP-3CMUNGL.30634.0.v2
counterfactual_gradalign_scalarcf_middle_cfw5e-4,reason_mid_loss,200,1781294378.537934,0.06318721920251846,tensor,/home/jordan/runs/ardm/counterfactual_gradalign_scalarcf_middle_cfw5e-4/events.out.tfevents.1781252335.DESKTOP-3CMUNGL.30634.0.v2
counterfactual_gradalign_scalarcf_middle_cfw5e-4,reason_weight_mid,200,1781294378.538993,0.0,tensor,/home/jordan/runs/ardm/counterfactual_gradalign_scalarcf_middle_cfw5e-4/events.out.tfevents.1781252335.DESKTOP-3CMUNGL.30634.0.v2
counterfactual_gradalign_scalarcf_middle_cfw5e-4,train_ce,200,1781294378.52386,0.4473954737186432,tensor,/home/jordan/runs/ardm/counterfactual_gradalign_scalarcf_middle_cfw5e-4/events.out.tfevents.1781252335.DESKTOP-3CMUNGL.30634.0.v2
counterfactual_gradalign_scalarcf_middle_cfw5e-4,train_loss,200,1781294378.51845,3.166980028152466,tensor,/home/jordan/runs/ardm/counterfactual_gradalign_scalarcf_middle_cfw5e-4/events.out.tfevents.1781252335.DESKTOP-3CMUNGL.30634.0.v2
counterfactual_gradalign_scalarcf_middle_cfw5e-4,train_nelbo,200,1781294378.519095,3.166532516479492,tensor,/home/jordan/runs/ardm/counterfactual_gradalign_scalarcf_middle_cfw5e-4/events.out.tfevents.1781252335.DESKTOP-3CMUNGL.30634.0.v2
counterfactual_gradalign_scalarcf_middle_cfw5e-4,train_nelbo_steps_100,200,1781295198.913062,3.1744771003723145,tensor,/home/jordan/runs/ardm/counterfactual_gradalign_scalarcf_middle_cfw5e-4/events.out.tfevents.1781252335.DESKTOP-3CMUNGL.30634.0.v2
counterfactual_gradalign_scalarcf_middle_cfw5e-4,train_nelbo_steps_50,200,1781295198.912918,3.188837766647339,tensor,/home/jordan/runs/ardm/counterfactual_gradalign_scalarcf_middle_cfw5e-4/events.out.tfevents.1781252335.DESKTOP-3CMUNGL.30634.0.v2
counterfactual_scalarcf_middle_cfw1e-4,ardm_grad_norm_raw,200,1781121172.70261,0.0,tensor,/home/jordan/runs/ardm/counterfactual_scalarcf_middle_cfw1e-4/events.out.tfevents.1781082846.DESKTOP-3CMUNGL.670.0.v2
counterfactual_scalarcf_middle_cfw1e-4,ardm_loss,200,1781121172.685513,3.178361654281616,tensor,/home/jordan/runs/ardm/counterfactual_scalarcf_middle_cfw1e-4/events.out.tfevents.1781082846.DESKTOP-3CMUNGL.670.0.v2
counterfactual_scalarcf_middle_cfw1e-4,aux_alignment_factor,200,1781121172.701544,1.0,tensor,/home/jordan/runs/ardm/counterfactual_scalarcf_middle_cfw1e-4/events.out.tfevents.1781082846.DESKTOP-3CMUNGL.670.0.v2
counterfactual_scalarcf_middle_cfw1e-4,aux_grad_cosine,200,1781121172.700421,0.0,tensor,/home/jordan/runs/ardm/counterfactual_scalarcf_middle_cfw1e-4/events.out.tfevents.1781082846.DESKTOP-3CMUNGL.670.0.v2
counterfactual_scalarcf_middle_cfw1e-4,aux_grad_norm_raw,200,1781121172.70316,0.0,tensor,/home/jordan/runs/ardm/counterfactual_scalarcf_middle_cfw1e-4/events.out.tfevents.1781082846.DESKTOP-3CMUNGL.670.0.v2
counterfactual_scalarcf_middle_cfw1e-4,aux_loss,200,1781121172.699929,-9.136337020265728e-09,tensor,/home/jordan/runs/ardm/counterfactual_scalarcf_middle_cfw1e-4/events.out.tfevents.1781082846.DESKTOP-3CMUNGL.670.0.v2
counterfactual_scalarcf_middle_cfw1e-4,cf_mid_delta,200,1781121172.707485,9.137661254499108e-05,tensor,/home/jordan/runs/ardm/counterfactual_scalarcf_middle_cfw1e-4/events.out.tfevents.1781082846.DESKTOP-3CMUNGL.670.0.v2
counterfactual_scalarcf_middle_cfw1e-4,cf_mid_drop_fraction,200,1781121172.710866,0.24912500381469727,tensor,/home/jordan/runs/ardm/counterfactual_scalarcf_middle_cfw1e-4/events.out.tfevents.1781082846.DESKTOP-3CMUNGL.670.0.v2
counterfactual_scalarcf_middle_cfw1e-4,cf_mid_dropped_energy,200,1781121172.708298,1.000860571861267,tensor,/home/jordan/runs/ardm/counterfactual_scalarcf_middle_cfw1e-4/events.out.tfevents.1781082846.DESKTOP-3CMUNGL.670.0.v2
counterfactual_scalarcf_middle_cfw1e-4,cf_mid_loss,200,1781121172.705187,-9.136337030213326e-05,tensor,/home/jordan/runs/ardm/counterfactual_scalarcf_middle_cfw1e-4/events.out.tfevents.1781082846.DESKTOP-3CMUNGL.670.0.v2
counterfactual_scalarcf_middle_cfw1e-4,cf_mid_masked_ardm_loss,200,1781121172.710155,3.178452730178833,tensor,/home/jordan/runs/ardm/counterfactual_scalarcf_middle_cfw1e-4/events.out.tfevents.1781082846.DESKTOP-3CMUNGL.670.0.v2
counterfactual_scalarcf_middle_cfw1e-4,cf_mid_weight,200,1781121172.705881,9.999998292187229e-05,tensor,/home/jordan/runs/ardm/counterfactual_scalarcf_middle_cfw1e-4/events.out.tfevents.1781082846.DESKTOP-3CMUNGL.670.0.v2
counterfactual_scalarcf_middle_cfw1e-4,disc_mid_fake_logits,200,1781121172.690265,-1.7415709495544434,tensor,/home/jordan/runs/ardm/counterfactual_scalarcf_middle_cfw1e-4/events.out.tfevents.1781082846.DESKTOP-3CMUNGL.670.0.v2
counterfactual_scalarcf_middle_cfw1e-4,disc_mid_fake_logits_std,200,1781121172.695468,1.302411675453186,tensor,/home/jordan/runs/ardm/counterfactual_scalarcf_middle_cfw1e-4/events.out.tfevents.1781082846.DESKTOP-3CMUNGL.670.0.v2
counterfactual_scalarcf_middle_cfw1e-4,disc_mid_grad_norm,200,1781121172.697273,14.302682876586914,tensor,/home/jordan/runs/ardm/counterfactual_scalarcf_middle_cfw1e-4/events.out.tfevents.1781082846.DESKTOP-3CMUNGL.670.0.v2
counterfactual_scalarcf_middle_cfw1e-4,disc_mid_logit_abs_mean,200,1781121172.712512,1.9333432912826538,tensor,/home/jordan/runs/ardm/counterfactual_scalarcf_middle_cfw1e-4/events.out.tfevents.1781082846.DESKTOP-3CMUNGL.670.0.v2
counterfactual_scalarcf_middle_cfw1e-4,disc_mid_loss,200,1781121172.687834,0.5452038049697876,tensor,/home/jordan/runs/ardm/counterfactual_scalarcf_middle_cfw1e-4/events.out.tfevents.1781082846.DESKTOP-3CMUNGL.670.0.v2
counterfactual_scalarcf_middle_cfw1e-4,disc_mid_real_logits,200,1781121172.688547,1.795076608657837,tensor,/home/jordan/runs/ardm/counterfactual_scalarcf_middle_cfw1e-4/events.out.tfevents.1781082846.DESKTOP-3CMUNGL.670.0.v2
counterfactual_scalarcf_middle_cfw1e-4,disc_mid_real_logits_std,200,1781121172.69475,1.3577412366867065,tensor,/home/jordan/runs/ardm/counterfactual_scalarcf_middle_cfw1e-4/events.out.tfevents.1781082846.DESKTOP-3CMUNGL.670.0.v2
counterfactual_scalarcf_middle_cfw1e-4,disc_train_factor,200,1781121172.699308,1.0,tensor,/home/jordan/runs/ardm/counterfactual_scalarcf_middle_cfw1e-4/events.out.tfevents.1781082846.DESKTOP-3CMUNGL.670.0.v2
counterfactual_scalarcf_middle_cfw1e-4,disc_weight_mid,200,1781121172.691322,0.0,tensor,/home/jordan/runs/ardm/counterfactual_scalarcf_middle_cfw1e-4/events.out.tfevents.1781082846.DESKTOP-3CMUNGL.670.0.v2
counterfactual_scalarcf_middle_cfw1e-4,eval_fid,200,1781121807.327511,202.67930603027344,tensor,/home/jordan/runs/ardm/counterfactual_scalarcf_middle_cfw1e-4/events.out.tfevents.1781082846.DESKTOP-3CMUNGL.670.0.v2
counterfactual_scalarcf_middle_cfw1e-4,eval_is_mean,200,1781121807.327805,2.947298765182495,tensor,/home/jordan/runs/ardm/counterfactual_scalarcf_middle_cfw1e-4/events.out.tfevents.1781082846.DESKTOP-3CMUNGL.670.0.v2
counterfactual_scalarcf_middle_cfw1e-4,eval_is_std,200,1781121807.328374,0.5638350248336792,tensor,/home/jordan/runs/ardm/counterfactual_scalarcf_middle_cfw1e-4/events.out.tfevents.1781082846.DESKTOP-3CMUNGL.670.0.v2
counterfactual_scalarcf_middle_cfw1e-4,eval_nelbo,200,1781121172.684177,3.141242265701294,tensor,/home/jordan/runs/ardm/counterfactual_scalarcf_middle_cfw1e-4/events.out.tfevents.1781082846.DESKTOP-3CMUNGL.670.0.v2
counterfactual_scalarcf_middle_cfw1e-4,eval_nelbo_policy_50,200,1781121985.214574,3.1738038063049316,tensor,/home/jordan/runs/ardm/counterfactual_scalarcf_middle_cfw1e-4/events.out.tfevents.1781082846.DESKTOP-3CMUNGL.670.0.v2
counterfactual_scalarcf_middle_cfw1e-4,eval_nelbo_policy_naive,200,1781121940.52812,3.1375012397766113,tensor,/home/jordan/runs/ardm/counterfactual_scalarcf_middle_cfw1e-4/events.out.tfevents.1781082846.DESKTOP-3CMUNGL.670.0.v2
counterfactual_scalarcf_middle_cfw1e-4,eval_ssim,200,1781121807.328868,0.029033778235316277,tensor,/home/jordan/runs/ardm/counterfactual_scalarcf_middle_cfw1e-4/events.out.tfevents.1781082846.DESKTOP-3CMUNGL.670.0.v2
counterfactual_scalarcf_middle_cfw1e-4,fake_mid_feature_mean,200,1781121172.715907,0.021794458851218224,tensor,/home/jordan/runs/ardm/counterfactual_scalarcf_middle_cfw1e-4/events.out.tfevents.1781082846.DESKTOP-3CMUNGL.670.0.v2
counterfactual_scalarcf_middle_cfw1e-4,fake_mid_feature_norm,200,1781121172.713222,91.30491638183594,tensor,/home/jordan/runs/ardm/counterfactual_scalarcf_middle_cfw1e-4/events.out.tfevents.1781082846.DESKTOP-3CMUNGL.670.0.v2
counterfactual_scalarcf_middle_cfw1e-4,gen_mid_loss,200,1781121172.686726,1.7415709495544434,tensor,/home/jordan/runs/ardm/counterfactual_scalarcf_middle_cfw1e-4/events.out.tfevents.1781082846.DESKTOP-3CMUNGL.670.0.v2
counterfactual_scalarcf_middle_cfw1e-4,grad_norm,200,1781121172.683323,4.6433281898498535,tensor,/home/jordan/runs/ardm/counterfactual_scalarcf_middle_cfw1e-4/events.out.tfevents.1781082846.DESKTOP-3CMUNGL.670.0.v2
counterfactual_scalarcf_middle_cfw1e-4,guidance_progress,200,1781121172.697811,1.0,tensor,/home/jordan/runs/ardm/counterfactual_scalarcf_middle_cfw1e-4/events.out.tfevents.1781082846.DESKTOP-3CMUNGL.670.0.v2
counterfactual_scalarcf_middle_cfw1e-4,mask_fraction_observed,200,1781121172.704083,0.4988152086734772,tensor,/home/jordan/runs/ardm/counterfactual_scalarcf_middle_cfw1e-4/events.out.tfevents.1781082846.DESKTOP-3CMUNGL.670.0.v2
counterfactual_scalarcf_middle_cfw1e-4,mid_feature_cosine,200,1781121172.715202,0.9371160268783569,tensor,/home/jordan/runs/ardm/counterfactual_scalarcf_middle_cfw1e-4/events.out.tfevents.1781082846.DESKTOP-3CMUNGL.670.0.v2
counterfactual_scalarcf_middle_cfw1e-4,real_mid_feature_mean,200,1781121172.716404,-0.00800651591271162,tensor,/home/jordan/runs/ardm/counterfactual_scalarcf_middle_cfw1e-4/events.out.tfevents.1781082846.DESKTOP-3CMUNGL.670.0.v2
counterfactual_scalarcf_middle_cfw1e-4,real_mid_feature_norm,200,1781121172.713697,88.85043334960938,tensor,/home/jordan/runs/ardm/counterfactual_scalarcf_middle_cfw1e-4/events.out.tfevents.1781082846.DESKTOP-3CMUNGL.670.0.v2
counterfactual_scalarcf_middle_cfw1e-4,reason_mid_loss,200,1781121172.692539,0.06288397312164307,tensor,/home/jordan/runs/ardm/counterfactual_scalarcf_middle_cfw1e-4/events.out.tfevents.1781082846.DESKTOP-3CMUNGL.670.0.v2
counterfactual_scalarcf_middle_cfw1e-4,reason_weight_mid,200,1781121172.693096,0.0,tensor,/home/jordan/runs/ardm/counterfactual_scalarcf_middle_cfw1e-4/events.out.tfevents.1781082846.DESKTOP-3CMUNGL.670.0.v2
counterfactual_scalarcf_middle_cfw1e-4,train_ce,200,1781121172.679262,0.44857272505760193,tensor,/home/jordan/runs/ardm/counterfactual_scalarcf_middle_cfw1e-4/events.out.tfevents.1781082846.DESKTOP-3CMUNGL.670.0.v2
counterfactual_scalarcf_middle_cfw1e-4,train_loss,200,1781121172.67757,3.178361654281616,tensor,/home/jordan/runs/ardm/counterfactual_scalarcf_middle_cfw1e-4/events.out.tfevents.1781082846.DESKTOP-3CMUNGL.670.0.v2
counterfactual_scalarcf_middle_cfw1e-4,train_nelbo,200,1781121172.678782,3.177912712097168,tensor,/home/jordan/runs/ardm/counterfactual_scalarcf_middle_cfw1e-4/events.out.tfevents.1781082846.DESKTOP-3CMUNGL.670.0.v2
counterfactual_scalarcf_middle_cfw1e-4,train_nelbo_steps_100,200,1781121985.215627,3.1855711936950684,tensor,/home/jordan/runs/ardm/counterfactual_scalarcf_middle_cfw1e-4/events.out.tfevents.1781082846.DESKTOP-3CMUNGL.670.0.v2
counterfactual_scalarcf_middle_cfw1e-4,train_nelbo_steps_50,200,1781121985.215476,3.1997196674346924,tensor,/home/jordan/runs/ardm/counterfactual_scalarcf_middle_cfw1e-4/events.out.tfevents.1781082846.DESKTOP-3CMUNGL.670.0.v2
counterfactual_scalarcf_middle_cfw2e-3,ardm_grad_norm_raw,200,1781194895.412104,0.0,tensor,/home/jordan/runs/ardm/counterfactual_scalarcf_middle_cfw2e-3/events.out.tfevents.1781159098.DESKTOP-3CMUNGL.69268.0.v2
counterfactual_scalarcf_middle_cfw2e-3,ardm_loss,200,1781194895.410283,3.1726887226104736,tensor,/home/jordan/runs/ardm/counterfactual_scalarcf_middle_cfw2e-3/events.out.tfevents.1781159098.DESKTOP-3CMUNGL.69268.0.v2
counterfactual_scalarcf_middle_cfw2e-3,aux_alignment_factor,200,1781194895.412029,1.0,tensor,/home/jordan/runs/ardm/counterfactual_scalarcf_middle_cfw2e-3/events.out.tfevents.1781159098.DESKTOP-3CMUNGL.69268.0.v2
counterfactual_scalarcf_middle_cfw2e-3,aux_grad_cosine,200,1781194895.411953,0.0,tensor,/home/jordan/runs/ardm/counterfactual_scalarcf_middle_cfw2e-3/events.out.tfevents.1781159098.DESKTOP-3CMUNGL.69268.0.v2
counterfactual_scalarcf_middle_cfw2e-3,aux_grad_norm_raw,200,1781194895.412178,0.0,tensor,/home/jordan/runs/ardm/counterfactual_scalarcf_middle_cfw2e-3/events.out.tfevents.1781159098.DESKTOP-3CMUNGL.69268.0.v2
counterfactual_scalarcf_middle_cfw2e-3,aux_loss,200,1781194895.411877,-3.2712165420889505e-07,tensor,/home/jordan/runs/ardm/counterfactual_scalarcf_middle_cfw2e-3/events.out.tfevents.1781159098.DESKTOP-3CMUNGL.69268.0.v2
counterfactual_scalarcf_middle_cfw2e-3,cf_mid_delta,200,1781194895.412491,0.00016425331705249846,tensor,/home/jordan/runs/ardm/counterfactual_scalarcf_middle_cfw2e-3/events.out.tfevents.1781159098.DESKTOP-3CMUNGL.69268.0.v2
counterfactual_scalarcf_middle_cfw2e-3,cf_mid_drop_fraction,200,1781194895.413668,0.24912500381469727,tensor,/home/jordan/runs/ardm/counterfactual_scalarcf_middle_cfw2e-3/events.out.tfevents.1781159098.DESKTOP-3CMUNGL.69268.0.v2
counterfactual_scalarcf_middle_cfw2e-3,cf_mid_dropped_energy,200,1781194895.413341,1.0005475282669067,tensor,/home/jordan/runs/ardm/counterfactual_scalarcf_middle_cfw2e-3/events.out.tfevents.1781159098.DESKTOP-3CMUNGL.69268.0.v2
counterfactual_scalarcf_middle_cfw2e-3,cf_mid_loss,200,1781194895.412339,-0.0001635608059586957,tensor,/home/jordan/runs/ardm/counterfactual_scalarcf_middle_cfw2e-3/events.out.tfevents.1781159098.DESKTOP-3CMUNGL.69268.0.v2
counterfactual_scalarcf_middle_cfw2e-3,cf_mid_masked_ardm_loss,200,1781194895.413521,3.1728527545928955,tensor,/home/jordan/runs/ardm/counterfactual_scalarcf_middle_cfw2e-3/events.out.tfevents.1781159098.DESKTOP-3CMUNGL.69268.0.v2
counterfactual_scalarcf_middle_cfw2e-3,cf_mid_weight,200,1781194895.412414,0.0020000000949949026,tensor,/home/jordan/runs/ardm/counterfactual_scalarcf_middle_cfw2e-3/events.out.tfevents.1781159098.DESKTOP-3CMUNGL.69268.0.v2
counterfactual_scalarcf_middle_cfw2e-3,disc_mid_fake_logits,200,1781194895.411072,-1.49832284450531,tensor,/home/jordan/runs/ardm/counterfactual_scalarcf_middle_cfw2e-3/events.out.tfevents.1781159098.DESKTOP-3CMUNGL.69268.0.v2
counterfactual_scalarcf_middle_cfw2e-3,disc_mid_fake_logits_std,200,1781194895.411568,0.9874158501625061,tensor,/home/jordan/runs/ardm/counterfactual_scalarcf_middle_cfw2e-3/events.out.tfevents.1781159098.DESKTOP-3CMUNGL.69268.0.v2
counterfactual_scalarcf_middle_cfw2e-3,disc_mid_grad_norm,200,1781194895.411646,16.04877281188965,tensor,/home/jordan/runs/ardm/counterfactual_scalarcf_middle_cfw2e-3/events.out.tfevents.1781159098.DESKTOP-3CMUNGL.69268.0.v2
counterfactual_scalarcf_middle_cfw2e-3,disc_mid_logit_abs_mean,200,1781194895.420735,1.7029128074645996,tensor,/home/jordan/runs/ardm/counterfactual_scalarcf_middle_cfw2e-3/events.out.tfevents.1781159098.DESKTOP-3CMUNGL.69268.0.v2
counterfactual_scalarcf_middle_cfw2e-3,disc_mid_loss,200,1781194895.41044,0.4852663278579712,tensor,/home/jordan/runs/ardm/counterfactual_scalarcf_middle_cfw2e-3/events.out.tfevents.1781159098.DESKTOP-3CMUNGL.69268.0.v2
counterfactual_scalarcf_middle_cfw2e-3,disc_mid_real_logits,200,1781194895.410519,1.5868251323699951,tensor,/home/jordan/runs/ardm/counterfactual_scalarcf_middle_cfw2e-3/events.out.tfevents.1781159098.DESKTOP-3CMUNGL.69268.0.v2
counterfactual_scalarcf_middle_cfw2e-3,disc_mid_real_logits_std,200,1781194895.411487,1.040405511856079,tensor,/home/jordan/runs/ardm/counterfactual_scalarcf_middle_cfw2e-3/events.out.tfevents.1781159098.DESKTOP-3CMUNGL.69268.0.v2
counterfactual_scalarcf_middle_cfw2e-3,disc_train_factor,200,1781194895.4118,1.0,tensor,/home/jordan/runs/ardm/counterfactual_scalarcf_middle_cfw2e-3/events.out.tfevents.1781159098.DESKTOP-3CMUNGL.69268.0.v2
counterfactual_scalarcf_middle_cfw2e-3,disc_weight_mid,200,1781194895.411209,0.0,tensor,/home/jordan/runs/ardm/counterfactual_scalarcf_middle_cfw2e-3/events.out.tfevents.1781159098.DESKTOP-3CMUNGL.69268.0.v2
counterfactual_scalarcf_middle_cfw2e-3,eval_fid,200,1781195430.290371,210.33995056152344,tensor,/home/jordan/runs/ardm/counterfactual_scalarcf_middle_cfw2e-3/events.out.tfevents.1781159098.DESKTOP-3CMUNGL.69268.0.v2
counterfactual_scalarcf_middle_cfw2e-3,eval_is_mean,200,1781195430.290946,2.870393991470337,tensor,/home/jordan/runs/ardm/counterfactual_scalarcf_middle_cfw2e-3/events.out.tfevents.1781159098.DESKTOP-3CMUNGL.69268.0.v2
counterfactual_scalarcf_middle_cfw2e-3,eval_is_std,200,1781195430.29151,0.43204399943351746,tensor,/home/jordan/runs/ardm/counterfactual_scalarcf_middle_cfw2e-3/events.out.tfevents.1781159098.DESKTOP-3CMUNGL.69268.0.v2
counterfactual_scalarcf_middle_cfw2e-3,eval_nelbo,200,1781194895.410202,3.137937545776367,tensor,/home/jordan/runs/ardm/counterfactual_scalarcf_middle_cfw2e-3/events.out.tfevents.1781159098.DESKTOP-3CMUNGL.69268.0.v2
counterfactual_scalarcf_middle_cfw2e-3,eval_nelbo_policy_50,200,1781195578.876211,3.1730246543884277,tensor,/home/jordan/runs/ardm/counterfactual_scalarcf_middle_cfw2e-3/events.out.tfevents.1781159098.DESKTOP-3CMUNGL.69268.0.v2
counterfactual_scalarcf_middle_cfw2e-3,eval_nelbo_policy_naive,200,1781195542.229481,3.134300470352173,tensor,/home/jordan/runs/ardm/counterfactual_scalarcf_middle_cfw2e-3/events.out.tfevents.1781159098.DESKTOP-3CMUNGL.69268.0.v2
counterfactual_scalarcf_middle_cfw2e-3,eval_ssim,200,1781195430.291628,0.03647284954786301,tensor,/home/jordan/runs/ardm/counterfactual_scalarcf_middle_cfw2e-3/events.out.tfevents.1781159098.DESKTOP-3CMUNGL.69268.0.v2
counterfactual_scalarcf_middle_cfw2e-3,fake_mid_feature_mean,200,1781194895.42626,0.1837838739156723,tensor,/home/jordan/runs/ardm/counterfactual_scalarcf_middle_cfw2e-3/events.out.tfevents.1781159098.DESKTOP-3CMUNGL.69268.0.v2
counterfactual_scalarcf_middle_cfw2e-3,fake_mid_feature_norm,200,1781194895.422452,92.22852325439453,tensor,/home/jordan/runs/ardm/counterfactual_scalarcf_middle_cfw2e-3/events.out.tfevents.1781159098.DESKTOP-3CMUNGL.69268.0.v2
counterfactual_scalarcf_middle_cfw2e-3,gen_mid_loss,200,1781194895.410362,1.49832284450531,tensor,/home/jordan/runs/ardm/counterfactual_scalarcf_middle_cfw2e-3/events.out.tfevents.1781159098.DESKTOP-3CMUNGL.69268.0.v2
counterfactual_scalarcf_middle_cfw2e-3,grad_norm,200,1781194895.41012,5.007984161376953,tensor,/home/jordan/runs/ardm/counterfactual_scalarcf_middle_cfw2e-3/events.out.tfevents.1781159098.DESKTOP-3CMUNGL.69268.0.v2
counterfactual_scalarcf_middle_cfw2e-3,guidance_progress,200,1781194895.411722,1.0,tensor,/home/jordan/runs/ardm/counterfactual_scalarcf_middle_cfw2e-3/events.out.tfevents.1781159098.DESKTOP-3CMUNGL.69268.0.v2
counterfactual_scalarcf_middle_cfw2e-3,mask_fraction_observed,200,1781194895.412265,0.4988152086734772,tensor,/home/jordan/runs/ardm/counterfactual_scalarcf_middle_cfw2e-3/events.out.tfevents.1781159098.DESKTOP-3CMUNGL.69268.0.v2
counterfactual_scalarcf_middle_cfw2e-3,mid_feature_cosine,200,1781194895.426079,0.9379756450653076,tensor,/home/jordan/runs/ardm/counterfactual_scalarcf_middle_cfw2e-3/events.out.tfevents.1781159098.DESKTOP-3CMUNGL.69268.0.v2
counterfactual_scalarcf_middle_cfw2e-3,real_mid_feature_mean,200,1781194895.426364,0.14772775769233704,tensor,/home/jordan/runs/ardm/counterfactual_scalarcf_middle_cfw2e-3/events.out.tfevents.1781159098.DESKTOP-3CMUNGL.69268.0.v2
counterfactual_scalarcf_middle_cfw2e-3,real_mid_feature_norm,200,1781194895.42389,89.63964080810547,tensor,/home/jordan/runs/ardm/counterfactual_scalarcf_middle_cfw2e-3/events.out.tfevents.1781159098.DESKTOP-3CMUNGL.69268.0.v2
counterfactual_scalarcf_middle_cfw2e-3,reason_mid_loss,200,1781194895.4113,0.062024399638175964,tensor,/home/jordan/runs/ardm/counterfactual_scalarcf_middle_cfw2e-3/events.out.tfevents.1781159098.DESKTOP-3CMUNGL.69268.0.v2
counterfactual_scalarcf_middle_cfw2e-3,reason_weight_mid,200,1781194895.411404,0.0,tensor,/home/jordan/runs/ardm/counterfactual_scalarcf_middle_cfw2e-3/events.out.tfevents.1781159098.DESKTOP-3CMUNGL.69268.0.v2
counterfactual_scalarcf_middle_cfw2e-3,train_ce,200,1781194895.410031,0.4480593800544739,tensor,/home/jordan/runs/ardm/counterfactual_scalarcf_middle_cfw2e-3/events.out.tfevents.1781159098.DESKTOP-3CMUNGL.69268.0.v2
counterfactual_scalarcf_middle_cfw2e-3,train_loss,200,1781194895.407673,3.1726880073547363,tensor,/home/jordan/runs/ardm/counterfactual_scalarcf_middle_cfw2e-3/events.out.tfevents.1781159098.DESKTOP-3CMUNGL.69268.0.v2
counterfactual_scalarcf_middle_cfw2e-3,train_nelbo,200,1781194895.409916,3.172240734100342,tensor,/home/jordan/runs/ardm/counterfactual_scalarcf_middle_cfw2e-3/events.out.tfevents.1781159098.DESKTOP-3CMUNGL.69268.0.v2
counterfactual_scalarcf_middle_cfw2e-3,train_nelbo_steps_100,200,1781195578.876659,3.1824376583099365,tensor,/home/jordan/runs/ardm/counterfactual_scalarcf_middle_cfw2e-3/events.out.tfevents.1781159098.DESKTOP-3CMUNGL.69268.0.v2
counterfactual_scalarcf_middle_cfw2e-3,train_nelbo_steps_50,200,1781195578.876542,3.196600914001465,tensor,/home/jordan/runs/ardm/counterfactual_scalarcf_middle_cfw2e-3/events.out.tfevents.1781159098.DESKTOP-3CMUNGL.69268.0.v2
counterfactual_scalarcf_middle_cfw5e-4,ardm_grad_norm_raw,200,1781158380.878066,0.0,tensor,/home/jordan/runs/ardm/counterfactual_scalarcf_middle_cfw5e-4/events.out.tfevents.1781122013.DESKTOP-3CMUNGL.35511.0.v2
counterfactual_scalarcf_middle_cfw5e-4,ardm_loss,200,1781158380.861369,3.1683719158172607,tensor,/home/jordan/runs/ardm/counterfactual_scalarcf_middle_cfw5e-4/events.out.tfevents.1781122013.DESKTOP-3CMUNGL.35511.0.v2
counterfactual_scalarcf_middle_cfw5e-4,aux_alignment_factor,200,1781158380.876758,1.0,tensor,/home/jordan/runs/ardm/counterfactual_scalarcf_middle_cfw5e-4/events.out.tfevents.1781122013.DESKTOP-3CMUNGL.35511.0.v2
counterfactual_scalarcf_middle_cfw5e-4,aux_grad_cosine,200,1781158380.875818,0.0,tensor,/home/jordan/runs/ardm/counterfactual_scalarcf_middle_cfw5e-4/events.out.tfevents.1781122013.DESKTOP-3CMUNGL.35511.0.v2
counterfactual_scalarcf_middle_cfw5e-4,aux_grad_norm_raw,200,1781158380.878607,0.0,tensor,/home/jordan/runs/ardm/counterfactual_scalarcf_middle_cfw5e-4/events.out.tfevents.1781122013.DESKTOP-3CMUNGL.35511.0.v2
counterfactual_scalarcf_middle_cfw5e-4,aux_loss,200,1781158380.875298,-7.102205756837066e-08,tensor,/home/jordan/runs/ardm/counterfactual_scalarcf_middle_cfw5e-4/events.out.tfevents.1781122013.DESKTOP-3CMUNGL.35511.0.v2
counterfactual_scalarcf_middle_cfw5e-4,cf_mid_delta,200,1781158380.883321,0.00014131855277810246,tensor,/home/jordan/runs/ardm/counterfactual_scalarcf_middle_cfw5e-4/events.out.tfevents.1781122013.DESKTOP-3CMUNGL.35511.0.v2
counterfactual_scalarcf_middle_cfw5e-4,cf_mid_drop_fraction,200,1781158380.886211,0.24912500381469727,tensor,/home/jordan/runs/ardm/counterfactual_scalarcf_middle_cfw5e-4/events.out.tfevents.1781122013.DESKTOP-3CMUNGL.35511.0.v2
counterfactual_scalarcf_middle_cfw5e-4,cf_mid_dropped_energy,200,1781158380.883913,0.9989184141159058,tensor,/home/jordan/runs/ardm/counterfactual_scalarcf_middle_cfw5e-4/events.out.tfevents.1781122013.DESKTOP-3CMUNGL.35511.0.v2
counterfactual_scalarcf_middle_cfw5e-4,cf_mid_loss,200,1781158380.88104,-0.00014204411127138883,tensor,/home/jordan/runs/ardm/counterfactual_scalarcf_middle_cfw5e-4/events.out.tfevents.1781122013.DESKTOP-3CMUNGL.35511.0.v2
counterfactual_scalarcf_middle_cfw5e-4,cf_mid_masked_ardm_loss,200,1781158380.885587,3.168513059616089,tensor,/home/jordan/runs/ardm/counterfactual_scalarcf_middle_cfw5e-4/events.out.tfevents.1781122013.DESKTOP-3CMUNGL.35511.0.v2
counterfactual_scalarcf_middle_cfw5e-4,cf_mid_weight,200,1781158380.88208,0.0005000000237487257,tensor,/home/jordan/runs/ardm/counterfactual_scalarcf_middle_cfw5e-4/events.out.tfevents.1781122013.DESKTOP-3CMUNGL.35511.0.v2
counterfactual_scalarcf_middle_cfw5e-4,disc_mid_fake_logits,200,1781158380.865102,-1.4734221696853638,tensor,/home/jordan/runs/ardm/counterfactual_scalarcf_middle_cfw5e-4/events.out.tfevents.1781122013.DESKTOP-3CMUNGL.35511.0.v2
counterfactual_scalarcf_middle_cfw5e-4,disc_mid_fake_logits_std,200,1781158380.870876,0.877529501914978,tensor,/home/jordan/runs/ardm/counterfactual_scalarcf_middle_cfw5e-4/events.out.tfevents.1781122013.DESKTOP-3CMUNGL.35511.0.v2
counterfactual_scalarcf_middle_cfw5e-4,disc_mid_grad_norm,200,1781158380.872312,15.397577285766602,tensor,/home/jordan/runs/ardm/counterfactual_scalarcf_middle_cfw5e-4/events.out.tfevents.1781122013.DESKTOP-3CMUNGL.35511.0.v2
counterfactual_scalarcf_middle_cfw5e-4,disc_mid_logit_abs_mean,200,1781158380.887879,1.686284065246582,tensor,/home/jordan/runs/ardm/counterfactual_scalarcf_middle_cfw5e-4/events.out.tfevents.1781122013.DESKTOP-3CMUNGL.35511.0.v2
counterfactual_scalarcf_middle_cfw5e-4,disc_mid_loss,200,1781158380.86384,0.43446582555770874,tensor,/home/jordan/runs/ardm/counterfactual_scalarcf_middle_cfw5e-4/events.out.tfevents.1781122013.DESKTOP-3CMUNGL.35511.0.v2
counterfactual_scalarcf_middle_cfw5e-4,disc_mid_real_logits,200,1781158380.86452,1.6150434017181396,tensor,/home/jordan/runs/ardm/counterfactual_scalarcf_middle_cfw5e-4/events.out.tfevents.1781122013.DESKTOP-3CMUNGL.35511.0.v2
counterfactual_scalarcf_middle_cfw5e-4,disc_mid_real_logits_std,200,1781158380.869811,0.9836940765380859,tensor,/home/jordan/runs/ardm/counterfactual_scalarcf_middle_cfw5e-4/events.out.tfevents.1781122013.DESKTOP-3CMUNGL.35511.0.v2
counterfactual_scalarcf_middle_cfw5e-4,disc_train_factor,200,1781158380.874561,1.0,tensor,/home/jordan/runs/ardm/counterfactual_scalarcf_middle_cfw5e-4/events.out.tfevents.1781122013.DESKTOP-3CMUNGL.35511.0.v2
counterfactual_scalarcf_middle_cfw5e-4,disc_weight_mid,200,1781158380.86668,0.0,tensor,/home/jordan/runs/ardm/counterfactual_scalarcf_middle_cfw5e-4/events.out.tfevents.1781122013.DESKTOP-3CMUNGL.35511.0.v2
counterfactual_scalarcf_middle_cfw5e-4,eval_fid,200,1781158913.19062,208.81124877929688,tensor,/home/jordan/runs/ardm/counterfactual_scalarcf_middle_cfw5e-4/events.out.tfevents.1781122013.DESKTOP-3CMUNGL.35511.0.v2
counterfactual_scalarcf_middle_cfw5e-4,eval_is_mean,200,1781158913.190919,2.7694485187530518,tensor,/home/jordan/runs/ardm/counterfactual_scalarcf_middle_cfw5e-4/events.out.tfevents.1781122013.DESKTOP-3CMUNGL.35511.0.v2
counterfactual_scalarcf_middle_cfw5e-4,eval_is_std,200,1781158913.191297,0.38822615146636963,tensor,/home/jordan/runs/ardm/counterfactual_scalarcf_middle_cfw5e-4/events.out.tfevents.1781122013.DESKTOP-3CMUNGL.35511.0.v2
counterfactual_scalarcf_middle_cfw5e-4,eval_nelbo,200,1781158380.860648,3.1357758045196533,tensor,/home/jordan/runs/ardm/counterfactual_scalarcf_middle_cfw5e-4/events.out.tfevents.1781122013.DESKTOP-3CMUNGL.35511.0.v2
counterfactual_scalarcf_middle_cfw5e-4,eval_nelbo_policy_50,200,1781159060.988877,3.166828155517578,tensor,/home/jordan/runs/ardm/counterfactual_scalarcf_middle_cfw5e-4/events.out.tfevents.1781122013.DESKTOP-3CMUNGL.35511.0.v2
counterfactual_scalarcf_middle_cfw5e-4,eval_nelbo_policy_naive,200,1781159024.716811,3.1321239471435547,tensor,/home/jordan/runs/ardm/counterfactual_scalarcf_middle_cfw5e-4/events.out.tfevents.1781122013.DESKTOP-3CMUNGL.35511.0.v2
counterfactual_scalarcf_middle_cfw5e-4,eval_ssim,200,1781158913.191976,0.046553242951631546,tensor,/home/jordan/runs/ardm/counterfactual_scalarcf_middle_cfw5e-4/events.out.tfevents.1781122013.DESKTOP-3CMUNGL.35511.0.v2
counterfactual_scalarcf_middle_cfw5e-4,fake_mid_feature_mean,200,1781158380.893198,-0.1419435292482376,tensor,/home/jordan/runs/ardm/counterfactual_scalarcf_middle_cfw5e-4/events.out.tfevents.1781122013.DESKTOP-3CMUNGL.35511.0.v2
counterfactual_scalarcf_middle_cfw5e-4,fake_mid_feature_norm,200,1781158380.888792,95.21143341064453,tensor,/home/jordan/runs/ardm/counterfactual_scalarcf_middle_cfw5e-4/events.out.tfevents.1781122013.DESKTOP-3CMUNGL.35511.0.v2
counterfactual_scalarcf_middle_cfw5e-4,gen_mid_loss,200,1781158380.861982,1.4734221696853638,tensor,/home/jordan/runs/ardm/counterfactual_scalarcf_middle_cfw5e-4/events.out.tfevents.1781122013.DESKTOP-3CMUNGL.35511.0.v2
counterfactual_scalarcf_middle_cfw5e-4,grad_norm,200,1781158380.859161,4.8836870193481445,tensor,/home/jordan/runs/ardm/counterfactual_scalarcf_middle_cfw5e-4/events.out.tfevents.1781122013.DESKTOP-3CMUNGL.35511.0.v2
counterfactual_scalarcf_middle_cfw5e-4,guidance_progress,200,1781158380.873469,1.0,tensor,/home/jordan/runs/ardm/counterfactual_scalarcf_middle_cfw5e-4/events.out.tfevents.1781122013.DESKTOP-3CMUNGL.35511.0.v2
counterfactual_scalarcf_middle_cfw5e-4,mask_fraction_observed,200,1781158380.879626,0.4988152086734772,tensor,/home/jordan/runs/ardm/counterfactual_scalarcf_middle_cfw5e-4/events.out.tfevents.1781122013.DESKTOP-3CMUNGL.35511.0.v2
counterfactual_scalarcf_middle_cfw5e-4,mid_feature_cosine,200,1781158380.891559,0.9394432306289673,tensor,/home/jordan/runs/ardm/counterfactual_scalarcf_middle_cfw5e-4/events.out.tfevents.1781122013.DESKTOP-3CMUNGL.35511.0.v2
counterfactual_scalarcf_middle_cfw5e-4,real_mid_feature_mean,200,1781158380.893957,-0.17098362743854523,tensor,/home/jordan/runs/ardm/counterfactual_scalarcf_middle_cfw5e-4/events.out.tfevents.1781122013.DESKTOP-3CMUNGL.35511.0.v2
counterfactual_scalarcf_middle_cfw5e-4,real_mid_feature_norm,200,1781158380.890179,93.54837799072266,tensor,/home/jordan/runs/ardm/counterfactual_scalarcf_middle_cfw5e-4/events.out.tfevents.1781122013.DESKTOP-3CMUNGL.35511.0.v2
counterfactual_scalarcf_middle_cfw5e-4,reason_mid_loss,200,1781158380.867551,0.06055677682161331,tensor,/home/jordan/runs/ardm/counterfactual_scalarcf_middle_cfw5e-4/events.out.tfevents.1781122013.DESKTOP-3CMUNGL.35511.0.v2
counterfactual_scalarcf_middle_cfw5e-4,reason_weight_mid,200,1781158380.869211,0.0,tensor,/home/jordan/runs/ardm/counterfactual_scalarcf_middle_cfw5e-4/events.out.tfevents.1781122013.DESKTOP-3CMUNGL.35511.0.v2
counterfactual_scalarcf_middle_cfw5e-4,train_ce,200,1781158380.858312,0.4479551613330841,tensor,/home/jordan/runs/ardm/counterfactual_scalarcf_middle_cfw5e-4/events.out.tfevents.1781122013.DESKTOP-3CMUNGL.35511.0.v2
counterfactual_scalarcf_middle_cfw5e-4,train_loss,200,1781158380.853143,3.1683719158172607,tensor,/home/jordan/runs/ardm/counterfactual_scalarcf_middle_cfw5e-4/events.out.tfevents.1781122013.DESKTOP-3CMUNGL.35511.0.v2
counterfactual_scalarcf_middle_cfw5e-4,train_nelbo,200,1781158380.854443,3.16792368888855,tensor,/home/jordan/runs/ardm/counterfactual_scalarcf_middle_cfw5e-4/events.out.tfevents.1781122013.DESKTOP-3CMUNGL.35511.0.v2
counterfactual_scalarcf_middle_cfw5e-4,train_nelbo_steps_100,200,1781159060.989439,3.179176092147827,tensor,/home/jordan/runs/ardm/counterfactual_scalarcf_middle_cfw5e-4/events.out.tfevents.1781122013.DESKTOP-3CMUNGL.35511.0.v2
counterfactual_scalarcf_middle_cfw5e-4,train_nelbo_steps_50,200,1781159060.989205,3.1934590339660645,tensor,/home/jordan/runs/ardm/counterfactual_scalarcf_middle_cfw5e-4/events.out.tfevents.1781122013.DESKTOP-3CMUNGL.35511.0.v2
counterfactual_utilitycf_middle_cfw1e-4,ardm_grad_norm_raw,200,1781393389.17213,0.0,tensor,/home/jordan/runs/ardm/counterfactual_utilitycf_middle_cfw1e-4/events.out.tfevents.1781355614.DESKTOP-3CMUNGL.163593.0.v2
counterfactual_utilitycf_middle_cfw1e-4,ardm_loss,200,1781393389.153977,3.1686477661132812,tensor,/home/jordan/runs/ardm/counterfactual_utilitycf_middle_cfw1e-4/events.out.tfevents.1781355614.DESKTOP-3CMUNGL.163593.0.v2
counterfactual_utilitycf_middle_cfw1e-4,aux_alignment_factor,200,1781393389.171321,1.0,tensor,/home/jordan/runs/ardm/counterfactual_utilitycf_middle_cfw1e-4/events.out.tfevents.1781355614.DESKTOP-3CMUNGL.163593.0.v2
counterfactual_utilitycf_middle_cfw1e-4,aux_grad_cosine,200,1781393389.169756,0.0,tensor,/home/jordan/runs/ardm/counterfactual_utilitycf_middle_cfw1e-4/events.out.tfevents.1781355614.DESKTOP-3CMUNGL.163593.0.v2
counterfactual_utilitycf_middle_cfw1e-4,aux_grad_norm_raw,200,1781393389.174195,0.0,tensor,/home/jordan/runs/ardm/counterfactual_utilitycf_middle_cfw1e-4/events.out.tfevents.1781355614.DESKTOP-3CMUNGL.163593.0.v2
counterfactual_utilitycf_middle_cfw1e-4,aux_loss,200,1781393389.169158,-2.4830289930832805e-06,tensor,/home/jordan/runs/ardm/counterfactual_utilitycf_middle_cfw1e-4/events.out.tfevents.1781355614.DESKTOP-3CMUNGL.163593.0.v2
counterfactual_utilitycf_middle_cfw1e-4,cf_mid_delta,200,1781393389.178001,4.280075154383667e-05,tensor,/home/jordan/runs/ardm/counterfactual_utilitycf_middle_cfw1e-4/events.out.tfevents.1781355614.DESKTOP-3CMUNGL.163593.0.v2
counterfactual_utilitycf_middle_cfw1e-4,cf_mid_delta_baseline,200,1781393389.188991,4.049510971526615e-05,tensor,/home/jordan/runs/ardm/counterfactual_utilitycf_middle_cfw1e-4/events.out.tfevents.1781355614.DESKTOP-3CMUNGL.163593.0.v2
counterfactual_utilitycf_middle_cfw1e-4,cf_mid_drop_fraction,200,1781393389.181252,0.12531499564647675,tensor,/home/jordan/runs/ardm/counterfactual_utilitycf_middle_cfw1e-4/events.out.tfevents.1781355614.DESKTOP-3CMUNGL.163593.0.v2
counterfactual_utilitycf_middle_cfw1e-4,cf_mid_dropped_energy,200,1781393389.179649,0.9955011010169983,tensor,/home/jordan/runs/ardm/counterfactual_utilitycf_middle_cfw1e-4/events.out.tfevents.1781355614.DESKTOP-3CMUNGL.163593.0.v2
counterfactual_utilitycf_middle_cfw1e-4,cf_mid_harmful_weight_mean,200,1781393389.185998,0.4706273376941681,tensor,/home/jordan/runs/ardm/counterfactual_utilitycf_middle_cfw1e-4/events.out.tfevents.1781355614.DESKTOP-3CMUNGL.163593.0.v2
counterfactual_utilitycf_middle_cfw1e-4,cf_mid_loss,200,1781393389.17654,-0.024830292910337448,tensor,/home/jordan/runs/ardm/counterfactual_utilitycf_middle_cfw1e-4/events.out.tfevents.1781355614.DESKTOP-3CMUNGL.163593.0.v2
counterfactual_utilitycf_middle_cfw1e-4,cf_mid_masked_ardm_loss,200,1781393389.180509,3.1686906814575195,tensor,/home/jordan/runs/ardm/counterfactual_utilitycf_middle_cfw1e-4/events.out.tfevents.1781355614.DESKTOP-3CMUNGL.163593.0.v2
counterfactual_utilitycf_middle_cfw1e-4,cf_mid_useful_weight_mean,200,1781393389.184278,0.4718610942363739,tensor,/home/jordan/runs/ardm/counterfactual_utilitycf_middle_cfw1e-4/events.out.tfevents.1781355614.DESKTOP-3CMUNGL.163593.0.v2
counterfactual_utilitycf_middle_cfw1e-4,cf_mid_utility_abs_mean,200,1781393389.182308,9.683866665000096e-05,tensor,/home/jordan/runs/ardm/counterfactual_utilitycf_middle_cfw1e-4/events.out.tfevents.1781355614.DESKTOP-3CMUNGL.163593.0.v2
counterfactual_utilitycf_middle_cfw1e-4,cf_mid_utility_max,200,1781393389.186697,0.0003432811063248664,tensor,/home/jordan/runs/ardm/counterfactual_utilitycf_middle_cfw1e-4/events.out.tfevents.1781355614.DESKTOP-3CMUNGL.163593.0.v2
counterfactual_utilitycf_middle_cfw1e-4,cf_mid_utility_min,200,1781393389.187301,-0.0003166769747622311,tensor,/home/jordan/runs/ardm/counterfactual_utilitycf_middle_cfw1e-4/events.out.tfevents.1781355614.DESKTOP-3CMUNGL.163593.0.v2
counterfactual_utilitycf_middle_cfw1e-4,cf_mid_utility_pos_frac,200,1781393389.183567,0.50621497631073,tensor,/home/jordan/runs/ardm/counterfactual_utilitycf_middle_cfw1e-4/events.out.tfevents.1781355614.DESKTOP-3CMUNGL.163593.0.v2
counterfactual_utilitycf_middle_cfw1e-4,cf_mid_weight,200,1781393389.177414,9.999998292187229e-05,tensor,/home/jordan/runs/ardm/counterfactual_utilitycf_middle_cfw1e-4/events.out.tfevents.1781355614.DESKTOP-3CMUNGL.163593.0.v2
counterfactual_utilitycf_middle_cfw1e-4,disc_mid_fake_logits,200,1781393389.157839,-1.5702414512634277,tensor,/home/jordan/runs/ardm/counterfactual_utilitycf_middle_cfw1e-4/events.out.tfevents.1781355614.DESKTOP-3CMUNGL.163593.0.v2
counterfactual_utilitycf_middle_cfw1e-4,disc_mid_fake_logits_std,200,1781393389.163722,1.0394617319107056,tensor,/home/jordan/runs/ardm/counterfactual_utilitycf_middle_cfw1e-4/events.out.tfevents.1781355614.DESKTOP-3CMUNGL.163593.0.v2
counterfactual_utilitycf_middle_cfw1e-4,disc_mid_grad_norm,200,1781393389.165654,14.756444931030273,tensor,/home/jordan/runs/ardm/counterfactual_utilitycf_middle_cfw1e-4/events.out.tfevents.1781355614.DESKTOP-3CMUNGL.163593.0.v2
counterfactual_utilitycf_middle_cfw1e-4,disc_mid_logit_abs_mean,200,1781393389.189816,1.7333346605300903,tensor,/home/jordan/runs/ardm/counterfactual_utilitycf_middle_cfw1e-4/events.out.tfevents.1781355614.DESKTOP-3CMUNGL.163593.0.v2
counterfactual_utilitycf_middle_cfw1e-4,disc_mid_loss,200,1781393389.155571,0.4946712553501129,tensor,/home/jordan/runs/ardm/counterfactual_utilitycf_middle_cfw1e-4/events.out.tfevents.1781355614.DESKTOP-3CMUNGL.163593.0.v2
counterfactual_utilitycf_middle_cfw1e-4,disc_mid_real_logits,200,1781393389.156534,1.5784367322921753,tensor,/home/jordan/runs/ardm/counterfactual_utilitycf_middle_cfw1e-4/events.out.tfevents.1781355614.DESKTOP-3CMUNGL.163593.0.v2
counterfactual_utilitycf_middle_cfw1e-4,disc_mid_real_logits_std,200,1781393389.163116,1.0429964065551758,tensor,/home/jordan/runs/ardm/counterfactual_utilitycf_middle_cfw1e-4/events.out.tfevents.1781355614.DESKTOP-3CMUNGL.163593.0.v2
counterfactual_utilitycf_middle_cfw1e-4,disc_train_factor,200,1781393389.168587,1.0,tensor,/home/jordan/runs/ardm/counterfactual_utilitycf_middle_cfw1e-4/events.out.tfevents.1781355614.DESKTOP-3CMUNGL.163593.0.v2
counterfactual_utilitycf_middle_cfw1e-4,disc_weight_mid,200,1781393389.159789,0.0,tensor,/home/jordan/runs/ardm/counterfactual_utilitycf_middle_cfw1e-4/events.out.tfevents.1781355614.DESKTOP-3CMUNGL.163593.0.v2
counterfactual_utilitycf_middle_cfw1e-4,eval_fid,200,1781393920.803349,203.983642578125,tensor,/home/jordan/runs/ardm/counterfactual_utilitycf_middle_cfw1e-4/events.out.tfevents.1781355614.DESKTOP-3CMUNGL.163593.0.v2
counterfactual_utilitycf_middle_cfw1e-4,eval_is_mean,200,1781393920.803974,2.817131757736206,tensor,/home/jordan/runs/ardm/counterfactual_utilitycf_middle_cfw1e-4/events.out.tfevents.1781355614.DESKTOP-3CMUNGL.163593.0.v2
counterfactual_utilitycf_middle_cfw1e-4,eval_is_std,200,1781393920.804691,0.4380500018596649,tensor,/home/jordan/runs/ardm/counterfactual_utilitycf_middle_cfw1e-4/events.out.tfevents.1781355614.DESKTOP-3CMUNGL.163593.0.v2
counterfactual_utilitycf_middle_cfw1e-4,eval_nelbo,200,1781393389.148858,3.135981559753418,tensor,/home/jordan/runs/ardm/counterfactual_utilitycf_middle_cfw1e-4/events.out.tfevents.1781355614.DESKTOP-3CMUNGL.163593.0.v2
counterfactual_utilitycf_middle_cfw1e-4,eval_nelbo_policy_50,200,1781394069.168415,3.1702260971069336,tensor,/home/jordan/runs/ardm/counterfactual_utilitycf_middle_cfw1e-4/events.out.tfevents.1781355614.DESKTOP-3CMUNGL.163593.0.v2
counterfactual_utilitycf_middle_cfw1e-4,eval_nelbo_policy_naive,200,1781394032.466792,3.13278865814209,tensor,/home/jordan/runs/ardm/counterfactual_utilitycf_middle_cfw1e-4/events.out.tfevents.1781355614.DESKTOP-3CMUNGL.163593.0.v2
counterfactual_utilitycf_middle_cfw1e-4,eval_ssim,200,1781393920.805209,0.045802220702171326,tensor,/home/jordan/runs/ardm/counterfactual_utilitycf_middle_cfw1e-4/events.out.tfevents.1781355614.DESKTOP-3CMUNGL.163593.0.v2
counterfactual_utilitycf_middle_cfw1e-4,fake_mid_feature_mean,200,1781393389.193713,-0.04633471369743347,tensor,/home/jordan/runs/ardm/counterfactual_utilitycf_middle_cfw1e-4/events.out.tfevents.1781355614.DESKTOP-3CMUNGL.163593.0.v2
counterfactual_utilitycf_middle_cfw1e-4,fake_mid_feature_norm,200,1781393389.190965,93.2854995727539,tensor,/home/jordan/runs/ardm/counterfactual_utilitycf_middle_cfw1e-4/events.out.tfevents.1781355614.DESKTOP-3CMUNGL.163593.0.v2
counterfactual_utilitycf_middle_cfw1e-4,gen_mid_loss,200,1781393389.154637,1.5702414512634277,tensor,/home/jordan/runs/ardm/counterfactual_utilitycf_middle_cfw1e-4/events.out.tfevents.1781355614.DESKTOP-3CMUNGL.163593.0.v2
counterfactual_utilitycf_middle_cfw1e-4,grad_norm,200,1781393389.148735,4.735149383544922,tensor,/home/jordan/runs/ardm/counterfactual_utilitycf_middle_cfw1e-4/events.out.tfevents.1781355614.DESKTOP-3CMUNGL.163593.0.v2
counterfactual_utilitycf_middle_cfw1e-4,guidance_progress,200,1781393389.166605,1.0,tensor,/home/jordan/runs/ardm/counterfactual_utilitycf_middle_cfw1e-4/events.out.tfevents.1781355614.DESKTOP-3CMUNGL.163593.0.v2
counterfactual_utilitycf_middle_cfw1e-4,mask_fraction_observed,200,1781393389.175241,0.4988152086734772,tensor,/home/jordan/runs/ardm/counterfactual_utilitycf_middle_cfw1e-4/events.out.tfevents.1781355614.DESKTOP-3CMUNGL.163593.0.v2
counterfactual_utilitycf_middle_cfw1e-4,mid_feature_cosine,200,1781393389.192655,0.9454248547554016,tensor,/home/jordan/runs/ardm/counterfactual_utilitycf_middle_cfw1e-4/events.out.tfevents.1781355614.DESKTOP-3CMUNGL.163593.0.v2
counterfactual_utilitycf_middle_cfw1e-4,real_mid_feature_mean,200,1781393389.194822,-0.09770964831113815,tensor,/home/jordan/runs/ardm/counterfactual_utilitycf_middle_cfw1e-4/events.out.tfevents.1781355614.DESKTOP-3CMUNGL.163593.0.v2
counterfactual_utilitycf_middle_cfw1e-4,real_mid_feature_norm,200,1781393389.192051,91.21431732177734,tensor,/home/jordan/runs/ardm/counterfactual_utilitycf_middle_cfw1e-4/events.out.tfevents.1781355614.DESKTOP-3CMUNGL.163593.0.v2
counterfactual_utilitycf_middle_cfw1e-4,reason_mid_loss,200,1781393389.160556,0.05457509681582451,tensor,/home/jordan/runs/ardm/counterfactual_utilitycf_middle_cfw1e-4/events.out.tfevents.1781355614.DESKTOP-3CMUNGL.163593.0.v2
counterfactual_utilitycf_middle_cfw1e-4,reason_weight_mid,200,1781393389.161368,0.0,tensor,/home/jordan/runs/ardm/counterfactual_utilitycf_middle_cfw1e-4/events.out.tfevents.1781355614.DESKTOP-3CMUNGL.163593.0.v2
counterfactual_utilitycf_middle_cfw1e-4,train_ce,200,1781393389.148613,0.44755464792251587,tensor,/home/jordan/runs/ardm/counterfactual_utilitycf_middle_cfw1e-4/events.out.tfevents.1781355614.DESKTOP-3CMUNGL.163593.0.v2
counterfactual_utilitycf_middle_cfw1e-4,train_loss,200,1781393389.147022,3.168644905090332,tensor,/home/jordan/runs/ardm/counterfactual_utilitycf_middle_cfw1e-4/events.out.tfevents.1781355614.DESKTOP-3CMUNGL.163593.0.v2
counterfactual_utilitycf_middle_cfw1e-4,train_nelbo,200,1781393389.14817,3.1682000160217285,tensor,/home/jordan/runs/ardm/counterfactual_utilitycf_middle_cfw1e-4/events.out.tfevents.1781355614.DESKTOP-3CMUNGL.163593.0.v2
counterfactual_utilitycf_middle_cfw1e-4,train_nelbo_steps_100,200,1781394069.168775,3.1812849044799805,tensor,/home/jordan/runs/ardm/counterfactual_utilitycf_middle_cfw1e-4/events.out.tfevents.1781355614.DESKTOP-3CMUNGL.163593.0.v2
counterfactual_utilitycf_middle_cfw1e-4,train_nelbo_steps_50,200,1781394069.16866,3.1953787803649902,tensor,/home/jordan/runs/ardm/counterfactual_utilitycf_middle_cfw1e-4/events.out.tfevents.1781355614.DESKTOP-3CMUNGL.163593.0.v2
counterfactual_utilitycf_middle_cfw2e-3,ardm_grad_norm_raw,200,1781480389.696239,0.0,tensor,/home/jordan/runs/ardm/counterfactual_utilitycf_middle_cfw2e-3/events.out.tfevents.1781479253.DESKTOP-3CMUNGL.286917.0.v2
counterfactual_utilitycf_middle_cfw2e-3,ardm_loss,200,1781480389.694678,3.1582462787628174,tensor,/home/jordan/runs/ardm/counterfactual_utilitycf_middle_cfw2e-3/events.out.tfevents.1781479253.DESKTOP-3CMUNGL.286917.0.v2
counterfactual_utilitycf_middle_cfw2e-3,aux_alignment_factor,200,1781480389.696138,1.0,tensor,/home/jordan/runs/ardm/counterfactual_utilitycf_middle_cfw2e-3/events.out.tfevents.1781479253.DESKTOP-3CMUNGL.286917.0.v2
counterfactual_utilitycf_middle_cfw2e-3,aux_grad_cosine,200,1781480389.695961,0.0,tensor,/home/jordan/runs/ardm/counterfactual_utilitycf_middle_cfw2e-3/events.out.tfevents.1781479253.DESKTOP-3CMUNGL.286917.0.v2
counterfactual_utilitycf_middle_cfw2e-3,aux_grad_norm_raw,200,1781480389.696325,0.0,tensor,/home/jordan/runs/ardm/counterfactual_utilitycf_middle_cfw2e-3/events.out.tfevents.1781479253.DESKTOP-3CMUNGL.286917.0.v2
counterfactual_utilitycf_middle_cfw2e-3,aux_loss,200,1781480389.695817,-0.0003632281441241503,tensor,/home/jordan/runs/ardm/counterfactual_utilitycf_middle_cfw2e-3/events.out.tfevents.1781479253.DESKTOP-3CMUNGL.286917.0.v2
counterfactual_utilitycf_middle_cfw2e-3,cf_mid_delta,200,1781480389.69667,-1.0093917808262631e-05,tensor,/home/jordan/runs/ardm/counterfactual_utilitycf_middle_cfw2e-3/events.out.tfevents.1781479253.DESKTOP-3CMUNGL.286917.0.v2
counterfactual_utilitycf_middle_cfw2e-3,cf_mid_delta_baseline,200,1781480389.697555,-1.0052006473415531e-05,tensor,/home/jordan/runs/ardm/counterfactual_utilitycf_middle_cfw2e-3/events.out.tfevents.1781479253.DESKTOP-3CMUNGL.286917.0.v2
counterfactual_utilitycf_middle_cfw2e-3,cf_mid_drop_fraction,200,1781480389.696913,0.12489499896764755,tensor,/home/jordan/runs/ardm/counterfactual_utilitycf_middle_cfw2e-3/events.out.tfevents.1781479253.DESKTOP-3CMUNGL.286917.0.v2
counterfactual_utilitycf_middle_cfw2e-3,cf_mid_dropped_energy,200,1781480389.69675,1.0622551441192627,tensor,/home/jordan/runs/ardm/counterfactual_utilitycf_middle_cfw2e-3/events.out.tfevents.1781479253.DESKTOP-3CMUNGL.286917.0.v2
counterfactual_utilitycf_middle_cfw2e-3,cf_mid_harmful_weight_mean,200,1781480389.697232,0.4661718010902405,tensor,/home/jordan/runs/ardm/counterfactual_utilitycf_middle_cfw2e-3/events.out.tfevents.1781479253.DESKTOP-3CMUNGL.286917.0.v2
counterfactual_utilitycf_middle_cfw2e-3,cf_mid_loss,200,1781480389.69651,-0.18161405622959137,tensor,/home/jordan/runs/ardm/counterfactual_utilitycf_middle_cfw2e-3/events.out.tfevents.1781479253.DESKTOP-3CMUNGL.286917.0.v2
counterfactual_utilitycf_middle_cfw2e-3,cf_mid_masked_ardm_loss,200,1781480389.696832,3.158236265182495,tensor,/home/jordan/runs/ardm/counterfactual_utilitycf_middle_cfw2e-3/events.out.tfevents.1781479253.DESKTOP-3CMUNGL.286917.0.v2
counterfactual_utilitycf_middle_cfw2e-3,cf_mid_useful_weight_mean,200,1781480389.697152,0.4657147526741028,tensor,/home/jordan/runs/ardm/counterfactual_utilitycf_middle_cfw2e-3/events.out.tfevents.1781479253.DESKTOP-3CMUNGL.286917.0.v2
counterfactual_utilitycf_middle_cfw2e-3,cf_mid_utility_abs_mean,200,1781480389.696993,3.283364640083164e-05,tensor,/home/jordan/runs/ardm/counterfactual_utilitycf_middle_cfw2e-3/events.out.tfevents.1781479253.DESKTOP-3CMUNGL.286917.0.v2
counterfactual_utilitycf_middle_cfw2e-3,cf_mid_utility_max,200,1781480389.697323,0.0001011315907817334,tensor,/home/jordan/runs/ardm/counterfactual_utilitycf_middle_cfw2e-3/events.out.tfevents.1781479253.DESKTOP-3CMUNGL.286917.0.v2
counterfactual_utilitycf_middle_cfw2e-3,cf_mid_utility_min,200,1781480389.697402,-0.00012385206355247647,tensor,/home/jordan/runs/ardm/counterfactual_utilitycf_middle_cfw2e-3/events.out.tfevents.1781479253.DESKTOP-3CMUNGL.286917.0.v2
counterfactual_utilitycf_middle_cfw2e-3,cf_mid_utility_pos_frac,200,1781480389.697072,0.5133424997329712,tensor,/home/jordan/runs/ardm/counterfactual_utilitycf_middle_cfw2e-3/events.out.tfevents.1781479253.DESKTOP-3CMUNGL.286917.0.v2
counterfactual_utilitycf_middle_cfw2e-3,cf_mid_weight,200,1781480389.69659,0.0020000000949949026,tensor,/home/jordan/runs/ardm/counterfactual_utilitycf_middle_cfw2e-3/events.out.tfevents.1781479253.DESKTOP-3CMUNGL.286917.0.v2
counterfactual_utilitycf_middle_cfw2e-3,disc_mid_fake_logits,200,1781480389.695029,-1.0275007486343384,tensor,/home/jordan/runs/ardm/counterfactual_utilitycf_middle_cfw2e-3/events.out.tfevents.1781479253.DESKTOP-3CMUNGL.286917.0.v2
counterfactual_utilitycf_middle_cfw2e-3,disc_mid_fake_logits_std,200,1781480389.69549,0.013377770781517029,tensor,/home/jordan/runs/ardm/counterfactual_utilitycf_middle_cfw2e-3/events.out.tfevents.1781479253.DESKTOP-3CMUNGL.286917.0.v2
counterfactual_utilitycf_middle_cfw2e-3,disc_mid_grad_norm,200,1781480389.695572,0.04768577218055725,tensor,/home/jordan/runs/ardm/counterfactual_utilitycf_middle_cfw2e-3/events.out.tfevents.1781479253.DESKTOP-3CMUNGL.286917.0.v2
counterfactual_utilitycf_middle_cfw2e-3,disc_mid_logit_abs_mean,200,1781480389.6977,1.0210999250411987,tensor,/home/jordan/runs/ardm/counterfactual_utilitycf_middle_cfw2e-3/events.out.tfevents.1781479253.DESKTOP-3CMUNGL.286917.0.v2
counterfactual_utilitycf_middle_cfw2e-3,disc_mid_loss,200,1781480389.69486,0.001193852280266583,tensor,/home/jordan/runs/ardm/counterfactual_utilitycf_middle_cfw2e-3/events.out.tfevents.1781479253.DESKTOP-3CMUNGL.286917.0.v2
counterfactual_utilitycf_middle_cfw2e-3,disc_mid_real_logits,200,1781480389.694947,1.0146435499191284,tensor,/home/jordan/runs/ardm/counterfactual_utilitycf_middle_cfw2e-3/events.out.tfevents.1781479253.DESKTOP-3CMUNGL.286917.0.v2
counterfactual_utilitycf_middle_cfw2e-3,disc_mid_real_logits_std,200,1781480389.695407,0.016513215377926826,tensor,/home/jordan/runs/ardm/counterfactual_utilitycf_middle_cfw2e-3/events.out.tfevents.1781479253.DESKTOP-3CMUNGL.286917.0.v2
counterfactual_utilitycf_middle_cfw2e-3,disc_train_factor,200,1781480389.695737,1.0,tensor,/home/jordan/runs/ardm/counterfactual_utilitycf_middle_cfw2e-3/events.out.tfevents.1781479253.DESKTOP-3CMUNGL.286917.0.v2
counterfactual_utilitycf_middle_cfw2e-3,disc_weight_mid,200,1781480389.69511,0.0,tensor,/home/jordan/runs/ardm/counterfactual_utilitycf_middle_cfw2e-3/events.out.tfevents.1781479253.DESKTOP-3CMUNGL.286917.0.v2
counterfactual_utilitycf_middle_cfw2e-3,eval_fid,200,1781480997.214331,201.89991760253906,tensor,/home/jordan/runs/ardm/counterfactual_utilitycf_middle_cfw2e-3/events.out.tfevents.1781479253.DESKTOP-3CMUNGL.286917.0.v2
counterfactual_utilitycf_middle_cfw2e-3,eval_is_mean,200,1781480997.214844,2.9016785621643066,tensor,/home/jordan/runs/ardm/counterfactual_utilitycf_middle_cfw2e-3/events.out.tfevents.1781479253.DESKTOP-3CMUNGL.286917.0.v2
counterfactual_utilitycf_middle_cfw2e-3,eval_is_std,200,1781480997.215017,0.3845057487487793,tensor,/home/jordan/runs/ardm/counterfactual_utilitycf_middle_cfw2e-3/events.out.tfevents.1781479253.DESKTOP-3CMUNGL.286917.0.v2
counterfactual_utilitycf_middle_cfw2e-3,eval_nelbo,200,1781480389.69457,3.129310131072998,tensor,/home/jordan/runs/ardm/counterfactual_utilitycf_middle_cfw2e-3/events.out.tfevents.1781479253.DESKTOP-3CMUNGL.286917.0.v2
counterfactual_utilitycf_middle_cfw2e-3,eval_nelbo_policy_50,200,1781481176.473124,3.1689460277557373,tensor,/home/jordan/runs/ardm/counterfactual_utilitycf_middle_cfw2e-3/events.out.tfevents.1781479253.DESKTOP-3CMUNGL.286917.0.v2
counterfactual_utilitycf_middle_cfw2e-3,eval_nelbo_policy_naive,200,1781481131.813508,3.1368141174316406,tensor,/home/jordan/runs/ardm/counterfactual_utilitycf_middle_cfw2e-3/events.out.tfevents.1781479253.DESKTOP-3CMUNGL.286917.0.v2
counterfactual_utilitycf_middle_cfw2e-3,eval_ssim,200,1781480997.215128,0.03534584492444992,tensor,/home/jordan/runs/ardm/counterfactual_utilitycf_middle_cfw2e-3/events.out.tfevents.1781479253.DESKTOP-3CMUNGL.286917.0.v2
counterfactual_utilitycf_middle_cfw2e-3,fake_mid_feature_mean,200,1781480389.698269,-0.05594579130411148,tensor,/home/jordan/runs/ardm/counterfactual_utilitycf_middle_cfw2e-3/events.out.tfevents.1781479253.DESKTOP-3CMUNGL.286917.0.v2
counterfactual_utilitycf_middle_cfw2e-3,fake_mid_feature_norm,200,1781480389.697796,377.4796142578125,tensor,/home/jordan/runs/ardm/counterfactual_utilitycf_middle_cfw2e-3/events.out.tfevents.1781479253.DESKTOP-3CMUNGL.286917.0.v2
counterfactual_utilitycf_middle_cfw2e-3,gen_mid_loss,200,1781480389.694772,1.0275007486343384,tensor,/home/jordan/runs/ardm/counterfactual_utilitycf_middle_cfw2e-3/events.out.tfevents.1781479253.DESKTOP-3CMUNGL.286917.0.v2
counterfactual_utilitycf_middle_cfw2e-3,grad_norm,200,1781480389.694376,5.432960510253906,tensor,/home/jordan/runs/ardm/counterfactual_utilitycf_middle_cfw2e-3/events.out.tfevents.1781479253.DESKTOP-3CMUNGL.286917.0.v2
counterfactual_utilitycf_middle_cfw2e-3,guidance_progress,200,1781480389.695656,1.0,tensor,/home/jordan/runs/ardm/counterfactual_utilitycf_middle_cfw2e-3/events.out.tfevents.1781479253.DESKTOP-3CMUNGL.286917.0.v2
counterfactual_utilitycf_middle_cfw2e-3,mask_fraction_observed,200,1781480389.696428,0.5004657506942749,tensor,/home/jordan/runs/ardm/counterfactual_utilitycf_middle_cfw2e-3/events.out.tfevents.1781479253.DESKTOP-3CMUNGL.286917.0.v2
counterfactual_utilitycf_middle_cfw2e-3,mid_feature_cosine,200,1781480389.698135,0.2643696963787079,tensor,/home/jordan/runs/ardm/counterfactual_utilitycf_middle_cfw2e-3/events.out.tfevents.1781479253.DESKTOP-3CMUNGL.286917.0.v2
counterfactual_utilitycf_middle_cfw2e-3,real_mid_feature_mean,200,1781480389.698366,-0.4244682490825653,tensor,/home/jordan/runs/ardm/counterfactual_utilitycf_middle_cfw2e-3/events.out.tfevents.1781479253.DESKTOP-3CMUNGL.286917.0.v2
counterfactual_utilitycf_middle_cfw2e-3,real_mid_feature_norm,200,1781480389.697881,218.1334228515625,tensor,/home/jordan/runs/ardm/counterfactual_utilitycf_middle_cfw2e-3/events.out.tfevents.1781479253.DESKTOP-3CMUNGL.286917.0.v2
counterfactual_utilitycf_middle_cfw2e-3,reason_mid_loss,200,1781480389.695193,0.7356303334236145,tensor,/home/jordan/runs/ardm/counterfactual_utilitycf_middle_cfw2e-3/events.out.tfevents.1781479253.DESKTOP-3CMUNGL.286917.0.v2
counterfactual_utilitycf_middle_cfw2e-3,reason_weight_mid,200,1781480389.695324,0.0,tensor,/home/jordan/runs/ardm/counterfactual_utilitycf_middle_cfw2e-3/events.out.tfevents.1781479253.DESKTOP-3CMUNGL.286917.0.v2
counterfactual_utilitycf_middle_cfw2e-3,train_ce,200,1781480389.681825,0.4451356530189514,tensor,/home/jordan/runs/ardm/counterfactual_utilitycf_middle_cfw2e-3/events.out.tfevents.1781479253.DESKTOP-3CMUNGL.286917.0.v2
counterfactual_utilitycf_middle_cfw2e-3,train_loss,200,1781480389.670277,3.1578831672668457,tensor,/home/jordan/runs/ardm/counterfactual_utilitycf_middle_cfw2e-3/events.out.tfevents.1781479253.DESKTOP-3CMUNGL.286917.0.v2
counterfactual_utilitycf_middle_cfw2e-3,train_nelbo,200,1781480389.670635,3.1578011512756348,tensor,/home/jordan/runs/ardm/counterfactual_utilitycf_middle_cfw2e-3/events.out.tfevents.1781479253.DESKTOP-3CMUNGL.286917.0.v2
counterfactual_utilitycf_middle_cfw2e-3,train_nelbo_steps_100,200,1781481176.648374,3.1809139251708984,tensor,/home/jordan/runs/ardm/counterfactual_utilitycf_middle_cfw2e-3/events.out.tfevents.1781479253.DESKTOP-3CMUNGL.286917.0.v2
counterfactual_utilitycf_middle_cfw2e-3,train_nelbo_steps_50,200,1781481176.556753,3.1979105472564697,tensor,/home/jordan/runs/ardm/counterfactual_utilitycf_middle_cfw2e-3/events.out.tfevents.1781479253.DESKTOP-3CMUNGL.286917.0.v2
counterfactual_utilitycf_middle_cfw5e-4,ardm_grad_norm_raw,200,1781434930.995104,0.0,tensor,/home/jordan/runs/ardm/counterfactual_utilitycf_middle_cfw5e-4/events.out.tfevents.1781394114.DESKTOP-3CMUNGL.197606.0.v2
counterfactual_utilitycf_middle_cfw5e-4,ardm_loss,200,1781434930.974134,3.1761436462402344,tensor,/home/jordan/runs/ardm/counterfactual_utilitycf_middle_cfw5e-4/events.out.tfevents.1781394114.DESKTOP-3CMUNGL.197606.0.v2
counterfactual_utilitycf_middle_cfw5e-4,aux_alignment_factor,200,1781434930.993722,1.0,tensor,/home/jordan/runs/ardm/counterfactual_utilitycf_middle_cfw5e-4/events.out.tfevents.1781394114.DESKTOP-3CMUNGL.197606.0.v2
counterfactual_utilitycf_middle_cfw5e-4,aux_grad_cosine,200,1781434930.992141,0.0,tensor,/home/jordan/runs/ardm/counterfactual_utilitycf_middle_cfw5e-4/events.out.tfevents.1781394114.DESKTOP-3CMUNGL.197606.0.v2
counterfactual_utilitycf_middle_cfw5e-4,aux_grad_norm_raw,200,1781434930.996593,0.0,tensor,/home/jordan/runs/ardm/counterfactual_utilitycf_middle_cfw5e-4/events.out.tfevents.1781394114.DESKTOP-3CMUNGL.197606.0.v2
counterfactual_utilitycf_middle_cfw5e-4,aux_loss,200,1781434930.9912,-2.3915386009321082e-06,tensor,/home/jordan/runs/ardm/counterfactual_utilitycf_middle_cfw5e-4/events.out.tfevents.1781394114.DESKTOP-3CMUNGL.197606.0.v2
counterfactual_utilitycf_middle_cfw5e-4,cf_mid_delta,200,1781434931.001566,3.015579204657115e-05,tensor,/home/jordan/runs/ardm/counterfactual_utilitycf_middle_cfw5e-4/events.out.tfevents.1781394114.DESKTOP-3CMUNGL.197606.0.v2
counterfactual_utilitycf_middle_cfw5e-4,cf_mid_delta_baseline,200,1781434931.012955,3.1709241739008576e-05,tensor,/home/jordan/runs/ardm/counterfactual_utilitycf_middle_cfw5e-4/events.out.tfevents.1781394114.DESKTOP-3CMUNGL.197606.0.v2
counterfactual_utilitycf_middle_cfw5e-4,cf_mid_drop_fraction,200,1781434931.005362,0.12531499564647675,tensor,/home/jordan/runs/ardm/counterfactual_utilitycf_middle_cfw5e-4/events.out.tfevents.1781394114.DESKTOP-3CMUNGL.197606.0.v2
counterfactual_utilitycf_middle_cfw5e-4,cf_mid_dropped_energy,200,1781434931.002938,0.9845204949378967,tensor,/home/jordan/runs/ardm/counterfactual_utilitycf_middle_cfw5e-4/events.out.tfevents.1781394114.DESKTOP-3CMUNGL.197606.0.v2
counterfactual_utilitycf_middle_cfw5e-4,cf_mid_harmful_weight_mean,200,1781434931.009848,0.4738958477973938,tensor,/home/jordan/runs/ardm/counterfactual_utilitycf_middle_cfw5e-4/events.out.tfevents.1781394114.DESKTOP-3CMUNGL.197606.0.v2
counterfactual_utilitycf_middle_cfw5e-4,cf_mid_loss,200,1781434930.998739,-0.004783105570822954,tensor,/home/jordan/runs/ardm/counterfactual_utilitycf_middle_cfw5e-4/events.out.tfevents.1781394114.DESKTOP-3CMUNGL.197606.0.v2
counterfactual_utilitycf_middle_cfw5e-4,cf_mid_masked_ardm_loss,200,1781434931.004216,3.176173686981201,tensor,/home/jordan/runs/ardm/counterfactual_utilitycf_middle_cfw5e-4/events.out.tfevents.1781394114.DESKTOP-3CMUNGL.197606.0.v2
counterfactual_utilitycf_middle_cfw5e-4,cf_mid_useful_weight_mean,200,1781434931.00885,0.4741628170013428,tensor,/home/jordan/runs/ardm/counterfactual_utilitycf_middle_cfw5e-4/events.out.tfevents.1781394114.DESKTOP-3CMUNGL.197606.0.v2
counterfactual_utilitycf_middle_cfw5e-4,cf_mid_utility_abs_mean,200,1781434931.006187,0.00011025935964426026,tensor,/home/jordan/runs/ardm/counterfactual_utilitycf_middle_cfw5e-4/events.out.tfevents.1781394114.DESKTOP-3CMUNGL.197606.0.v2
counterfactual_utilitycf_middle_cfw5e-4,cf_mid_utility_max,200,1781434931.011052,0.0003785132721532136,tensor,/home/jordan/runs/ardm/counterfactual_utilitycf_middle_cfw5e-4/events.out.tfevents.1781394114.DESKTOP-3CMUNGL.197606.0.v2
counterfactual_utilitycf_middle_cfw5e-4,cf_mid_utility_min,200,1781434931.012254,-0.00035169775946997106,tensor,/home/jordan/runs/ardm/counterfactual_utilitycf_middle_cfw5e-4/events.out.tfevents.1781394114.DESKTOP-3CMUNGL.197606.0.v2
counterfactual_utilitycf_middle_cfw5e-4,cf_mid_utility_pos_frac,200,1781434931.00749,0.5025749802589417,tensor,/home/jordan/runs/ardm/counterfactual_utilitycf_middle_cfw5e-4/events.out.tfevents.1781394114.DESKTOP-3CMUNGL.197606.0.v2
counterfactual_utilitycf_middle_cfw5e-4,cf_mid_weight,200,1781434930.99933,0.0005000000237487257,tensor,/home/jordan/runs/ardm/counterfactual_utilitycf_middle_cfw5e-4/events.out.tfevents.1781394114.DESKTOP-3CMUNGL.197606.0.v2
counterfactual_utilitycf_middle_cfw5e-4,disc_mid_fake_logits,200,1781434930.979691,-2.049762725830078,tensor,/home/jordan/runs/ardm/counterfactual_utilitycf_middle_cfw5e-4/events.out.tfevents.1781394114.DESKTOP-3CMUNGL.197606.0.v2
counterfactual_utilitycf_middle_cfw5e-4,disc_mid_fake_logits_std,200,1781434930.986193,0.7344738841056824,tensor,/home/jordan/runs/ardm/counterfactual_utilitycf_middle_cfw5e-4/events.out.tfevents.1781394114.DESKTOP-3CMUNGL.197606.0.v2
counterfactual_utilitycf_middle_cfw5e-4,disc_mid_grad_norm,200,1781434930.987345,30.56839942932129,tensor,/home/jordan/runs/ardm/counterfactual_utilitycf_middle_cfw5e-4/events.out.tfevents.1781394114.DESKTOP-3CMUNGL.197606.0.v2
counterfactual_utilitycf_middle_cfw5e-4,disc_mid_logit_abs_mean,200,1781434931.014583,2.145603656768799,tensor,/home/jordan/runs/ardm/counterfactual_utilitycf_middle_cfw5e-4/events.out.tfevents.1781394114.DESKTOP-3CMUNGL.197606.0.v2
counterfactual_utilitycf_middle_cfw5e-4,disc_mid_loss,200,1781434930.977051,0.17471492290496826,tensor,/home/jordan/runs/ardm/counterfactual_utilitycf_middle_cfw5e-4/events.out.tfevents.1781394114.DESKTOP-3CMUNGL.197606.0.v2
counterfactual_utilitycf_middle_cfw5e-4,disc_mid_real_logits,200,1781434930.977902,2.1315701007843018,tensor,/home/jordan/runs/ardm/counterfactual_utilitycf_middle_cfw5e-4/events.out.tfevents.1781394114.DESKTOP-3CMUNGL.197606.0.v2
counterfactual_utilitycf_middle_cfw5e-4,disc_mid_real_logits_std,200,1781434930.984353,0.7581425905227661,tensor,/home/jordan/runs/ardm/counterfactual_utilitycf_middle_cfw5e-4/events.out.tfevents.1781394114.DESKTOP-3CMUNGL.197606.0.v2
counterfactual_utilitycf_middle_cfw5e-4,disc_train_factor,200,1781434930.989486,1.0,tensor,/home/jordan/runs/ardm/counterfactual_utilitycf_middle_cfw5e-4/events.out.tfevents.1781394114.DESKTOP-3CMUNGL.197606.0.v2
counterfactual_utilitycf_middle_cfw5e-4,disc_weight_mid,200,1781434930.980869,0.0,tensor,/home/jordan/runs/ardm/counterfactual_utilitycf_middle_cfw5e-4/events.out.tfevents.1781394114.DESKTOP-3CMUNGL.197606.0.v2
counterfactual_utilitycf_middle_cfw5e-4,eval_fid,200,1781435555.508557,210.41925048828125,tensor,/home/jordan/runs/ardm/counterfactual_utilitycf_middle_cfw5e-4/events.out.tfevents.1781394114.DESKTOP-3CMUNGL.197606.0.v2
counterfactual_utilitycf_middle_cfw5e-4,eval_is_mean,200,1781435555.509153,2.8016128540039062,tensor,/home/jordan/runs/ardm/counterfactual_utilitycf_middle_cfw5e-4/events.out.tfevents.1781394114.DESKTOP-3CMUNGL.197606.0.v2
counterfactual_utilitycf_middle_cfw5e-4,eval_is_std,200,1781435555.510152,0.4153001010417938,tensor,/home/jordan/runs/ardm/counterfactual_utilitycf_middle_cfw5e-4/events.out.tfevents.1781394114.DESKTOP-3CMUNGL.197606.0.v2
counterfactual_utilitycf_middle_cfw5e-4,eval_nelbo,200,1781434930.972827,3.1391053199768066,tensor,/home/jordan/runs/ardm/counterfactual_utilitycf_middle_cfw5e-4/events.out.tfevents.1781394114.DESKTOP-3CMUNGL.197606.0.v2
counterfactual_utilitycf_middle_cfw5e-4,eval_nelbo_policy_50,200,1781435725.100444,3.1746227741241455,tensor,/home/jordan/runs/ardm/counterfactual_utilitycf_middle_cfw5e-4/events.out.tfevents.1781394114.DESKTOP-3CMUNGL.197606.0.v2
counterfactual_utilitycf_middle_cfw5e-4,eval_nelbo_policy_naive,200,1781435684.146919,3.1354851722717285,tensor,/home/jordan/runs/ardm/counterfactual_utilitycf_middle_cfw5e-4/events.out.tfevents.1781394114.DESKTOP-3CMUNGL.197606.0.v2
counterfactual_utilitycf_middle_cfw5e-4,eval_ssim,200,1781435555.510806,0.036897316575050354,tensor,/home/jordan/runs/ardm/counterfactual_utilitycf_middle_cfw5e-4/events.out.tfevents.1781394114.DESKTOP-3CMUNGL.197606.0.v2
counterfactual_utilitycf_middle_cfw5e-4,fake_mid_feature_mean,200,1781434931.018748,-2.2083096504211426,tensor,/home/jordan/runs/ardm/counterfactual_utilitycf_middle_cfw5e-4/events.out.tfevents.1781394114.DESKTOP-3CMUNGL.197606.0.v2
counterfactual_utilitycf_middle_cfw5e-4,fake_mid_feature_norm,200,1781434931.015197,320.18084716796875,tensor,/home/jordan/runs/ardm/counterfactual_utilitycf_middle_cfw5e-4/events.out.tfevents.1781394114.DESKTOP-3CMUNGL.197606.0.v2
counterfactual_utilitycf_middle_cfw5e-4,gen_mid_loss,200,1781434930.975302,2.049762725830078,tensor,/home/jordan/runs/ardm/counterfactual_utilitycf_middle_cfw5e-4/events.out.tfevents.1781394114.DESKTOP-3CMUNGL.197606.0.v2
counterfactual_utilitycf_middle_cfw5e-4,grad_norm,200,1781434930.97177,5.501413822174072,tensor,/home/jordan/runs/ardm/counterfactual_utilitycf_middle_cfw5e-4/events.out.tfevents.1781394114.DESKTOP-3CMUNGL.197606.0.v2
counterfactual_utilitycf_middle_cfw5e-4,guidance_progress,200,1781434930.9888,1.0,tensor,/home/jordan/runs/ardm/counterfactual_utilitycf_middle_cfw5e-4/events.out.tfevents.1781394114.DESKTOP-3CMUNGL.197606.0.v2
counterfactual_utilitycf_middle_cfw5e-4,mask_fraction_observed,200,1781434930.998233,0.4988152086734772,tensor,/home/jordan/runs/ardm/counterfactual_utilitycf_middle_cfw5e-4/events.out.tfevents.1781394114.DESKTOP-3CMUNGL.197606.0.v2
counterfactual_utilitycf_middle_cfw5e-4,mid_feature_cosine,200,1781434931.017491,0.9899284243583679,tensor,/home/jordan/runs/ardm/counterfactual_utilitycf_middle_cfw5e-4/events.out.tfevents.1781394114.DESKTOP-3CMUNGL.197606.0.v2
counterfactual_utilitycf_middle_cfw5e-4,real_mid_feature_mean,200,1781434931.019958,-2.274052143096924,tensor,/home/jordan/runs/ardm/counterfactual_utilitycf_middle_cfw5e-4/events.out.tfevents.1781394114.DESKTOP-3CMUNGL.197606.0.v2
counterfactual_utilitycf_middle_cfw5e-4,real_mid_feature_norm,200,1781434931.016509,326.41119384765625,tensor,/home/jordan/runs/ardm/counterfactual_utilitycf_middle_cfw5e-4/events.out.tfevents.1781394114.DESKTOP-3CMUNGL.197606.0.v2
counterfactual_utilitycf_middle_cfw5e-4,reason_mid_loss,200,1781434930.982672,0.010071625001728535,tensor,/home/jordan/runs/ardm/counterfactual_utilitycf_middle_cfw5e-4/events.out.tfevents.1781394114.DESKTOP-3CMUNGL.197606.0.v2
counterfactual_utilitycf_middle_cfw5e-4,reason_weight_mid,200,1781434930.983317,0.0,tensor,/home/jordan/runs/ardm/counterfactual_utilitycf_middle_cfw5e-4/events.out.tfevents.1781394114.DESKTOP-3CMUNGL.197606.0.v2
counterfactual_utilitycf_middle_cfw5e-4,train_ce,200,1781434930.967708,0.44862180948257446,tensor,/home/jordan/runs/ardm/counterfactual_utilitycf_middle_cfw5e-4/events.out.tfevents.1781394114.DESKTOP-3CMUNGL.197606.0.v2
counterfactual_utilitycf_middle_cfw5e-4,train_loss,200,1781434930.965873,3.1761412620544434,tensor,/home/jordan/runs/ardm/counterfactual_utilitycf_middle_cfw5e-4/events.out.tfevents.1781394114.DESKTOP-3CMUNGL.197606.0.v2
counterfactual_utilitycf_middle_cfw5e-4,train_nelbo,200,1781434930.967123,3.1756949424743652,tensor,/home/jordan/runs/ardm/counterfactual_utilitycf_middle_cfw5e-4/events.out.tfevents.1781394114.DESKTOP-3CMUNGL.197606.0.v2
counterfactual_utilitycf_middle_cfw5e-4,train_nelbo_steps_100,200,1781435725.10096,3.1854848861694336,tensor,/home/jordan/runs/ardm/counterfactual_utilitycf_middle_cfw5e-4/events.out.tfevents.1781394114.DESKTOP-3CMUNGL.197606.0.v2
counterfactual_utilitycf_middle_cfw5e-4,train_nelbo_steps_50,200,1781435725.100709,3.1996564865112305,tensor,/home/jordan/runs/ardm/counterfactual_utilitycf_middle_cfw5e-4/events.out.tfevents.1781394114.DESKTOP-3CMUNGL.197606.0.v2
guidance_advanceddisc_middle_dw1e-4,ardm_loss,200,1780523593.847097,3.168186902999878,tensor,/home/jordan/runs/ardm/guidance_advanceddisc_middle_dw1e-4/events.out.tfevents.1780488778.DESKTOP-3CMUNGL.933615.0.v2
guidance_advanceddisc_middle_dw1e-4,disc_mid_fake_logits,200,1780523593.848059,-1.6097954511642456,tensor,/home/jordan/runs/ardm/guidance_advanceddisc_middle_dw1e-4/events.out.tfevents.1780488778.DESKTOP-3CMUNGL.933615.0.v2
guidance_advanceddisc_middle_dw1e-4,disc_mid_fake_logits_std,200,1780523593.848544,1.2746598720550537,tensor,/home/jordan/runs/ardm/guidance_advanceddisc_middle_dw1e-4/events.out.tfevents.1780488778.DESKTOP-3CMUNGL.933615.0.v2
guidance_advanceddisc_middle_dw1e-4,disc_mid_grad_norm,200,1780523593.848626,290.0477600097656,tensor,/home/jordan/runs/ardm/guidance_advanceddisc_middle_dw1e-4/events.out.tfevents.1780488778.DESKTOP-3CMUNGL.933615.0.v2
guidance_advanceddisc_middle_dw1e-4,disc_mid_logit_abs_mean,200,1780523593.848947,1.6549882888793945,tensor,/home/jordan/runs/ardm/guidance_advanceddisc_middle_dw1e-4/events.out.tfevents.1780488778.DESKTOP-3CMUNGL.933615.0.v2
guidance_advanceddisc_middle_dw1e-4,disc_mid_loss,200,1780523593.84731,0.6843051314353943,tensor,/home/jordan/runs/ardm/guidance_advanceddisc_middle_dw1e-4/events.out.tfevents.1780488778.DESKTOP-3CMUNGL.933615.0.v2
guidance_advanceddisc_middle_dw1e-4,disc_mid_real_logits,200,1780523593.847524,1.2713940143585205,tensor,/home/jordan/runs/ardm/guidance_advanceddisc_middle_dw1e-4/events.out.tfevents.1780488778.DESKTOP-3CMUNGL.933615.0.v2
guidance_advanceddisc_middle_dw1e-4,disc_mid_real_logits_std,200,1780523593.848462,0.856216549873352,tensor,/home/jordan/runs/ardm/guidance_advanceddisc_middle_dw1e-4/events.out.tfevents.1780488778.DESKTOP-3CMUNGL.933615.0.v2
guidance_advanceddisc_middle_dw1e-4,disc_train_factor,200,1780523593.848787,1.0,tensor,/home/jordan/runs/ardm/guidance_advanceddisc_middle_dw1e-4/events.out.tfevents.1780488778.DESKTOP-3CMUNGL.933615.0.v2
guidance_advanceddisc_middle_dw1e-4,disc_weight_mid,200,1780523593.848169,9.999998292187229e-05,tensor,/home/jordan/runs/ardm/guidance_advanceddisc_middle_dw1e-4/events.out.tfevents.1780488778.DESKTOP-3CMUNGL.933615.0.v2
guidance_advanceddisc_middle_dw1e-4,eval_fid,200,1780524136.208104,201.24449157714844,tensor,/home/jordan/runs/ardm/guidance_advanceddisc_middle_dw1e-4/events.out.tfevents.1780488778.DESKTOP-3CMUNGL.933615.0.v2
guidance_advanceddisc_middle_dw1e-4,eval_is_mean,200,1780524136.208403,2.809645891189575,tensor,/home/jordan/runs/ardm/guidance_advanceddisc_middle_dw1e-4/events.out.tfevents.1780488778.DESKTOP-3CMUNGL.933615.0.v2
guidance_advanceddisc_middle_dw1e-4,eval_is_std,200,1780524136.208932,0.32627665996551514,tensor,/home/jordan/runs/ardm/guidance_advanceddisc_middle_dw1e-4/events.out.tfevents.1780488778.DESKTOP-3CMUNGL.933615.0.v2
guidance_advanceddisc_middle_dw1e-4,eval_nelbo,200,1780523593.847005,3.1349422931671143,tensor,/home/jordan/runs/ardm/guidance_advanceddisc_middle_dw1e-4/events.out.tfevents.1780488778.DESKTOP-3CMUNGL.933615.0.v2
guidance_advanceddisc_middle_dw1e-4,eval_nelbo_policy_50,200,1780524285.83871,3.1740620136260986,tensor,/home/jordan/runs/ardm/guidance_advanceddisc_middle_dw1e-4/events.out.tfevents.1780488778.DESKTOP-3CMUNGL.933615.0.v2
guidance_advanceddisc_middle_dw1e-4,eval_nelbo_policy_naive,200,1780524248.526466,3.131843328475952,tensor,/home/jordan/runs/ardm/guidance_advanceddisc_middle_dw1e-4/events.out.tfevents.1780488778.DESKTOP-3CMUNGL.933615.0.v2
guidance_advanceddisc_middle_dw1e-4,eval_ssim,200,1780524136.209096,0.03556669503450394,tensor,/home/jordan/runs/ardm/guidance_advanceddisc_middle_dw1e-4/events.out.tfevents.1780488778.DESKTOP-3CMUNGL.933615.0.v2
guidance_advanceddisc_middle_dw1e-4,fake_mid_feature_mean,200,1780523593.850051,0.039132457226514816,tensor,/home/jordan/runs/ardm/guidance_advanceddisc_middle_dw1e-4/events.out.tfevents.1780488778.DESKTOP-3CMUNGL.933615.0.v2
guidance_advanceddisc_middle_dw1e-4,fake_mid_feature_norm,200,1780523593.84903,353.7931213378906,tensor,/home/jordan/runs/ardm/guidance_advanceddisc_middle_dw1e-4/events.out.tfevents.1780488778.DESKTOP-3CMUNGL.933615.0.v2
guidance_advanceddisc_middle_dw1e-4,gen_mid_loss,200,1780523593.847182,1.6097954511642456,tensor,/home/jordan/runs/ardm/guidance_advanceddisc_middle_dw1e-4/events.out.tfevents.1780488778.DESKTOP-3CMUNGL.933615.0.v2
guidance_advanceddisc_middle_dw1e-4,grad_norm,200,1780523593.846899,5.94456672668457,tensor,/home/jordan/runs/ardm/guidance_advanceddisc_middle_dw1e-4/events.out.tfevents.1780488778.DESKTOP-3CMUNGL.933615.0.v2
guidance_advanceddisc_middle_dw1e-4,guidance_progress,200,1780523593.848707,1.0,tensor,/home/jordan/runs/ardm/guidance_advanceddisc_middle_dw1e-4/events.out.tfevents.1780488778.DESKTOP-3CMUNGL.933615.0.v2
guidance_advanceddisc_middle_dw1e-4,mask_fraction_observed,200,1780523593.848867,0.4988152086734772,tensor,/home/jordan/runs/ardm/guidance_advanceddisc_middle_dw1e-4/events.out.tfevents.1780488778.DESKTOP-3CMUNGL.933615.0.v2
guidance_advanceddisc_middle_dw1e-4,mid_feature_cosine,200,1780523593.849225,0.99265056848526,tensor,/home/jordan/runs/ardm/guidance_advanceddisc_middle_dw1e-4/events.out.tfevents.1780488778.DESKTOP-3CMUNGL.933615.0.v2
guidance_advanceddisc_middle_dw1e-4,real_mid_feature_mean,200,1780523593.850192,0.013552548363804817,tensor,/home/jordan/runs/ardm/guidance_advanceddisc_middle_dw1e-4/events.out.tfevents.1780488778.DESKTOP-3CMUNGL.933615.0.v2
guidance_advanceddisc_middle_dw1e-4,real_mid_feature_norm,200,1780523593.849112,359.443359375,tensor,/home/jordan/runs/ardm/guidance_advanceddisc_middle_dw1e-4/events.out.tfevents.1780488778.DESKTOP-3CMUNGL.933615.0.v2
guidance_advanceddisc_middle_dw1e-4,reason_mid_loss,200,1780523593.848263,0.007349432446062565,tensor,/home/jordan/runs/ardm/guidance_advanceddisc_middle_dw1e-4/events.out.tfevents.1780488778.DESKTOP-3CMUNGL.933615.0.v2
guidance_advanceddisc_middle_dw1e-4,reason_weight_mid,200,1780523593.848377,0.0,tensor,/home/jordan/runs/ardm/guidance_advanceddisc_middle_dw1e-4/events.out.tfevents.1780488778.DESKTOP-3CMUNGL.933615.0.v2
guidance_advanceddisc_middle_dw1e-4,train_ce,200,1780523593.846744,0.44782155752182007,tensor,/home/jordan/runs/ardm/guidance_advanceddisc_middle_dw1e-4/events.out.tfevents.1780488778.DESKTOP-3CMUNGL.933615.0.v2
guidance_advanceddisc_middle_dw1e-4,train_loss,200,1780523593.843576,3.1683478355407715,tensor,/home/jordan/runs/ardm/guidance_advanceddisc_middle_dw1e-4/events.out.tfevents.1780488778.DESKTOP-3CMUNGL.933615.0.v2
guidance_advanceddisc_middle_dw1e-4,train_nelbo,200,1780523593.844733,3.167739152908325,tensor,/home/jordan/runs/ardm/guidance_advanceddisc_middle_dw1e-4/events.out.tfevents.1780488778.DESKTOP-3CMUNGL.933615.0.v2
guidance_advanceddisc_middle_dw1e-4,train_nelbo_steps_100,200,1780524285.839206,3.1798133850097656,tensor,/home/jordan/runs/ardm/guidance_advanceddisc_middle_dw1e-4/events.out.tfevents.1780488778.DESKTOP-3CMUNGL.933615.0.v2
guidance_advanceddisc_middle_dw1e-4,train_nelbo_steps_50,200,1780524285.839072,3.194027900695801,tensor,/home/jordan/runs/ardm/guidance_advanceddisc_middle_dw1e-4/events.out.tfevents.1780488778.DESKTOP-3CMUNGL.933615.0.v2
guidance_advanceddisc_middle_dw2e-3,ardm_loss,200,1780257597.015075,3.1727168560028076,tensor,/home/jordan/runs/ardm/guidance_advanceddisc_middle_dw2e-3/events.out.tfevents.1780224231.DESKTOP-3CMUNGL.524955.0.v2
guidance_advanceddisc_middle_dw2e-3,disc_mid_fake_logits,200,1780257597.016061,-2.55715274810791,tensor,/home/jordan/runs/ardm/guidance_advanceddisc_middle_dw2e-3/events.out.tfevents.1780224231.DESKTOP-3CMUNGL.524955.0.v2
guidance_advanceddisc_middle_dw2e-3,disc_mid_fake_logits_std,200,1780257597.016502,1.3617218732833862,tensor,/home/jordan/runs/ardm/guidance_advanceddisc_middle_dw2e-3/events.out.tfevents.1780224231.DESKTOP-3CMUNGL.524955.0.v2
guidance_advanceddisc_middle_dw2e-3,disc_mid_grad_norm,200,1780257597.016583,364.25592041015625,tensor,/home/jordan/runs/ardm/guidance_advanceddisc_middle_dw2e-3/events.out.tfevents.1780224231.DESKTOP-3CMUNGL.524955.0.v2
guidance_advanceddisc_middle_dw2e-3,disc_mid_logit_abs_mean,200,1780257597.016897,2.226666212081909,tensor,/home/jordan/runs/ardm/guidance_advanceddisc_middle_dw2e-3/events.out.tfevents.1780224231.DESKTOP-3CMUNGL.524955.0.v2
guidance_advanceddisc_middle_dw2e-3,disc_mid_loss,200,1780257597.015858,0.411467581987381,tensor,/home/jordan/runs/ardm/guidance_advanceddisc_middle_dw2e-3/events.out.tfevents.1780224231.DESKTOP-3CMUNGL.524955.0.v2
guidance_advanceddisc_middle_dw2e-3,disc_mid_real_logits,200,1780257597.01597,1.640549659729004,tensor,/home/jordan/runs/ardm/guidance_advanceddisc_middle_dw2e-3/events.out.tfevents.1780224231.DESKTOP-3CMUNGL.524955.0.v2
guidance_advanceddisc_middle_dw2e-3,disc_mid_real_logits_std,200,1780257597.016423,0.523287832736969,tensor,/home/jordan/runs/ardm/guidance_advanceddisc_middle_dw2e-3/events.out.tfevents.1780224231.DESKTOP-3CMUNGL.524955.0.v2
guidance_advanceddisc_middle_dw2e-3,disc_train_factor,200,1780257597.016741,1.0,tensor,/home/jordan/runs/ardm/guidance_advanceddisc_middle_dw2e-3/events.out.tfevents.1780224231.DESKTOP-3CMUNGL.524955.0.v2
guidance_advanceddisc_middle_dw2e-3,disc_weight_mid,200,1780257597.016149,0.0020000000949949026,tensor,/home/jordan/runs/ardm/guidance_advanceddisc_middle_dw2e-3/events.out.tfevents.1780224231.DESKTOP-3CMUNGL.524955.0.v2
guidance_advanceddisc_middle_dw2e-3,eval_fid,200,1780258152.967555,208.2973175048828,tensor,/home/jordan/runs/ardm/guidance_advanceddisc_middle_dw2e-3/events.out.tfevents.1780224231.DESKTOP-3CMUNGL.524955.0.v2
guidance_advanceddisc_middle_dw2e-3,eval_is_mean,200,1780258152.967903,2.6183409690856934,tensor,/home/jordan/runs/ardm/guidance_advanceddisc_middle_dw2e-3/events.out.tfevents.1780224231.DESKTOP-3CMUNGL.524955.0.v2
guidance_advanceddisc_middle_dw2e-3,eval_is_std,200,1780258152.96858,0.24496814608573914,tensor,/home/jordan/runs/ardm/guidance_advanceddisc_middle_dw2e-3/events.out.tfevents.1780224231.DESKTOP-3CMUNGL.524955.0.v2
guidance_advanceddisc_middle_dw2e-3,eval_nelbo,200,1780257597.01489,3.136645793914795,tensor,/home/jordan/runs/ardm/guidance_advanceddisc_middle_dw2e-3/events.out.tfevents.1780224231.DESKTOP-3CMUNGL.524955.0.v2
guidance_advanceddisc_middle_dw2e-3,eval_nelbo_policy_50,200,1780258310.984615,3.1742382049560547,tensor,/home/jordan/runs/ardm/guidance_advanceddisc_middle_dw2e-3/events.out.tfevents.1780224231.DESKTOP-3CMUNGL.524955.0.v2
guidance_advanceddisc_middle_dw2e-3,eval_nelbo_policy_naive,200,1780258270.964178,3.132896900177002,tensor,/home/jordan/runs/ardm/guidance_advanceddisc_middle_dw2e-3/events.out.tfevents.1780224231.DESKTOP-3CMUNGL.524955.0.v2
guidance_advanceddisc_middle_dw2e-3,eval_ssim,200,1780258152.968757,0.041495442390441895,tensor,/home/jordan/runs/ardm/guidance_advanceddisc_middle_dw2e-3/events.out.tfevents.1780224231.DESKTOP-3CMUNGL.524955.0.v2
guidance_advanceddisc_middle_dw2e-3,fake_mid_feature_mean,200,1780257597.017455,0.784942626953125,tensor,/home/jordan/runs/ardm/guidance_advanceddisc_middle_dw2e-3/events.out.tfevents.1780224231.DESKTOP-3CMUNGL.524955.0.v2
guidance_advanceddisc_middle_dw2e-3,fake_mid_feature_norm,200,1780257597.017031,767.9738159179688,tensor,/home/jordan/runs/ardm/guidance_advanceddisc_middle_dw2e-3/events.out.tfevents.1780224231.DESKTOP-3CMUNGL.524955.0.v2
guidance_advanceddisc_middle_dw2e-3,gen_mid_loss,200,1780257597.015292,2.55715274810791,tensor,/home/jordan/runs/ardm/guidance_advanceddisc_middle_dw2e-3/events.out.tfevents.1780224231.DESKTOP-3CMUNGL.524955.0.v2
guidance_advanceddisc_middle_dw2e-3,grad_norm,200,1780257597.01461,5.291513919830322,tensor,/home/jordan/runs/ardm/guidance_advanceddisc_middle_dw2e-3/events.out.tfevents.1780224231.DESKTOP-3CMUNGL.524955.0.v2
guidance_advanceddisc_middle_dw2e-3,guidance_progress,200,1780257597.016662,1.0,tensor,/home/jordan/runs/ardm/guidance_advanceddisc_middle_dw2e-3/events.out.tfevents.1780224231.DESKTOP-3CMUNGL.524955.0.v2
guidance_advanceddisc_middle_dw2e-3,mask_fraction_observed,200,1780257597.016819,0.4988152086734772,tensor,/home/jordan/runs/ardm/guidance_advanceddisc_middle_dw2e-3/events.out.tfevents.1780224231.DESKTOP-3CMUNGL.524955.0.v2
guidance_advanceddisc_middle_dw2e-3,mid_feature_cosine,200,1780257597.017297,0.9998267292976379,tensor,/home/jordan/runs/ardm/guidance_advanceddisc_middle_dw2e-3/events.out.tfevents.1780224231.DESKTOP-3CMUNGL.524955.0.v2
guidance_advanceddisc_middle_dw2e-3,real_mid_feature_mean,200,1780257597.017611,0.778096616268158,tensor,/home/jordan/runs/ardm/guidance_advanceddisc_middle_dw2e-3/events.out.tfevents.1780224231.DESKTOP-3CMUNGL.524955.0.v2
guidance_advanceddisc_middle_dw2e-3,real_mid_feature_norm,200,1780257597.017199,758.432861328125,tensor,/home/jordan/runs/ardm/guidance_advanceddisc_middle_dw2e-3/events.out.tfevents.1780224231.DESKTOP-3CMUNGL.524955.0.v2
guidance_advanceddisc_middle_dw2e-3,reason_mid_loss,200,1780257597.016231,0.00017326358647551388,tensor,/home/jordan/runs/ardm/guidance_advanceddisc_middle_dw2e-3/events.out.tfevents.1780224231.DESKTOP-3CMUNGL.524955.0.v2
guidance_advanceddisc_middle_dw2e-3,reason_weight_mid,200,1780257597.016342,0.0,tensor,/home/jordan/runs/ardm/guidance_advanceddisc_middle_dw2e-3/events.out.tfevents.1780224231.DESKTOP-3CMUNGL.524955.0.v2
guidance_advanceddisc_middle_dw2e-3,train_ce,200,1780257597.012275,0.4483806788921356,tensor,/home/jordan/runs/ardm/guidance_advanceddisc_middle_dw2e-3/events.out.tfevents.1780224231.DESKTOP-3CMUNGL.524955.0.v2
guidance_advanceddisc_middle_dw2e-3,train_loss,200,1780257597.010623,3.1778311729431152,tensor,/home/jordan/runs/ardm/guidance_advanceddisc_middle_dw2e-3/events.out.tfevents.1780224231.DESKTOP-3CMUNGL.524955.0.v2
guidance_advanceddisc_middle_dw2e-3,train_nelbo,200,1780257597.012104,3.172268867492676,tensor,/home/jordan/runs/ardm/guidance_advanceddisc_middle_dw2e-3/events.out.tfevents.1780224231.DESKTOP-3CMUNGL.524955.0.v2
guidance_advanceddisc_middle_dw2e-3,train_nelbo_steps_100,200,1780258310.98523,3.1817710399627686,tensor,/home/jordan/runs/ardm/guidance_advanceddisc_middle_dw2e-3/events.out.tfevents.1780224231.DESKTOP-3CMUNGL.524955.0.v2
guidance_advanceddisc_middle_dw2e-3,train_nelbo_steps_50,200,1780258310.985063,3.1957950592041016,tensor,/home/jordan/runs/ardm/guidance_advanceddisc_middle_dw2e-3/events.out.tfevents.1780224231.DESKTOP-3CMUNGL.524955.0.v2
guidance_advanceddisc_middle_dw5e-4,ardm_loss,200,1780561424.283596,3.172255277633667,tensor,/home/jordan/runs/ardm/guidance_advanceddisc_middle_dw5e-4/events.out.tfevents.1780524332.DESKTOP-3CMUNGL.966078.0.v2
guidance_advanceddisc_middle_dw5e-4,disc_mid_fake_logits,200,1780561424.287336,-2.497131586074829,tensor,/home/jordan/runs/ardm/guidance_advanceddisc_middle_dw5e-4/events.out.tfevents.1780524332.DESKTOP-3CMUNGL.966078.0.v2
guidance_advanceddisc_middle_dw5e-4,disc_mid_fake_logits_std,200,1780561424.293003,1.4925346374511719,tensor,/home/jordan/runs/ardm/guidance_advanceddisc_middle_dw5e-4/events.out.tfevents.1780524332.DESKTOP-3CMUNGL.966078.0.v2
guidance_advanceddisc_middle_dw5e-4,disc_mid_grad_norm,200,1780561424.293712,405.6099853515625,tensor,/home/jordan/runs/ardm/guidance_advanceddisc_middle_dw5e-4/events.out.tfevents.1780524332.DESKTOP-3CMUNGL.966078.0.v2
guidance_advanceddisc_middle_dw5e-4,disc_mid_logit_abs_mean,200,1780561424.297828,2.1595635414123535,tensor,/home/jordan/runs/ardm/guidance_advanceddisc_middle_dw5e-4/events.out.tfevents.1780524332.DESKTOP-3CMUNGL.966078.0.v2
guidance_advanceddisc_middle_dw5e-4,disc_mid_loss,200,1780561424.286129,0.45535534620285034,tensor,/home/jordan/runs/ardm/guidance_advanceddisc_middle_dw5e-4/events.out.tfevents.1780524332.DESKTOP-3CMUNGL.966078.0.v2
guidance_advanceddisc_middle_dw5e-4,disc_mid_real_logits,200,1780561424.286762,1.54489004611969,tensor,/home/jordan/runs/ardm/guidance_advanceddisc_middle_dw5e-4/events.out.tfevents.1780524332.DESKTOP-3CMUNGL.966078.0.v2
guidance_advanceddisc_middle_dw5e-4,disc_mid_real_logits_std,200,1780561424.291584,0.5618369579315186,tensor,/home/jordan/runs/ardm/guidance_advanceddisc_middle_dw5e-4/events.out.tfevents.1780524332.DESKTOP-3CMUNGL.966078.0.v2
guidance_advanceddisc_middle_dw5e-4,disc_train_factor,200,1780561424.296144,1.0,tensor,/home/jordan/runs/ardm/guidance_advanceddisc_middle_dw5e-4/events.out.tfevents.1780524332.DESKTOP-3CMUNGL.966078.0.v2
guidance_advanceddisc_middle_dw5e-4,disc_weight_mid,200,1780561424.288533,0.0005000000237487257,tensor,/home/jordan/runs/ardm/guidance_advanceddisc_middle_dw5e-4/events.out.tfevents.1780524332.DESKTOP-3CMUNGL.966078.0.v2
guidance_advanceddisc_middle_dw5e-4,eval_fid,200,1780562048.373042,213.8501434326172,tensor,/home/jordan/runs/ardm/guidance_advanceddisc_middle_dw5e-4/events.out.tfevents.1780524332.DESKTOP-3CMUNGL.966078.0.v2
guidance_advanceddisc_middle_dw5e-4,eval_is_mean,200,1780562048.373356,2.8194379806518555,tensor,/home/jordan/runs/ardm/guidance_advanceddisc_middle_dw5e-4/events.out.tfevents.1780524332.DESKTOP-3CMUNGL.966078.0.v2
guidance_advanceddisc_middle_dw5e-4,eval_is_std,200,1780562048.373862,0.3975412845611572,tensor,/home/jordan/runs/ardm/guidance_advanceddisc_middle_dw5e-4/events.out.tfevents.1780524332.DESKTOP-3CMUNGL.966078.0.v2
guidance_advanceddisc_middle_dw5e-4,eval_nelbo,200,1780561424.281639,3.1377012729644775,tensor,/home/jordan/runs/ardm/guidance_advanceddisc_middle_dw5e-4/events.out.tfevents.1780524332.DESKTOP-3CMUNGL.966078.0.v2
guidance_advanceddisc_middle_dw5e-4,eval_nelbo_policy_50,200,1780562217.022144,3.1723718643188477,tensor,/home/jordan/runs/ardm/guidance_advanceddisc_middle_dw5e-4/events.out.tfevents.1780524332.DESKTOP-3CMUNGL.966078.0.v2
guidance_advanceddisc_middle_dw5e-4,eval_nelbo_policy_naive,200,1780562176.759113,3.135551929473877,tensor,/home/jordan/runs/ardm/guidance_advanceddisc_middle_dw5e-4/events.out.tfevents.1780524332.DESKTOP-3CMUNGL.966078.0.v2
guidance_advanceddisc_middle_dw5e-4,eval_ssim,200,1780562048.374652,0.0430099181830883,tensor,/home/jordan/runs/ardm/guidance_advanceddisc_middle_dw5e-4/events.out.tfevents.1780524332.DESKTOP-3CMUNGL.966078.0.v2
guidance_advanceddisc_middle_dw5e-4,fake_mid_feature_mean,200,1780561424.30323,0.2228972464799881,tensor,/home/jordan/runs/ardm/guidance_advanceddisc_middle_dw5e-4/events.out.tfevents.1780524332.DESKTOP-3CMUNGL.966078.0.v2
guidance_advanceddisc_middle_dw5e-4,fake_mid_feature_norm,200,1780561424.299114,737.8364868164062,tensor,/home/jordan/runs/ardm/guidance_advanceddisc_middle_dw5e-4/events.out.tfevents.1780524332.DESKTOP-3CMUNGL.966078.0.v2
guidance_advanceddisc_middle_dw5e-4,gen_mid_loss,200,1780561424.284814,2.497131586074829,tensor,/home/jordan/runs/ardm/guidance_advanceddisc_middle_dw5e-4/events.out.tfevents.1780524332.DESKTOP-3CMUNGL.966078.0.v2
guidance_advanceddisc_middle_dw5e-4,grad_norm,200,1780561424.280574,5.1544976234436035,tensor,/home/jordan/runs/ardm/guidance_advanceddisc_middle_dw5e-4/events.out.tfevents.1780524332.DESKTOP-3CMUNGL.966078.0.v2
guidance_advanceddisc_middle_dw5e-4,guidance_progress,200,1780561424.294989,1.0,tensor,/home/jordan/runs/ardm/guidance_advanceddisc_middle_dw5e-4/events.out.tfevents.1780524332.DESKTOP-3CMUNGL.966078.0.v2
guidance_advanceddisc_middle_dw5e-4,mask_fraction_observed,200,1780561424.29677,0.4988152086734772,tensor,/home/jordan/runs/ardm/guidance_advanceddisc_middle_dw5e-4/events.out.tfevents.1780524332.DESKTOP-3CMUNGL.966078.0.v2
guidance_advanceddisc_middle_dw5e-4,mid_feature_cosine,200,1780561424.301671,0.9998074769973755,tensor,/home/jordan/runs/ardm/guidance_advanceddisc_middle_dw5e-4/events.out.tfevents.1780524332.DESKTOP-3CMUNGL.966078.0.v2
guidance_advanceddisc_middle_dw5e-4,real_mid_feature_mean,200,1780561424.304067,0.2383744865655899,tensor,/home/jordan/runs/ardm/guidance_advanceddisc_middle_dw5e-4/events.out.tfevents.1780524332.DESKTOP-3CMUNGL.966078.0.v2
guidance_advanceddisc_middle_dw5e-4,real_mid_feature_norm,200,1780561424.299732,729.6348266601562,tensor,/home/jordan/runs/ardm/guidance_advanceddisc_middle_dw5e-4/events.out.tfevents.1780524332.DESKTOP-3CMUNGL.966078.0.v2
guidance_advanceddisc_middle_dw5e-4,reason_mid_loss,200,1780561424.289786,0.00019252618949394673,tensor,/home/jordan/runs/ardm/guidance_advanceddisc_middle_dw5e-4/events.out.tfevents.1780524332.DESKTOP-3CMUNGL.966078.0.v2
guidance_advanceddisc_middle_dw5e-4,reason_weight_mid,200,1780561424.290488,0.0,tensor,/home/jordan/runs/ardm/guidance_advanceddisc_middle_dw5e-4/events.out.tfevents.1780524332.DESKTOP-3CMUNGL.966078.0.v2
guidance_advanceddisc_middle_dw5e-4,train_ce,200,1780561424.276604,0.44796156883239746,tensor,/home/jordan/runs/ardm/guidance_advanceddisc_middle_dw5e-4/events.out.tfevents.1780524332.DESKTOP-3CMUNGL.966078.0.v2
guidance_advanceddisc_middle_dw5e-4,train_loss,200,1780561424.274802,3.173504114151001,tensor,/home/jordan/runs/ardm/guidance_advanceddisc_middle_dw5e-4/events.out.tfevents.1780524332.DESKTOP-3CMUNGL.966078.0.v2
guidance_advanceddisc_middle_dw5e-4,train_nelbo,200,1780561424.276064,3.1718075275421143,tensor,/home/jordan/runs/ardm/guidance_advanceddisc_middle_dw5e-4/events.out.tfevents.1780524332.DESKTOP-3CMUNGL.966078.0.v2
guidance_advanceddisc_middle_dw5e-4,train_nelbo_steps_100,200,1780562217.022719,3.182864189147949,tensor,/home/jordan/runs/ardm/guidance_advanceddisc_middle_dw5e-4/events.out.tfevents.1780524332.DESKTOP-3CMUNGL.966078.0.v2
guidance_advanceddisc_middle_dw5e-4,train_nelbo_steps_50,200,1780562217.022595,3.1970343589782715,tensor,/home/jordan/runs/ardm/guidance_advanceddisc_middle_dw5e-4/events.out.tfevents.1780524332.DESKTOP-3CMUNGL.966078.0.v2
guidance_advanceddisc_middle_end_dw1e-4,ardm_loss,200,1780598706.343032,3.173053741455078,tensor,/home/jordan/runs/ardm/guidance_advanceddisc_middle_end_dw1e-4/events.out.tfevents.1780562281.DESKTOP-3CMUNGL.999372.0.v2
guidance_advanceddisc_middle_end_dw1e-4,disc_end_fake_logits,200,1780598706.34398,-0.24374105036258698,tensor,/home/jordan/runs/ardm/guidance_advanceddisc_middle_end_dw1e-4/events.out.tfevents.1780562281.DESKTOP-3CMUNGL.999372.0.v2
guidance_advanceddisc_middle_end_dw1e-4,disc_end_fake_logits_std,200,1780598706.346008,0.8128240704536438,tensor,/home/jordan/runs/ardm/guidance_advanceddisc_middle_end_dw1e-4/events.out.tfevents.1780562281.DESKTOP-3CMUNGL.999372.0.v2
guidance_advanceddisc_middle_end_dw1e-4,disc_end_grad_norm,200,1780598706.354456,17.888282775878906,tensor,/home/jordan/runs/ardm/guidance_advanceddisc_middle_end_dw1e-4/events.out.tfevents.1780562281.DESKTOP-3CMUNGL.999372.0.v2
guidance_advanceddisc_middle_end_dw1e-4,disc_end_logit_abs_mean,200,1780598706.357866,0.7891479730606079,tensor,/home/jordan/runs/ardm/guidance_advanceddisc_middle_end_dw1e-4/events.out.tfevents.1780562281.DESKTOP-3CMUNGL.999372.0.v2
guidance_advanceddisc_middle_end_dw1e-4,disc_end_loss,200,1780598706.343458,1.5296902656555176,tensor,/home/jordan/runs/ardm/guidance_advanceddisc_middle_end_dw1e-4/events.out.tfevents.1780562281.DESKTOP-3CMUNGL.999372.0.v2
guidance_advanceddisc_middle_end_dw1e-4,disc_end_real_logits,200,1780598706.343898,0.28630974888801575,tensor,/home/jordan/runs/ardm/guidance_advanceddisc_middle_end_dw1e-4/events.out.tfevents.1780562281.DESKTOP-3CMUNGL.999372.0.v2
guidance_advanceddisc_middle_end_dw1e-4,disc_end_real_logits_std,200,1780598706.345827,0.7914571762084961,tensor,/home/jordan/runs/ardm/guidance_advanceddisc_middle_end_dw1e-4/events.out.tfevents.1780562281.DESKTOP-3CMUNGL.999372.0.v2
guidance_advanceddisc_middle_end_dw1e-4,disc_mid_fake_logits,200,1780598706.343779,-1.8472650051116943,tensor,/home/jordan/runs/ardm/guidance_advanceddisc_middle_end_dw1e-4/events.out.tfevents.1780562281.DESKTOP-3CMUNGL.999372.0.v2
guidance_advanceddisc_middle_end_dw1e-4,disc_mid_fake_logits_std,200,1780598706.345447,1.6261712312698364,tensor,/home/jordan/runs/ardm/guidance_advanceddisc_middle_end_dw1e-4/events.out.tfevents.1780562281.DESKTOP-3CMUNGL.999372.0.v2
guidance_advanceddisc_middle_end_dw1e-4,disc_mid_grad_norm,200,1780598706.352941,399.10565185546875,tensor,/home/jordan/runs/ardm/guidance_advanceddisc_middle_end_dw1e-4/events.out.tfevents.1780562281.DESKTOP-3CMUNGL.999372.0.v2
guidance_advanceddisc_middle_end_dw1e-4,disc_mid_logit_abs_mean,200,1780598706.357159,1.6825695037841797,tensor,/home/jordan/runs/ardm/guidance_advanceddisc_middle_end_dw1e-4/events.out.tfevents.1780562281.DESKTOP-3CMUNGL.999372.0.v2
guidance_advanceddisc_middle_end_dw1e-4,disc_mid_loss,200,1780598706.343378,0.7297881245613098,tensor,/home/jordan/runs/ardm/guidance_advanceddisc_middle_end_dw1e-4/events.out.tfevents.1780562281.DESKTOP-3CMUNGL.999372.0.v2
guidance_advanceddisc_middle_end_dw1e-4,disc_mid_real_logits,200,1780598706.343665,1.0484355688095093,tensor,/home/jordan/runs/ardm/guidance_advanceddisc_middle_end_dw1e-4/events.out.tfevents.1780562281.DESKTOP-3CMUNGL.999372.0.v2
guidance_advanceddisc_middle_end_dw1e-4,disc_mid_real_logits_std,200,1780598706.345337,0.6118396520614624,tensor,/home/jordan/runs/ardm/guidance_advanceddisc_middle_end_dw1e-4/events.out.tfevents.1780562281.DESKTOP-3CMUNGL.999372.0.v2
guidance_advanceddisc_middle_end_dw1e-4,disc_train_factor,200,1780598706.356472,1.0,tensor,/home/jordan/runs/ardm/guidance_advanceddisc_middle_end_dw1e-4/events.out.tfevents.1780562281.DESKTOP-3CMUNGL.999372.0.v2
guidance_advanceddisc_middle_end_dw1e-4,disc_weight_end,200,1780598706.344136,9.999998292187229e-05,tensor,/home/jordan/runs/ardm/guidance_advanceddisc_middle_end_dw1e-4/events.out.tfevents.1780562281.DESKTOP-3CMUNGL.999372.0.v2
guidance_advanceddisc_middle_end_dw1e-4,disc_weight_mid,200,1780598706.344059,9.999998292187229e-05,tensor,/home/jordan/runs/ardm/guidance_advanceddisc_middle_end_dw1e-4/events.out.tfevents.1780562281.DESKTOP-3CMUNGL.999372.0.v2
guidance_advanceddisc_middle_end_dw1e-4,end_feature_cosine,200,1780598706.363422,0.9955413937568665,tensor,/home/jordan/runs/ardm/guidance_advanceddisc_middle_end_dw1e-4/events.out.tfevents.1780562281.DESKTOP-3CMUNGL.999372.0.v2
guidance_advanceddisc_middle_end_dw1e-4,eval_fid,200,1780599241.074749,211.420166015625,tensor,/home/jordan/runs/ardm/guidance_advanceddisc_middle_end_dw1e-4/events.out.tfevents.1780562281.DESKTOP-3CMUNGL.999372.0.v2
guidance_advanceddisc_middle_end_dw1e-4,eval_is_mean,200,1780599241.075105,2.5173845291137695,tensor,/home/jordan/runs/ardm/guidance_advanceddisc_middle_end_dw1e-4/events.out.tfevents.1780562281.DESKTOP-3CMUNGL.999372.0.v2
guidance_advanceddisc_middle_end_dw1e-4,eval_is_std,200,1780599241.075261,0.6379817128181458,tensor,/home/jordan/runs/ardm/guidance_advanceddisc_middle_end_dw1e-4/events.out.tfevents.1780562281.DESKTOP-3CMUNGL.999372.0.v2
guidance_advanceddisc_middle_end_dw1e-4,eval_nelbo,200,1780598706.342423,3.1353909969329834,tensor,/home/jordan/runs/ardm/guidance_advanceddisc_middle_end_dw1e-4/events.out.tfevents.1780562281.DESKTOP-3CMUNGL.999372.0.v2
guidance_advanceddisc_middle_end_dw1e-4,eval_nelbo_policy_50,200,1780599389.750619,3.1688032150268555,tensor,/home/jordan/runs/ardm/guidance_advanceddisc_middle_end_dw1e-4/events.out.tfevents.1780562281.DESKTOP-3CMUNGL.999372.0.v2
guidance_advanceddisc_middle_end_dw1e-4,eval_nelbo_policy_naive,200,1780599352.750805,3.1320838928222656,tensor,/home/jordan/runs/ardm/guidance_advanceddisc_middle_end_dw1e-4/events.out.tfevents.1780562281.DESKTOP-3CMUNGL.999372.0.v2
guidance_advanceddisc_middle_end_dw1e-4,eval_ssim,200,1780599241.075368,0.03173891827464104,tensor,/home/jordan/runs/ardm/guidance_advanceddisc_middle_end_dw1e-4/events.out.tfevents.1780562281.DESKTOP-3CMUNGL.999372.0.v2
guidance_advanceddisc_middle_end_dw1e-4,fake_end_feature_mean,200,1780598706.364952,0.2864517867565155,tensor,/home/jordan/runs/ardm/guidance_advanceddisc_middle_end_dw1e-4/events.out.tfevents.1780562281.DESKTOP-3CMUNGL.999372.0.v2
guidance_advanceddisc_middle_end_dw1e-4,fake_end_feature_norm,200,1780598706.360354,5.753533363342285,tensor,/home/jordan/runs/ardm/guidance_advanceddisc_middle_end_dw1e-4/events.out.tfevents.1780562281.DESKTOP-3CMUNGL.999372.0.v2
guidance_advanceddisc_middle_end_dw1e-4,fake_mid_feature_mean,200,1780598706.363686,-0.8925459384918213,tensor,/home/jordan/runs/ardm/guidance_advanceddisc_middle_end_dw1e-4/events.out.tfevents.1780562281.DESKTOP-3CMUNGL.999372.0.v2
guidance_advanceddisc_middle_end_dw1e-4,fake_mid_feature_norm,200,1780598706.359011,447.76727294921875,tensor,/home/jordan/runs/ardm/guidance_advanceddisc_middle_end_dw1e-4/events.out.tfevents.1780562281.DESKTOP-3CMUNGL.999372.0.v2
guidance_advanceddisc_middle_end_dw1e-4,gen_end_loss,200,1780598706.34329,0.24374105036258698,tensor,/home/jordan/runs/ardm/guidance_advanceddisc_middle_end_dw1e-4/events.out.tfevents.1780562281.DESKTOP-3CMUNGL.999372.0.v2
guidance_advanceddisc_middle_end_dw1e-4,gen_mid_loss,200,1780598706.343189,1.8472650051116943,tensor,/home/jordan/runs/ardm/guidance_advanceddisc_middle_end_dw1e-4/events.out.tfevents.1780562281.DESKTOP-3CMUNGL.999372.0.v2
guidance_advanceddisc_middle_end_dw1e-4,grad_norm,200,1780598706.34233,5.285333633422852,tensor,/home/jordan/runs/ardm/guidance_advanceddisc_middle_end_dw1e-4/events.out.tfevents.1780562281.DESKTOP-3CMUNGL.999372.0.v2
guidance_advanceddisc_middle_end_dw1e-4,guidance_progress,200,1780598706.355806,1.0,tensor,/home/jordan/runs/ardm/guidance_advanceddisc_middle_end_dw1e-4/events.out.tfevents.1780562281.DESKTOP-3CMUNGL.999372.0.v2
guidance_advanceddisc_middle_end_dw1e-4,mask_fraction_observed,200,1780598706.356601,0.4988152086734772,tensor,/home/jordan/runs/ardm/guidance_advanceddisc_middle_end_dw1e-4/events.out.tfevents.1780562281.DESKTOP-3CMUNGL.999372.0.v2
guidance_advanceddisc_middle_end_dw1e-4,mid_feature_cosine,200,1780598706.361607,0.9952263832092285,tensor,/home/jordan/runs/ardm/guidance_advanceddisc_middle_end_dw1e-4/events.out.tfevents.1780562281.DESKTOP-3CMUNGL.999372.0.v2
guidance_advanceddisc_middle_end_dw1e-4,real_end_feature_mean,200,1780598706.366098,0.2911759912967682,tensor,/home/jordan/runs/ardm/guidance_advanceddisc_middle_end_dw1e-4/events.out.tfevents.1780562281.DESKTOP-3CMUNGL.999372.0.v2
guidance_advanceddisc_middle_end_dw1e-4,real_end_feature_norm,200,1780598706.360908,5.813298225402832,tensor,/home/jordan/runs/ardm/guidance_advanceddisc_middle_end_dw1e-4/events.out.tfevents.1780562281.DESKTOP-3CMUNGL.999372.0.v2
guidance_advanceddisc_middle_end_dw1e-4,real_mid_feature_mean,200,1780598706.364292,-0.9349652528762817,tensor,/home/jordan/runs/ardm/guidance_advanceddisc_middle_end_dw1e-4/events.out.tfevents.1780562281.DESKTOP-3CMUNGL.999372.0.v2
guidance_advanceddisc_middle_end_dw1e-4,real_mid_feature_norm,200,1780598706.360227,450.0593566894531,tensor,/home/jordan/runs/ardm/guidance_advanceddisc_middle_end_dw1e-4/events.out.tfevents.1780562281.DESKTOP-3CMUNGL.999372.0.v2
guidance_advanceddisc_middle_end_dw1e-4,reason_end_loss,200,1780598706.344295,0.004458609037101269,tensor,/home/jordan/runs/ardm/guidance_advanceddisc_middle_end_dw1e-4/events.out.tfevents.1780562281.DESKTOP-3CMUNGL.999372.0.v2
guidance_advanceddisc_middle_end_dw1e-4,reason_mid_loss,200,1780598706.344217,0.004773563705384731,tensor,/home/jordan/runs/ardm/guidance_advanceddisc_middle_end_dw1e-4/events.out.tfevents.1780562281.DESKTOP-3CMUNGL.999372.0.v2
guidance_advanceddisc_middle_end_dw1e-4,reason_weight_end,200,1780598706.345159,0.0,tensor,/home/jordan/runs/ardm/guidance_advanceddisc_middle_end_dw1e-4/events.out.tfevents.1780562281.DESKTOP-3CMUNGL.999372.0.v2
guidance_advanceddisc_middle_end_dw1e-4,reason_weight_mid,200,1780598706.344374,0.0,tensor,/home/jordan/runs/ardm/guidance_advanceddisc_middle_end_dw1e-4/events.out.tfevents.1780562281.DESKTOP-3CMUNGL.999372.0.v2
guidance_advanceddisc_middle_end_dw1e-4,train_ce,200,1780598706.342222,0.4479677379131317,tensor,/home/jordan/runs/ardm/guidance_advanceddisc_middle_end_dw1e-4/events.out.tfevents.1780562281.DESKTOP-3CMUNGL.999372.0.v2
guidance_advanceddisc_middle_end_dw1e-4,train_loss,200,1780598706.339344,3.173262596130371,tensor,/home/jordan/runs/ardm/guidance_advanceddisc_middle_end_dw1e-4/events.out.tfevents.1780562281.DESKTOP-3CMUNGL.999372.0.v2
guidance_advanceddisc_middle_end_dw1e-4,train_nelbo,200,1780598706.342028,3.172605514526367,tensor,/home/jordan/runs/ardm/guidance_advanceddisc_middle_end_dw1e-4/events.out.tfevents.1780562281.DESKTOP-3CMUNGL.999372.0.v2
guidance_advanceddisc_middle_end_dw1e-4,train_nelbo_steps_100,200,1780599389.750948,3.1806039810180664,tensor,/home/jordan/runs/ardm/guidance_advanceddisc_middle_end_dw1e-4/events.out.tfevents.1780562281.DESKTOP-3CMUNGL.999372.0.v2
guidance_advanceddisc_middle_end_dw1e-4,train_nelbo_steps_50,200,1780599389.750842,3.19488525390625,tensor,/home/jordan/runs/ardm/guidance_advanceddisc_middle_end_dw1e-4/events.out.tfevents.1780562281.DESKTOP-3CMUNGL.999372.0.v2
guidance_advanceddisc_middle_end_dw2e-3,ardm_loss,200,1780672682.130456,3.174286365509033,tensor,/home/jordan/runs/ardm/guidance_advanceddisc_middle_end_dw2e-3/events.out.tfevents.1780637432.DESKTOP-3CMUNGL.1067893.0.v2
guidance_advanceddisc_middle_end_dw2e-3,disc_end_fake_logits,200,1780672682.132185,-0.12546925246715546,tensor,/home/jordan/runs/ardm/guidance_advanceddisc_middle_end_dw2e-3/events.out.tfevents.1780637432.DESKTOP-3CMUNGL.1067893.0.v2
guidance_advanceddisc_middle_end_dw2e-3,disc_end_fake_logits_std,200,1780672682.134546,0.7730953097343445,tensor,/home/jordan/runs/ardm/guidance_advanceddisc_middle_end_dw2e-3/events.out.tfevents.1780637432.DESKTOP-3CMUNGL.1067893.0.v2
guidance_advanceddisc_middle_end_dw2e-3,disc_end_grad_norm,200,1780672682.134881,14.639124870300293,tensor,/home/jordan/runs/ardm/guidance_advanceddisc_middle_end_dw2e-3/events.out.tfevents.1780637432.DESKTOP-3CMUNGL.1067893.0.v2
guidance_advanceddisc_middle_end_dw2e-3,disc_end_logit_abs_mean,200,1780672682.147882,0.7379457950592041,tensor,/home/jordan/runs/ardm/guidance_advanceddisc_middle_end_dw2e-3/events.out.tfevents.1780637432.DESKTOP-3CMUNGL.1067893.0.v2
guidance_advanceddisc_middle_end_dw2e-3,disc_end_loss,200,1780672682.131441,1.7496365308761597,tensor,/home/jordan/runs/ardm/guidance_advanceddisc_middle_end_dw2e-3/events.out.tfevents.1780637432.DESKTOP-3CMUNGL.1067893.0.v2
guidance_advanceddisc_middle_end_dw2e-3,disc_end_real_logits,200,1780672682.132065,0.14457231760025024,tensor,/home/jordan/runs/ardm/guidance_advanceddisc_middle_end_dw2e-3/events.out.tfevents.1780637432.DESKTOP-3CMUNGL.1067893.0.v2
guidance_advanceddisc_middle_end_dw2e-3,disc_end_real_logits_std,200,1780672682.134199,0.7697920799255371,tensor,/home/jordan/runs/ardm/guidance_advanceddisc_middle_end_dw2e-3/events.out.tfevents.1780637432.DESKTOP-3CMUNGL.1067893.0.v2
guidance_advanceddisc_middle_end_dw2e-3,disc_mid_fake_logits,200,1780672682.131787,-2.570190668106079,tensor,/home/jordan/runs/ardm/guidance_advanceddisc_middle_end_dw2e-3/events.out.tfevents.1780637432.DESKTOP-3CMUNGL.1067893.0.v2
guidance_advanceddisc_middle_end_dw2e-3,disc_mid_fake_logits_std,200,1780672682.134036,1.4355987310409546,tensor,/home/jordan/runs/ardm/guidance_advanceddisc_middle_end_dw2e-3/events.out.tfevents.1780637432.DESKTOP-3CMUNGL.1067893.0.v2
guidance_advanceddisc_middle_end_dw2e-3,disc_mid_grad_norm,200,1780672682.134736,381.1872863769531,tensor,/home/jordan/runs/ardm/guidance_advanceddisc_middle_end_dw2e-3/events.out.tfevents.1780637432.DESKTOP-3CMUNGL.1067893.0.v2
guidance_advanceddisc_middle_end_dw2e-3,disc_mid_logit_abs_mean,200,1780672682.146289,2.1984012126922607,tensor,/home/jordan/runs/ardm/guidance_advanceddisc_middle_end_dw2e-3/events.out.tfevents.1780637432.DESKTOP-3CMUNGL.1067893.0.v2
guidance_advanceddisc_middle_end_dw2e-3,disc_mid_loss,200,1780672682.131294,0.4400672912597656,tensor,/home/jordan/runs/ardm/guidance_advanceddisc_middle_end_dw2e-3/events.out.tfevents.1780637432.DESKTOP-3CMUNGL.1067893.0.v2
guidance_advanceddisc_middle_end_dw2e-3,disc_mid_real_logits,200,1780672682.131661,1.5501387119293213,tensor,/home/jordan/runs/ardm/guidance_advanceddisc_middle_end_dw2e-3/events.out.tfevents.1780637432.DESKTOP-3CMUNGL.1067893.0.v2
guidance_advanceddisc_middle_end_dw2e-3,disc_mid_real_logits_std,200,1780672682.132791,0.4873155951499939,tensor,/home/jordan/runs/ardm/guidance_advanceddisc_middle_end_dw2e-3/events.out.tfevents.1780637432.DESKTOP-3CMUNGL.1067893.0.v2
guidance_advanceddisc_middle_end_dw2e-3,disc_train_factor,200,1780672682.145006,1.0,tensor,/home/jordan/runs/ardm/guidance_advanceddisc_middle_end_dw2e-3/events.out.tfevents.1780637432.DESKTOP-3CMUNGL.1067893.0.v2
guidance_advanceddisc_middle_end_dw2e-3,disc_weight_end,200,1780672682.132358,0.0020000000949949026,tensor,/home/jordan/runs/ardm/guidance_advanceddisc_middle_end_dw2e-3/events.out.tfevents.1780637432.DESKTOP-3CMUNGL.1067893.0.v2
guidance_advanceddisc_middle_end_dw2e-3,disc_weight_mid,200,1780672682.132274,0.0020000000949949026,tensor,/home/jordan/runs/ardm/guidance_advanceddisc_middle_end_dw2e-3/events.out.tfevents.1780637432.DESKTOP-3CMUNGL.1067893.0.v2
guidance_advanceddisc_middle_end_dw2e-3,end_feature_cosine,200,1780672682.156108,0.9959861040115356,tensor,/home/jordan/runs/ardm/guidance_advanceddisc_middle_end_dw2e-3/events.out.tfevents.1780637432.DESKTOP-3CMUNGL.1067893.0.v2
guidance_advanceddisc_middle_end_dw2e-3,eval_fid,200,1780673347.470506,209.6244354248047,tensor,/home/jordan/runs/ardm/guidance_advanceddisc_middle_end_dw2e-3/events.out.tfevents.1780637432.DESKTOP-3CMUNGL.1067893.0.v2
guidance_advanceddisc_middle_end_dw2e-3,eval_is_mean,200,1780673347.470976,2.7346386909484863,tensor,/home/jordan/runs/ardm/guidance_advanceddisc_middle_end_dw2e-3/events.out.tfevents.1780637432.DESKTOP-3CMUNGL.1067893.0.v2
guidance_advanceddisc_middle_end_dw2e-3,eval_is_std,200,1780673347.47166,0.31678852438926697,tensor,/home/jordan/runs/ardm/guidance_advanceddisc_middle_end_dw2e-3/events.out.tfevents.1780637432.DESKTOP-3CMUNGL.1067893.0.v2
guidance_advanceddisc_middle_end_dw2e-3,eval_nelbo,200,1780672682.130357,3.1395976543426514,tensor,/home/jordan/runs/ardm/guidance_advanceddisc_middle_end_dw2e-3/events.out.tfevents.1780637432.DESKTOP-3CMUNGL.1067893.0.v2
guidance_advanceddisc_middle_end_dw2e-3,eval_nelbo_policy_50,200,1780673514.638332,3.169508695602417,tensor,/home/jordan/runs/ardm/guidance_advanceddisc_middle_end_dw2e-3/events.out.tfevents.1780637432.DESKTOP-3CMUNGL.1067893.0.v2
guidance_advanceddisc_middle_end_dw2e-3,eval_nelbo_policy_naive,200,1780673472.893872,3.1369285583496094,tensor,/home/jordan/runs/ardm/guidance_advanceddisc_middle_end_dw2e-3/events.out.tfevents.1780637432.DESKTOP-3CMUNGL.1067893.0.v2
guidance_advanceddisc_middle_end_dw2e-3,eval_ssim,200,1780673347.471957,0.04002366214990616,tensor,/home/jordan/runs/ardm/guidance_advanceddisc_middle_end_dw2e-3/events.out.tfevents.1780637432.DESKTOP-3CMUNGL.1067893.0.v2
guidance_advanceddisc_middle_end_dw2e-3,fake_end_feature_mean,200,1780672682.158959,0.3464878797531128,tensor,/home/jordan/runs/ardm/guidance_advanceddisc_middle_end_dw2e-3/events.out.tfevents.1780637432.DESKTOP-3CMUNGL.1067893.0.v2
guidance_advanceddisc_middle_end_dw2e-3,fake_end_feature_norm,200,1780672682.151671,5.236321926116943,tensor,/home/jordan/runs/ardm/guidance_advanceddisc_middle_end_dw2e-3/events.out.tfevents.1780637432.DESKTOP-3CMUNGL.1067893.0.v2
guidance_advanceddisc_middle_end_dw2e-3,fake_mid_feature_mean,200,1780672682.156774,-0.3134324550628662,tensor,/home/jordan/runs/ardm/guidance_advanceddisc_middle_end_dw2e-3/events.out.tfevents.1780637432.DESKTOP-3CMUNGL.1067893.0.v2
guidance_advanceddisc_middle_end_dw2e-3,fake_mid_feature_norm,200,1780672682.149716,797.618408203125,tensor,/home/jordan/runs/ardm/guidance_advanceddisc_middle_end_dw2e-3/events.out.tfevents.1780637432.DESKTOP-3CMUNGL.1067893.0.v2
guidance_advanceddisc_middle_end_dw2e-3,gen_end_loss,200,1780672682.130633,0.12546925246715546,tensor,/home/jordan/runs/ardm/guidance_advanceddisc_middle_end_dw2e-3/events.out.tfevents.1780637432.DESKTOP-3CMUNGL.1067893.0.v2
guidance_advanceddisc_middle_end_dw2e-3,gen_mid_loss,200,1780672682.130545,2.570190668106079,tensor,/home/jordan/runs/ardm/guidance_advanceddisc_middle_end_dw2e-3/events.out.tfevents.1780637432.DESKTOP-3CMUNGL.1067893.0.v2
guidance_advanceddisc_middle_end_dw2e-3,grad_norm,200,1780672682.130235,5.553959846496582,tensor,/home/jordan/runs/ardm/guidance_advanceddisc_middle_end_dw2e-3/events.out.tfevents.1780637432.DESKTOP-3CMUNGL.1067893.0.v2
guidance_advanceddisc_middle_end_dw2e-3,guidance_progress,200,1780672682.143221,1.0,tensor,/home/jordan/runs/ardm/guidance_advanceddisc_middle_end_dw2e-3/events.out.tfevents.1780637432.DESKTOP-3CMUNGL.1067893.0.v2
guidance_advanceddisc_middle_end_dw2e-3,mask_fraction_observed,200,1780672682.145652,0.4988152086734772,tensor,/home/jordan/runs/ardm/guidance_advanceddisc_middle_end_dw2e-3/events.out.tfevents.1780637432.DESKTOP-3CMUNGL.1067893.0.v2
guidance_advanceddisc_middle_end_dw2e-3,mid_feature_cosine,200,1780672682.153188,0.9998465776443481,tensor,/home/jordan/runs/ardm/guidance_advanceddisc_middle_end_dw2e-3/events.out.tfevents.1780637432.DESKTOP-3CMUNGL.1067893.0.v2
guidance_advanceddisc_middle_end_dw2e-3,real_end_feature_mean,200,1780672682.159129,0.35024699568748474,tensor,/home/jordan/runs/ardm/guidance_advanceddisc_middle_end_dw2e-3/events.out.tfevents.1780637432.DESKTOP-3CMUNGL.1067893.0.v2
guidance_advanceddisc_middle_end_dw2e-3,real_end_feature_norm,200,1780672682.152522,5.289905071258545,tensor,/home/jordan/runs/ardm/guidance_advanceddisc_middle_end_dw2e-3/events.out.tfevents.1780637432.DESKTOP-3CMUNGL.1067893.0.v2
guidance_advanceddisc_middle_end_dw2e-3,real_mid_feature_mean,200,1780672682.158073,-0.30519580841064453,tensor,/home/jordan/runs/ardm/guidance_advanceddisc_middle_end_dw2e-3/events.out.tfevents.1780637432.DESKTOP-3CMUNGL.1067893.0.v2
guidance_advanceddisc_middle_end_dw2e-3,real_mid_feature_norm,200,1780672682.151407,786.8652954101562,tensor,/home/jordan/runs/ardm/guidance_advanceddisc_middle_end_dw2e-3/events.out.tfevents.1780637432.DESKTOP-3CMUNGL.1067893.0.v2
guidance_advanceddisc_middle_end_dw2e-3,reason_end_loss,200,1780672682.132519,0.004013857338577509,tensor,/home/jordan/runs/ardm/guidance_advanceddisc_middle_end_dw2e-3/events.out.tfevents.1780637432.DESKTOP-3CMUNGL.1067893.0.v2
guidance_advanceddisc_middle_end_dw2e-3,reason_mid_loss,200,1780672682.132439,0.0001533993927296251,tensor,/home/jordan/runs/ardm/guidance_advanceddisc_middle_end_dw2e-3/events.out.tfevents.1780637432.DESKTOP-3CMUNGL.1067893.0.v2
guidance_advanceddisc_middle_end_dw2e-3,reason_weight_end,200,1780672682.132677,0.0,tensor,/home/jordan/runs/ardm/guidance_advanceddisc_middle_end_dw2e-3/events.out.tfevents.1780637432.DESKTOP-3CMUNGL.1067893.0.v2
guidance_advanceddisc_middle_end_dw2e-3,reason_weight_mid,200,1780672682.132598,0.0,tensor,/home/jordan/runs/ardm/guidance_advanceddisc_middle_end_dw2e-3/events.out.tfevents.1780637432.DESKTOP-3CMUNGL.1067893.0.v2
guidance_advanceddisc_middle_end_dw2e-3,train_ce,200,1780672682.129981,0.44846391677856445,tensor,/home/jordan/runs/ardm/guidance_advanceddisc_middle_end_dw2e-3/events.out.tfevents.1780637432.DESKTOP-3CMUNGL.1067893.0.v2
guidance_advanceddisc_middle_end_dw2e-3,train_loss,200,1780672682.125357,3.1796774864196777,tensor,/home/jordan/runs/ardm/guidance_advanceddisc_middle_end_dw2e-3/events.out.tfevents.1780637432.DESKTOP-3CMUNGL.1067893.0.v2
guidance_advanceddisc_middle_end_dw2e-3,train_nelbo,200,1780672682.125627,3.173837900161743,tensor,/home/jordan/runs/ardm/guidance_advanceddisc_middle_end_dw2e-3/events.out.tfevents.1780637432.DESKTOP-3CMUNGL.1067893.0.v2
guidance_advanceddisc_middle_end_dw2e-3,train_nelbo_steps_100,200,1780673514.638667,3.185929298400879,tensor,/home/jordan/runs/ardm/guidance_advanceddisc_middle_end_dw2e-3/events.out.tfevents.1780637432.DESKTOP-3CMUNGL.1067893.0.v2
guidance_advanceddisc_middle_end_dw2e-3,train_nelbo_steps_50,200,1780673514.638556,3.2002320289611816,tensor,/home/jordan/runs/ardm/guidance_advanceddisc_middle_end_dw2e-3/events.out.tfevents.1780637432.DESKTOP-3CMUNGL.1067893.0.v2
guidance_advanceddisc_middle_end_dw5e-4,ardm_loss,200,1780636701.406973,3.1751580238342285,tensor,/home/jordan/runs/ardm/guidance_advanceddisc_middle_end_dw5e-4/events.out.tfevents.1780599435.DESKTOP-3CMUNGL.1033872.0.v2
guidance_advanceddisc_middle_end_dw5e-4,disc_end_fake_logits,200,1780636701.408491,-0.1953105926513672,tensor,/home/jordan/runs/ardm/guidance_advanceddisc_middle_end_dw5e-4/events.out.tfevents.1780599435.DESKTOP-3CMUNGL.1033872.0.v2
guidance_advanceddisc_middle_end_dw5e-4,disc_end_fake_logits_std,200,1780636701.422961,0.8383821249008179,tensor,/home/jordan/runs/ardm/guidance_advanceddisc_middle_end_dw5e-4/events.out.tfevents.1780599435.DESKTOP-3CMUNGL.1033872.0.v2
guidance_advanceddisc_middle_end_dw5e-4,disc_end_grad_norm,200,1780636701.425339,13.75102710723877,tensor,/home/jordan/runs/ardm/guidance_advanceddisc_middle_end_dw5e-4/events.out.tfevents.1780599435.DESKTOP-3CMUNGL.1033872.0.v2
guidance_advanceddisc_middle_end_dw5e-4,disc_end_logit_abs_mean,200,1780636701.430293,0.8338048458099365,tensor,/home/jordan/runs/ardm/guidance_advanceddisc_middle_end_dw5e-4/events.out.tfevents.1780599435.DESKTOP-3CMUNGL.1033872.0.v2
guidance_advanceddisc_middle_end_dw5e-4,disc_end_loss,200,1780636701.407298,1.6294944286346436,tensor,/home/jordan/runs/ardm/guidance_advanceddisc_middle_end_dw5e-4/events.out.tfevents.1780599435.DESKTOP-3CMUNGL.1033872.0.v2
guidance_advanceddisc_middle_end_dw5e-4,disc_end_real_logits,200,1780636701.407702,0.1905166059732437,tensor,/home/jordan/runs/ardm/guidance_advanceddisc_middle_end_dw5e-4/events.out.tfevents.1780599435.DESKTOP-3CMUNGL.1033872.0.v2
guidance_advanceddisc_middle_end_dw5e-4,disc_end_real_logits_std,200,1780636701.421781,0.8397721648216248,tensor,/home/jordan/runs/ardm/guidance_advanceddisc_middle_end_dw5e-4/events.out.tfevents.1780599435.DESKTOP-3CMUNGL.1033872.0.v2
guidance_advanceddisc_middle_end_dw5e-4,disc_mid_fake_logits,200,1780636701.407455,-2.1106905937194824,tensor,/home/jordan/runs/ardm/guidance_advanceddisc_middle_end_dw5e-4/events.out.tfevents.1780599435.DESKTOP-3CMUNGL.1033872.0.v2
guidance_advanceddisc_middle_end_dw5e-4,disc_mid_fake_logits_std,200,1780636701.420822,1.6407068967819214,tensor,/home/jordan/runs/ardm/guidance_advanceddisc_middle_end_dw5e-4/events.out.tfevents.1780599435.DESKTOP-3CMUNGL.1033872.0.v2
guidance_advanceddisc_middle_end_dw5e-4,disc_mid_grad_norm,200,1780636701.424117,460.3111267089844,tensor,/home/jordan/runs/ardm/guidance_advanceddisc_middle_end_dw5e-4/events.out.tfevents.1780599435.DESKTOP-3CMUNGL.1033872.0.v2
guidance_advanceddisc_middle_end_dw5e-4,disc_mid_logit_abs_mean,200,1780636701.428709,1.8225703239440918,tensor,/home/jordan/runs/ardm/guidance_advanceddisc_middle_end_dw5e-4/events.out.tfevents.1780599435.DESKTOP-3CMUNGL.1033872.0.v2
guidance_advanceddisc_middle_end_dw5e-4,disc_mid_loss,200,1780636701.407221,0.6230908632278442,tensor,/home/jordan/runs/ardm/guidance_advanceddisc_middle_end_dw5e-4/events.out.tfevents.1780599435.DESKTOP-3CMUNGL.1033872.0.v2
guidance_advanceddisc_middle_end_dw5e-4,disc_mid_real_logits,200,1780636701.407377,1.1419055461883545,tensor,/home/jordan/runs/ardm/guidance_advanceddisc_middle_end_dw5e-4/events.out.tfevents.1780599435.DESKTOP-3CMUNGL.1033872.0.v2
guidance_advanceddisc_middle_end_dw5e-4,disc_mid_real_logits_std,200,1780636701.419592,0.44968491792678833,tensor,/home/jordan/runs/ardm/guidance_advanceddisc_middle_end_dw5e-4/events.out.tfevents.1780599435.DESKTOP-3CMUNGL.1033872.0.v2
guidance_advanceddisc_middle_end_dw5e-4,disc_train_factor,200,1780636701.427567,1.0,tensor,/home/jordan/runs/ardm/guidance_advanceddisc_middle_end_dw5e-4/events.out.tfevents.1780599435.DESKTOP-3CMUNGL.1033872.0.v2
guidance_advanceddisc_middle_end_dw5e-4,disc_weight_end,200,1780636701.40889,0.0005000000237487257,tensor,/home/jordan/runs/ardm/guidance_advanceddisc_middle_end_dw5e-4/events.out.tfevents.1780599435.DESKTOP-3CMUNGL.1033872.0.v2
guidance_advanceddisc_middle_end_dw5e-4,disc_weight_mid,200,1780636701.408606,0.0005000000237487257,tensor,/home/jordan/runs/ardm/guidance_advanceddisc_middle_end_dw5e-4/events.out.tfevents.1780599435.DESKTOP-3CMUNGL.1033872.0.v2
guidance_advanceddisc_middle_end_dw5e-4,end_feature_cosine,200,1780636701.435059,0.9949865341186523,tensor,/home/jordan/runs/ardm/guidance_advanceddisc_middle_end_dw5e-4/events.out.tfevents.1780599435.DESKTOP-3CMUNGL.1033872.0.v2
guidance_advanceddisc_middle_end_dw5e-4,eval_fid,200,1780637236.570177,205.15066528320312,tensor,/home/jordan/runs/ardm/guidance_advanceddisc_middle_end_dw5e-4/events.out.tfevents.1780599435.DESKTOP-3CMUNGL.1033872.0.v2
guidance_advanceddisc_middle_end_dw5e-4,eval_is_mean,200,1780637236.570618,2.568821430206299,tensor,/home/jordan/runs/ardm/guidance_advanceddisc_middle_end_dw5e-4/events.out.tfevents.1780599435.DESKTOP-3CMUNGL.1033872.0.v2
guidance_advanceddisc_middle_end_dw5e-4,eval_is_std,200,1780637236.570846,0.1908438503742218,tensor,/home/jordan/runs/ardm/guidance_advanceddisc_middle_end_dw5e-4/events.out.tfevents.1780599435.DESKTOP-3CMUNGL.1033872.0.v2
guidance_advanceddisc_middle_end_dw5e-4,eval_nelbo,200,1780636701.406886,3.140221357345581,tensor,/home/jordan/runs/ardm/guidance_advanceddisc_middle_end_dw5e-4/events.out.tfevents.1780599435.DESKTOP-3CMUNGL.1033872.0.v2
guidance_advanceddisc_middle_end_dw5e-4,eval_nelbo_policy_50,200,1780637384.911446,3.1776156425476074,tensor,/home/jordan/runs/ardm/guidance_advanceddisc_middle_end_dw5e-4/events.out.tfevents.1780599435.DESKTOP-3CMUNGL.1033872.0.v2
guidance_advanceddisc_middle_end_dw5e-4,eval_nelbo_policy_naive,200,1780637348.354086,3.137099266052246,tensor,/home/jordan/runs/ardm/guidance_advanceddisc_middle_end_dw5e-4/events.out.tfevents.1780599435.DESKTOP-3CMUNGL.1033872.0.v2
guidance_advanceddisc_middle_end_dw5e-4,eval_ssim,200,1780637236.571027,0.03418731316924095,tensor,/home/jordan/runs/ardm/guidance_advanceddisc_middle_end_dw5e-4/events.out.tfevents.1780599435.DESKTOP-3CMUNGL.1033872.0.v2
guidance_advanceddisc_middle_end_dw5e-4,fake_end_feature_mean,200,1780636701.437442,0.270009845495224,tensor,/home/jordan/runs/ardm/guidance_advanceddisc_middle_end_dw5e-4/events.out.tfevents.1780599435.DESKTOP-3CMUNGL.1033872.0.v2
guidance_advanceddisc_middle_end_dw5e-4,fake_end_feature_norm,200,1780636701.432084,5.254449367523193,tensor,/home/jordan/runs/ardm/guidance_advanceddisc_middle_end_dw5e-4/events.out.tfevents.1780599435.DESKTOP-3CMUNGL.1033872.0.v2
guidance_advanceddisc_middle_end_dw5e-4,fake_mid_feature_mean,200,1780636701.436172,0.5764668583869934,tensor,/home/jordan/runs/ardm/guidance_advanceddisc_middle_end_dw5e-4/events.out.tfevents.1780599435.DESKTOP-3CMUNGL.1033872.0.v2
guidance_advanceddisc_middle_end_dw5e-4,fake_mid_feature_norm,200,1780636701.430928,572.8115234375,tensor,/home/jordan/runs/ardm/guidance_advanceddisc_middle_end_dw5e-4/events.out.tfevents.1780599435.DESKTOP-3CMUNGL.1033872.0.v2
guidance_advanceddisc_middle_end_dw5e-4,gen_end_loss,200,1780636701.40714,0.1953105926513672,tensor,/home/jordan/runs/ardm/guidance_advanceddisc_middle_end_dw5e-4/events.out.tfevents.1780599435.DESKTOP-3CMUNGL.1033872.0.v2
guidance_advanceddisc_middle_end_dw5e-4,gen_mid_loss,200,1780636701.407058,2.1106905937194824,tensor,/home/jordan/runs/ardm/guidance_advanceddisc_middle_end_dw5e-4/events.out.tfevents.1780599435.DESKTOP-3CMUNGL.1033872.0.v2
guidance_advanceddisc_middle_end_dw5e-4,grad_norm,200,1780636701.406781,4.771575450897217,tensor,/home/jordan/runs/ardm/guidance_advanceddisc_middle_end_dw5e-4/events.out.tfevents.1780599435.DESKTOP-3CMUNGL.1033872.0.v2
guidance_advanceddisc_middle_end_dw5e-4,guidance_progress,200,1780636701.425993,1.0,tensor,/home/jordan/runs/ardm/guidance_advanceddisc_middle_end_dw5e-4/events.out.tfevents.1780599435.DESKTOP-3CMUNGL.1033872.0.v2
guidance_advanceddisc_middle_end_dw5e-4,mask_fraction_observed,200,1780636701.428116,0.4988152086734772,tensor,/home/jordan/runs/ardm/guidance_advanceddisc_middle_end_dw5e-4/events.out.tfevents.1780599435.DESKTOP-3CMUNGL.1033872.0.v2
guidance_advanceddisc_middle_end_dw5e-4,mid_feature_cosine,200,1780636701.4342,0.9989851713180542,tensor,/home/jordan/runs/ardm/guidance_advanceddisc_middle_end_dw5e-4/events.out.tfevents.1780599435.DESKTOP-3CMUNGL.1033872.0.v2
guidance_advanceddisc_middle_end_dw5e-4,real_end_feature_mean,200,1780636701.437986,0.27584898471832275,tensor,/home/jordan/runs/ardm/guidance_advanceddisc_middle_end_dw5e-4/events.out.tfevents.1780599435.DESKTOP-3CMUNGL.1033872.0.v2
guidance_advanceddisc_middle_end_dw5e-4,real_end_feature_norm,200,1780636701.433578,5.327475547790527,tensor,/home/jordan/runs/ardm/guidance_advanceddisc_middle_end_dw5e-4/events.out.tfevents.1780599435.DESKTOP-3CMUNGL.1033872.0.v2
guidance_advanceddisc_middle_end_dw5e-4,real_mid_feature_mean,200,1780636701.437244,0.5947179198265076,tensor,/home/jordan/runs/ardm/guidance_advanceddisc_middle_end_dw5e-4/events.out.tfevents.1780599435.DESKTOP-3CMUNGL.1033872.0.v2
guidance_advanceddisc_middle_end_dw5e-4,real_mid_feature_norm,200,1780636701.431437,566.6756591796875,tensor,/home/jordan/runs/ardm/guidance_advanceddisc_middle_end_dw5e-4/events.out.tfevents.1780599435.DESKTOP-3CMUNGL.1033872.0.v2
guidance_advanceddisc_middle_end_dw5e-4,reason_end_loss,200,1780636701.415086,0.0050134239718317986,tensor,/home/jordan/runs/ardm/guidance_advanceddisc_middle_end_dw5e-4/events.out.tfevents.1780599435.DESKTOP-3CMUNGL.1033872.0.v2
guidance_advanceddisc_middle_end_dw5e-4,reason_mid_loss,200,1780636701.409051,0.0010147782741114497,tensor,/home/jordan/runs/ardm/guidance_advanceddisc_middle_end_dw5e-4/events.out.tfevents.1780599435.DESKTOP-3CMUNGL.1033872.0.v2
guidance_advanceddisc_middle_end_dw5e-4,reason_weight_end,200,1780636701.4173,0.0,tensor,/home/jordan/runs/ardm/guidance_advanceddisc_middle_end_dw5e-4/events.out.tfevents.1780599435.DESKTOP-3CMUNGL.1033872.0.v2
guidance_advanceddisc_middle_end_dw5e-4,reason_weight_mid,200,1780636701.416578,0.0,tensor,/home/jordan/runs/ardm/guidance_advanceddisc_middle_end_dw5e-4/events.out.tfevents.1780599435.DESKTOP-3CMUNGL.1033872.0.v2
guidance_advanceddisc_middle_end_dw5e-4,train_ce,200,1780636701.40662,0.448807030916214,tensor,/home/jordan/runs/ardm/guidance_advanceddisc_middle_end_dw5e-4/events.out.tfevents.1780599435.DESKTOP-3CMUNGL.1033872.0.v2
guidance_advanceddisc_middle_end_dw5e-4,train_loss,200,1780636701.403898,3.1763112545013428,tensor,/home/jordan/runs/ardm/guidance_advanceddisc_middle_end_dw5e-4/events.out.tfevents.1780599435.DESKTOP-3CMUNGL.1033872.0.v2
guidance_advanceddisc_middle_end_dw5e-4,train_nelbo,200,1780636701.405767,3.1747093200683594,tensor,/home/jordan/runs/ardm/guidance_advanceddisc_middle_end_dw5e-4/events.out.tfevents.1780599435.DESKTOP-3CMUNGL.1033872.0.v2
guidance_advanceddisc_middle_end_dw5e-4,train_nelbo_steps_100,200,1780637384.912037,3.1854448318481445,tensor,/home/jordan/runs/ardm/guidance_advanceddisc_middle_end_dw5e-4/events.out.tfevents.1780599435.DESKTOP-3CMUNGL.1033872.0.v2
guidance_advanceddisc_middle_end_dw5e-4,train_nelbo_steps_50,200,1780637384.911895,3.1996312141418457,tensor,/home/jordan/runs/ardm/guidance_advanceddisc_middle_end_dw5e-4/events.out.tfevents.1780599435.DESKTOP-3CMUNGL.1033872.0.v2
guidance_basicdisc_end_dw1e-4,ardm_loss,200,1780121159.315063,3.165915012359619,tensor,/home/jordan/runs/ardm/guidance_basicdisc_end_dw1e-4/events.out.tfevents.1780086635.DESKTOP-3CMUNGL.326529.0.v2
guidance_basicdisc_end_dw1e-4,disc_end_fake_logits,200,1780121159.320408,-8.239587783813477,tensor,/home/jordan/runs/ardm/guidance_basicdisc_end_dw1e-4/events.out.tfevents.1780086635.DESKTOP-3CMUNGL.326529.0.v2
guidance_basicdisc_end_dw1e-4,disc_end_grad_norm,200,1780121159.324785,8.424337387084961,tensor,/home/jordan/runs/ardm/guidance_basicdisc_end_dw1e-4/events.out.tfevents.1780086635.DESKTOP-3CMUNGL.326529.0.v2
guidance_basicdisc_end_dw1e-4,disc_end_loss,200,1780121159.315241,0.12878790497779846,tensor,/home/jordan/runs/ardm/guidance_basicdisc_end_dw1e-4/events.out.tfevents.1780086635.DESKTOP-3CMUNGL.326529.0.v2
guidance_basicdisc_end_dw1e-4,disc_end_real_logits,200,1780121159.315356,2.198694944381714,tensor,/home/jordan/runs/ardm/guidance_basicdisc_end_dw1e-4/events.out.tfevents.1780086635.DESKTOP-3CMUNGL.326529.0.v2
guidance_basicdisc_end_dw1e-4,disc_weight_end,200,1780121159.322402,9.999998292187229e-05,tensor,/home/jordan/runs/ardm/guidance_basicdisc_end_dw1e-4/events.out.tfevents.1780086635.DESKTOP-3CMUNGL.326529.0.v2
guidance_basicdisc_end_dw1e-4,eval_fid,200,1780121692.699138,199.59153747558594,tensor,/home/jordan/runs/ardm/guidance_basicdisc_end_dw1e-4/events.out.tfevents.1780086635.DESKTOP-3CMUNGL.326529.0.v2
guidance_basicdisc_end_dw1e-4,eval_is_mean,200,1780121692.699754,2.7669589519500732,tensor,/home/jordan/runs/ardm/guidance_basicdisc_end_dw1e-4/events.out.tfevents.1780086635.DESKTOP-3CMUNGL.326529.0.v2
guidance_basicdisc_end_dw1e-4,eval_is_std,200,1780121692.70038,0.4148130714893341,tensor,/home/jordan/runs/ardm/guidance_basicdisc_end_dw1e-4/events.out.tfevents.1780086635.DESKTOP-3CMUNGL.326529.0.v2
guidance_basicdisc_end_dw1e-4,eval_nelbo,200,1780121159.314956,3.1273484230041504,tensor,/home/jordan/runs/ardm/guidance_basicdisc_end_dw1e-4/events.out.tfevents.1780086635.DESKTOP-3CMUNGL.326529.0.v2
guidance_basicdisc_end_dw1e-4,eval_nelbo_policy_50,200,1780121840.79888,3.159635066986084,tensor,/home/jordan/runs/ardm/guidance_basicdisc_end_dw1e-4/events.out.tfevents.1780086635.DESKTOP-3CMUNGL.326529.0.v2
guidance_basicdisc_end_dw1e-4,eval_nelbo_policy_naive,200,1780121804.496435,3.138916492462158,tensor,/home/jordan/runs/ardm/guidance_basicdisc_end_dw1e-4/events.out.tfevents.1780086635.DESKTOP-3CMUNGL.326529.0.v2
guidance_basicdisc_end_dw1e-4,eval_ssim,200,1780121692.700852,0.028917357325553894,tensor,/home/jordan/runs/ardm/guidance_basicdisc_end_dw1e-4/events.out.tfevents.1780086635.DESKTOP-3CMUNGL.326529.0.v2
guidance_basicdisc_end_dw1e-4,gen_end_loss,200,1780121159.315155,8.239587783813477,tensor,/home/jordan/runs/ardm/guidance_basicdisc_end_dw1e-4/events.out.tfevents.1780086635.DESKTOP-3CMUNGL.326529.0.v2
guidance_basicdisc_end_dw1e-4,grad_norm,200,1780121159.314795,5.743215084075928,tensor,/home/jordan/runs/ardm/guidance_basicdisc_end_dw1e-4/events.out.tfevents.1780086635.DESKTOP-3CMUNGL.326529.0.v2
guidance_basicdisc_end_dw1e-4,train_ce,200,1780121159.314209,0.4491081237792969,tensor,/home/jordan/runs/ardm/guidance_basicdisc_end_dw1e-4/events.out.tfevents.1780086635.DESKTOP-3CMUNGL.326529.0.v2
guidance_basicdisc_end_dw1e-4,train_loss,200,1780121159.312209,3.166738986968994,tensor,/home/jordan/runs/ardm/guidance_basicdisc_end_dw1e-4/events.out.tfevents.1780086635.DESKTOP-3CMUNGL.326529.0.v2
guidance_basicdisc_end_dw1e-4,train_nelbo,200,1780121159.312923,3.16546630859375,tensor,/home/jordan/runs/ardm/guidance_basicdisc_end_dw1e-4/events.out.tfevents.1780086635.DESKTOP-3CMUNGL.326529.0.v2
guidance_basicdisc_end_dw1e-4,train_nelbo_steps_100,200,1780121840.799362,3.177651882171631,tensor,/home/jordan/runs/ardm/guidance_basicdisc_end_dw1e-4/events.out.tfevents.1780086635.DESKTOP-3CMUNGL.326529.0.v2
guidance_basicdisc_end_dw1e-4,train_nelbo_steps_50,200,1780121840.799241,3.191868782043457,tensor,/home/jordan/runs/ardm/guidance_basicdisc_end_dw1e-4/events.out.tfevents.1780086635.DESKTOP-3CMUNGL.326529.0.v2
guidance_basicdisc_end_dw2e-3,ardm_loss,200,1780397666.109674,3.206369400024414,tensor,/home/jordan/runs/ardm/guidance_basicdisc_end_dw2e-3/events.out.tfevents.1780366282.DESKTOP-3CMUNGL.785337.0.v2
guidance_basicdisc_end_dw2e-3,disc_end_fake_logits,200,1780397666.113531,-2.7116005420684814,tensor,/home/jordan/runs/ardm/guidance_basicdisc_end_dw2e-3/events.out.tfevents.1780366282.DESKTOP-3CMUNGL.785337.0.v2
guidance_basicdisc_end_dw2e-3,disc_end_grad_norm,200,1780397666.115161,92.48748016357422,tensor,/home/jordan/runs/ardm/guidance_basicdisc_end_dw2e-3/events.out.tfevents.1780366282.DESKTOP-3CMUNGL.785337.0.v2
guidance_basicdisc_end_dw2e-3,disc_end_loss,200,1780397666.11117,0.3011797368526459,tensor,/home/jordan/runs/ardm/guidance_basicdisc_end_dw2e-3/events.out.tfevents.1780366282.DESKTOP-3CMUNGL.785337.0.v2
guidance_basicdisc_end_dw2e-3,disc_end_real_logits,200,1780397666.111767,1.227246880531311,tensor,/home/jordan/runs/ardm/guidance_basicdisc_end_dw2e-3/events.out.tfevents.1780366282.DESKTOP-3CMUNGL.785337.0.v2
guidance_basicdisc_end_dw2e-3,disc_weight_end,200,1780397666.114439,0.0020000000949949026,tensor,/home/jordan/runs/ardm/guidance_basicdisc_end_dw2e-3/events.out.tfevents.1780366282.DESKTOP-3CMUNGL.785337.0.v2
guidance_basicdisc_end_dw2e-3,eval_fid,200,1780398198.420517,213.28134155273438,tensor,/home/jordan/runs/ardm/guidance_basicdisc_end_dw2e-3/events.out.tfevents.1780366282.DESKTOP-3CMUNGL.785337.0.v2
guidance_basicdisc_end_dw2e-3,eval_is_mean,200,1780398198.420967,2.6568052768707275,tensor,/home/jordan/runs/ardm/guidance_basicdisc_end_dw2e-3/events.out.tfevents.1780366282.DESKTOP-3CMUNGL.785337.0.v2
guidance_basicdisc_end_dw2e-3,eval_is_std,200,1780398198.421411,0.26837730407714844,tensor,/home/jordan/runs/ardm/guidance_basicdisc_end_dw2e-3/events.out.tfevents.1780366282.DESKTOP-3CMUNGL.785337.0.v2
guidance_basicdisc_end_dw2e-3,eval_nelbo,200,1780397666.108233,3.1545090675354004,tensor,/home/jordan/runs/ardm/guidance_basicdisc_end_dw2e-3/events.out.tfevents.1780366282.DESKTOP-3CMUNGL.785337.0.v2
guidance_basicdisc_end_dw2e-3,eval_nelbo_policy_50,200,1780398346.077311,3.19168758392334,tensor,/home/jordan/runs/ardm/guidance_basicdisc_end_dw2e-3/events.out.tfevents.1780366282.DESKTOP-3CMUNGL.785337.0.v2
guidance_basicdisc_end_dw2e-3,eval_nelbo_policy_naive,200,1780398309.905595,3.1510918140411377,tensor,/home/jordan/runs/ardm/guidance_basicdisc_end_dw2e-3/events.out.tfevents.1780366282.DESKTOP-3CMUNGL.785337.0.v2
guidance_basicdisc_end_dw2e-3,eval_ssim,200,1780398198.422081,0.03839391842484474,tensor,/home/jordan/runs/ardm/guidance_basicdisc_end_dw2e-3/events.out.tfevents.1780366282.DESKTOP-3CMUNGL.785337.0.v2
guidance_basicdisc_end_dw2e-3,gen_end_loss,200,1780397666.110317,2.7116005420684814,tensor,/home/jordan/runs/ardm/guidance_basicdisc_end_dw2e-3/events.out.tfevents.1780366282.DESKTOP-3CMUNGL.785337.0.v2
guidance_basicdisc_end_dw2e-3,grad_norm,200,1780397666.107012,5.6345624923706055,tensor,/home/jordan/runs/ardm/guidance_basicdisc_end_dw2e-3/events.out.tfevents.1780366282.DESKTOP-3CMUNGL.785337.0.v2
guidance_basicdisc_end_dw2e-3,train_ce,200,1780397666.102586,0.4537079632282257,tensor,/home/jordan/runs/ardm/guidance_basicdisc_end_dw2e-3/events.out.tfevents.1780366282.DESKTOP-3CMUNGL.785337.0.v2
guidance_basicdisc_end_dw2e-3,train_loss,200,1780397666.100998,3.2117927074432373,tensor,/home/jordan/runs/ardm/guidance_basicdisc_end_dw2e-3/events.out.tfevents.1780366282.DESKTOP-3CMUNGL.785337.0.v2
guidance_basicdisc_end_dw2e-3,train_nelbo,200,1780397666.102231,3.205915927886963,tensor,/home/jordan/runs/ardm/guidance_basicdisc_end_dw2e-3/events.out.tfevents.1780366282.DESKTOP-3CMUNGL.785337.0.v2
guidance_basicdisc_end_dw2e-3,train_nelbo_steps_100,200,1780398346.077772,3.210801362991333,tensor,/home/jordan/runs/ardm/guidance_basicdisc_end_dw2e-3/events.out.tfevents.1780366282.DESKTOP-3CMUNGL.785337.0.v2
guidance_basicdisc_end_dw2e-3,train_nelbo_steps_50,200,1780398346.077639,3.2251763343811035,tensor,/home/jordan/runs/ardm/guidance_basicdisc_end_dw2e-3/events.out.tfevents.1780366282.DESKTOP-3CMUNGL.785337.0.v2
guidance_basicdisc_end_dw5e-4,ardm_loss,200,1780365437.791402,3.1763722896575928,tensor,/home/jordan/runs/ardm/guidance_basicdisc_end_dw5e-4/events.out.tfevents.1780324818.DESKTOP-3CMUNGL.741377.0.v2
guidance_basicdisc_end_dw5e-4,disc_end_fake_logits,200,1780365437.791949,-5.926877498626709,tensor,/home/jordan/runs/ardm/guidance_basicdisc_end_dw5e-4/events.out.tfevents.1780324818.DESKTOP-3CMUNGL.741377.0.v2
guidance_basicdisc_end_dw5e-4,disc_end_grad_norm,200,1780365437.792676,18.02591323852539,tensor,/home/jordan/runs/ardm/guidance_basicdisc_end_dw5e-4/events.out.tfevents.1780324818.DESKTOP-3CMUNGL.741377.0.v2
guidance_basicdisc_end_dw5e-4,disc_end_loss,200,1780365437.791756,0.15538817644119263,tensor,/home/jordan/runs/ardm/guidance_basicdisc_end_dw5e-4/events.out.tfevents.1780324818.DESKTOP-3CMUNGL.741377.0.v2
guidance_basicdisc_end_dw5e-4,disc_end_real_logits,200,1780365437.791861,1.8025712966918945,tensor,/home/jordan/runs/ardm/guidance_basicdisc_end_dw5e-4/events.out.tfevents.1780324818.DESKTOP-3CMUNGL.741377.0.v2
guidance_basicdisc_end_dw5e-4,disc_weight_end,200,1780365437.792033,0.0005000000237487257,tensor,/home/jordan/runs/ardm/guidance_basicdisc_end_dw5e-4/events.out.tfevents.1780324818.DESKTOP-3CMUNGL.741377.0.v2
guidance_basicdisc_end_dw5e-4,eval_fid,200,1780366064.389347,214.60546875,tensor,/home/jordan/runs/ardm/guidance_basicdisc_end_dw5e-4/events.out.tfevents.1780324818.DESKTOP-3CMUNGL.741377.0.v2
guidance_basicdisc_end_dw5e-4,eval_is_mean,200,1780366064.389912,2.7784831523895264,tensor,/home/jordan/runs/ardm/guidance_basicdisc_end_dw5e-4/events.out.tfevents.1780324818.DESKTOP-3CMUNGL.741377.0.v2
guidance_basicdisc_end_dw5e-4,eval_is_std,200,1780366064.390083,0.42919257283210754,tensor,/home/jordan/runs/ardm/guidance_basicdisc_end_dw5e-4/events.out.tfevents.1780324818.DESKTOP-3CMUNGL.741377.0.v2
guidance_basicdisc_end_dw5e-4,eval_nelbo,200,1780365437.789372,3.1359963417053223,tensor,/home/jordan/runs/ardm/guidance_basicdisc_end_dw5e-4/events.out.tfevents.1780324818.DESKTOP-3CMUNGL.741377.0.v2
guidance_basicdisc_end_dw5e-4,eval_nelbo_policy_50,200,1780366234.364329,3.170766830444336,tensor,/home/jordan/runs/ardm/guidance_basicdisc_end_dw5e-4/events.out.tfevents.1780324818.DESKTOP-3CMUNGL.741377.0.v2
guidance_basicdisc_end_dw5e-4,eval_nelbo_policy_naive,200,1780366193.365538,3.132993459701538,tensor,/home/jordan/runs/ardm/guidance_basicdisc_end_dw5e-4/events.out.tfevents.1780324818.DESKTOP-3CMUNGL.741377.0.v2
guidance_basicdisc_end_dw5e-4,eval_ssim,200,1780366064.390188,0.035582005977630615,tensor,/home/jordan/runs/ardm/guidance_basicdisc_end_dw5e-4/events.out.tfevents.1780324818.DESKTOP-3CMUNGL.741377.0.v2
guidance_basicdisc_end_dw5e-4,gen_end_loss,200,1780365437.791608,5.926877498626709,tensor,/home/jordan/runs/ardm/guidance_basicdisc_end_dw5e-4/events.out.tfevents.1780324818.DESKTOP-3CMUNGL.741377.0.v2
guidance_basicdisc_end_dw5e-4,grad_norm,200,1780365437.788337,5.031097888946533,tensor,/home/jordan/runs/ardm/guidance_basicdisc_end_dw5e-4/events.out.tfevents.1780324818.DESKTOP-3CMUNGL.741377.0.v2
guidance_basicdisc_end_dw5e-4,train_ce,200,1780365437.788234,0.44966965913772583,tensor,/home/jordan/runs/ardm/guidance_basicdisc_end_dw5e-4/events.out.tfevents.1780324818.DESKTOP-3CMUNGL.741377.0.v2
guidance_basicdisc_end_dw5e-4,train_loss,200,1780365437.786534,3.179335594177246,tensor,/home/jordan/runs/ardm/guidance_basicdisc_end_dw5e-4/events.out.tfevents.1780324818.DESKTOP-3CMUNGL.741377.0.v2
guidance_basicdisc_end_dw5e-4,train_nelbo,200,1780365437.788068,3.175922393798828,tensor,/home/jordan/runs/ardm/guidance_basicdisc_end_dw5e-4/events.out.tfevents.1780324818.DESKTOP-3CMUNGL.741377.0.v2
guidance_basicdisc_end_dw5e-4,train_nelbo_steps_100,200,1780366234.364673,3.182467460632324,tensor,/home/jordan/runs/ardm/guidance_basicdisc_end_dw5e-4/events.out.tfevents.1780324818.DESKTOP-3CMUNGL.741377.0.v2
guidance_basicdisc_end_dw5e-4,train_nelbo_steps_50,200,1780366234.36457,3.1965558528900146,tensor,/home/jordan/runs/ardm/guidance_basicdisc_end_dw5e-4/events.out.tfevents.1780324818.DESKTOP-3CMUNGL.741377.0.v2
guidance_basicdisc_middle_dw1e-4,ardm_loss,200,1780073561.043343,3.1709086894989014,tensor,/home/jordan/runs/ardm/guidance_basicdisc_middle_dw1e-4/events.out.tfevents.1780069785.DESKTOP-3CMUNGL.264806.0.v2
guidance_basicdisc_middle_dw1e-4,disc_mid_fake_logits,200,1780073561.043971,0.18493878841400146,tensor,/home/jordan/runs/ardm/guidance_basicdisc_middle_dw1e-4/events.out.tfevents.1780069785.DESKTOP-3CMUNGL.264806.0.v2
guidance_basicdisc_middle_dw1e-4,disc_mid_grad_norm,200,1780073561.044234,19.07514190673828,tensor,/home/jordan/runs/ardm/guidance_basicdisc_middle_dw1e-4/events.out.tfevents.1780069785.DESKTOP-3CMUNGL.264806.0.v2
guidance_basicdisc_middle_dw1e-4,disc_mid_loss,200,1780073561.043761,1.97096848487854,tensor,/home/jordan/runs/ardm/guidance_basicdisc_middle_dw1e-4/events.out.tfevents.1780069785.DESKTOP-3CMUNGL.264806.0.v2
guidance_basicdisc_middle_dw1e-4,disc_mid_real_logits,200,1780073561.043877,0.2169826626777649,tensor,/home/jordan/runs/ardm/guidance_basicdisc_middle_dw1e-4/events.out.tfevents.1780069785.DESKTOP-3CMUNGL.264806.0.v2
guidance_basicdisc_middle_dw1e-4,disc_weight_mid,200,1780073561.04406,9.999998292187229e-05,tensor,/home/jordan/runs/ardm/guidance_basicdisc_middle_dw1e-4/events.out.tfevents.1780069785.DESKTOP-3CMUNGL.264806.0.v2
guidance_basicdisc_middle_dw1e-4,eval_fid,200,1780074109.915719,207.47230529785156,tensor,/home/jordan/runs/ardm/guidance_basicdisc_middle_dw1e-4/events.out.tfevents.1780069785.DESKTOP-3CMUNGL.264806.0.v2
guidance_basicdisc_middle_dw1e-4,eval_is_mean,200,1780074109.91601,2.504384994506836,tensor,/home/jordan/runs/ardm/guidance_basicdisc_middle_dw1e-4/events.out.tfevents.1780069785.DESKTOP-3CMUNGL.264806.0.v2
guidance_basicdisc_middle_dw1e-4,eval_is_std,200,1780074109.916118,0.35292014479637146,tensor,/home/jordan/runs/ardm/guidance_basicdisc_middle_dw1e-4/events.out.tfevents.1780069785.DESKTOP-3CMUNGL.264806.0.v2
guidance_basicdisc_middle_dw1e-4,eval_nelbo,200,1780073561.04326,3.1390621662139893,tensor,/home/jordan/runs/ardm/guidance_basicdisc_middle_dw1e-4/events.out.tfevents.1780069785.DESKTOP-3CMUNGL.264806.0.v2
guidance_basicdisc_middle_dw1e-4,eval_nelbo_policy_50,200,1780074298.628025,3.164673328399658,tensor,/home/jordan/runs/ardm/guidance_basicdisc_middle_dw1e-4/events.out.tfevents.1780069785.DESKTOP-3CMUNGL.264806.0.v2
guidance_basicdisc_middle_dw1e-4,eval_nelbo_policy_naive,200,1780074251.786634,3.1524240970611572,tensor,/home/jordan/runs/ardm/guidance_basicdisc_middle_dw1e-4/events.out.tfevents.1780069785.DESKTOP-3CMUNGL.264806.0.v2
guidance_basicdisc_middle_dw1e-4,eval_ssim,200,1780074109.916202,0.03966570273041725,tensor,/home/jordan/runs/ardm/guidance_basicdisc_middle_dw1e-4/events.out.tfevents.1780069785.DESKTOP-3CMUNGL.264806.0.v2
guidance_basicdisc_middle_dw1e-4,gen_mid_loss,200,1780073561.043568,-0.18493878841400146,tensor,/home/jordan/runs/ardm/guidance_basicdisc_middle_dw1e-4/events.out.tfevents.1780069785.DESKTOP-3CMUNGL.264806.0.v2
guidance_basicdisc_middle_dw1e-4,grad_norm,200,1780073561.043173,5.099086761474609,tensor,/home/jordan/runs/ardm/guidance_basicdisc_middle_dw1e-4/events.out.tfevents.1780069785.DESKTOP-3CMUNGL.264806.0.v2
guidance_basicdisc_middle_dw1e-4,train_ce,200,1780073561.043079,0.447912335395813,tensor,/home/jordan/runs/ardm/guidance_basicdisc_middle_dw1e-4/events.out.tfevents.1780069785.DESKTOP-3CMUNGL.264806.0.v2
guidance_basicdisc_middle_dw1e-4,train_loss,200,1780073561.04267,3.1708905696868896,tensor,/home/jordan/runs/ardm/guidance_basicdisc_middle_dw1e-4/events.out.tfevents.1780069785.DESKTOP-3CMUNGL.264806.0.v2
guidance_basicdisc_middle_dw1e-4,train_nelbo,200,1780073561.042961,3.1704609394073486,tensor,/home/jordan/runs/ardm/guidance_basicdisc_middle_dw1e-4/events.out.tfevents.1780069785.DESKTOP-3CMUNGL.264806.0.v2
guidance_basicdisc_middle_dw1e-4,train_nelbo_steps_100,200,1780074298.772872,3.1832051277160645,tensor,/home/jordan/runs/ardm/guidance_basicdisc_middle_dw1e-4/events.out.tfevents.1780069785.DESKTOP-3CMUNGL.264806.0.v2
guidance_basicdisc_middle_dw1e-4,train_nelbo_steps_50,200,1780074298.70083,3.197322368621826,tensor,/home/jordan/runs/ardm/guidance_basicdisc_middle_dw1e-4/events.out.tfevents.1780069785.DESKTOP-3CMUNGL.264806.0.v2
guidance_basicdisc_middle_dw2e-3,ardm_loss,200,1780324007.273151,7.87917423248291,tensor,/home/jordan/runs/ardm/guidance_basicdisc_middle_dw2e-3/events.out.tfevents.1780293996.DESKTOP-3CMUNGL.698330.0.v2
guidance_basicdisc_middle_dw2e-3,disc_mid_fake_logits,200,1780324007.279562,880704.6875,tensor,/home/jordan/runs/ardm/guidance_basicdisc_middle_dw2e-3/events.out.tfevents.1780293996.DESKTOP-3CMUNGL.698330.0.v2
guidance_basicdisc_middle_dw2e-3,disc_mid_grad_norm,200,1780324007.28225,360743567360.0,tensor,/home/jordan/runs/ardm/guidance_basicdisc_middle_dw2e-3/events.out.tfevents.1780293996.DESKTOP-3CMUNGL.698330.0.v2
guidance_basicdisc_middle_dw2e-3,disc_mid_loss,200,1780324007.276562,80875920.0,tensor,/home/jordan/runs/ardm/guidance_basicdisc_middle_dw2e-3/events.out.tfevents.1780293996.DESKTOP-3CMUNGL.698330.0.v2
guidance_basicdisc_middle_dw2e-3,disc_mid_real_logits,200,1780324007.277583,892195.3125,tensor,/home/jordan/runs/ardm/guidance_basicdisc_middle_dw2e-3/events.out.tfevents.1780293996.DESKTOP-3CMUNGL.698330.0.v2
guidance_basicdisc_middle_dw2e-3,disc_weight_mid,200,1780324007.280347,0.0020000000949949026,tensor,/home/jordan/runs/ardm/guidance_basicdisc_middle_dw2e-3/events.out.tfevents.1780293996.DESKTOP-3CMUNGL.698330.0.v2
guidance_basicdisc_middle_dw2e-3,eval_fid,200,1780324601.193439,446.3519592285156,tensor,/home/jordan/runs/ardm/guidance_basicdisc_middle_dw2e-3/events.out.tfevents.1780293996.DESKTOP-3CMUNGL.698330.0.v2
guidance_basicdisc_middle_dw2e-3,eval_is_mean,200,1780324601.193673,1.2020992040634155,tensor,/home/jordan/runs/ardm/guidance_basicdisc_middle_dw2e-3/events.out.tfevents.1780293996.DESKTOP-3CMUNGL.698330.0.v2
guidance_basicdisc_middle_dw2e-3,eval_is_std,200,1780324601.193786,0.043481260538101196,tensor,/home/jordan/runs/ardm/guidance_basicdisc_middle_dw2e-3/events.out.tfevents.1780293996.DESKTOP-3CMUNGL.698330.0.v2
guidance_basicdisc_middle_dw2e-3,eval_nelbo,200,1780324007.272013,7.882936954498291,tensor,/home/jordan/runs/ardm/guidance_basicdisc_middle_dw2e-3/events.out.tfevents.1780293996.DESKTOP-3CMUNGL.698330.0.v2
guidance_basicdisc_middle_dw2e-3,eval_nelbo_policy_50,200,1780324753.233063,7.866080284118652,tensor,/home/jordan/runs/ardm/guidance_basicdisc_middle_dw2e-3/events.out.tfevents.1780293996.DESKTOP-3CMUNGL.698330.0.v2
guidance_basicdisc_middle_dw2e-3,eval_nelbo_policy_naive,200,1780324713.366511,7.8817291259765625,tensor,/home/jordan/runs/ardm/guidance_basicdisc_middle_dw2e-3/events.out.tfevents.1780293996.DESKTOP-3CMUNGL.698330.0.v2
guidance_basicdisc_middle_dw2e-3,eval_ssim,200,1780324601.193879,0.012930135242640972,tensor,/home/jordan/runs/ardm/guidance_basicdisc_middle_dw2e-3/events.out.tfevents.1780293996.DESKTOP-3CMUNGL.698330.0.v2
guidance_basicdisc_middle_dw2e-3,gen_mid_loss,200,1780324007.274816,-880704.6875,tensor,/home/jordan/runs/ardm/guidance_basicdisc_middle_dw2e-3/events.out.tfevents.1780293996.DESKTOP-3CMUNGL.698330.0.v2
guidance_basicdisc_middle_dw2e-3,grad_norm,200,1780324007.271226,70641624.0,tensor,/home/jordan/runs/ardm/guidance_basicdisc_middle_dw2e-3/events.out.tfevents.1780293996.DESKTOP-3CMUNGL.698330.0.v2
guidance_basicdisc_middle_dw2e-3,train_ce,200,1780324007.26627,0.9869429469108582,tensor,/home/jordan/runs/ardm/guidance_basicdisc_middle_dw2e-3/events.out.tfevents.1780293996.DESKTOP-3CMUNGL.698330.0.v2
guidance_basicdisc_middle_dw2e-3,train_loss,200,1780324007.264161,-1753.529541015625,tensor,/home/jordan/runs/ardm/guidance_basicdisc_middle_dw2e-3/events.out.tfevents.1780293996.DESKTOP-3CMUNGL.698330.0.v2
guidance_basicdisc_middle_dw2e-3,train_nelbo,200,1780324007.265665,7.878187656402588,tensor,/home/jordan/runs/ardm/guidance_basicdisc_middle_dw2e-3/events.out.tfevents.1780293996.DESKTOP-3CMUNGL.698330.0.v2
guidance_basicdisc_middle_dw2e-3,train_nelbo_steps_100,200,1780324753.233757,7.880270957946777,tensor,/home/jordan/runs/ardm/guidance_basicdisc_middle_dw2e-3/events.out.tfevents.1780293996.DESKTOP-3CMUNGL.698330.0.v2
guidance_basicdisc_middle_dw2e-3,train_nelbo_steps_50,200,1780324753.23349,7.881539344787598,tensor,/home/jordan/runs/ardm/guidance_basicdisc_middle_dw2e-3/events.out.tfevents.1780293996.DESKTOP-3CMUNGL.698330.0.v2
guidance_basicdisc_middle_dw5e-4,ardm_loss,200,1780293265.646497,3.9076974391937256,tensor,/home/jordan/runs/ardm/guidance_basicdisc_middle_dw5e-4/events.out.tfevents.1780262038.DESKTOP-3CMUNGL.655768.0.v2
guidance_basicdisc_middle_dw5e-4,disc_mid_fake_logits,200,1780293265.651885,0.7143762707710266,tensor,/home/jordan/runs/ardm/guidance_basicdisc_middle_dw5e-4/events.out.tfevents.1780262038.DESKTOP-3CMUNGL.655768.0.v2
guidance_basicdisc_middle_dw5e-4,disc_mid_grad_norm,200,1780293265.653831,1886093.625,tensor,/home/jordan/runs/ardm/guidance_basicdisc_middle_dw5e-4/events.out.tfevents.1780262038.DESKTOP-3CMUNGL.655768.0.v2
guidance_basicdisc_middle_dw5e-4,disc_mid_loss,200,1780293265.64922,443.10040283203125,tensor,/home/jordan/runs/ardm/guidance_basicdisc_middle_dw5e-4/events.out.tfevents.1780262038.DESKTOP-3CMUNGL.655768.0.v2
guidance_basicdisc_middle_dw5e-4,disc_mid_real_logits,200,1780293265.650449,-13.281227111816406,tensor,/home/jordan/runs/ardm/guidance_basicdisc_middle_dw5e-4/events.out.tfevents.1780262038.DESKTOP-3CMUNGL.655768.0.v2
guidance_basicdisc_middle_dw5e-4,disc_weight_mid,200,1780293265.652614,0.0005000000237487257,tensor,/home/jordan/runs/ardm/guidance_basicdisc_middle_dw5e-4/events.out.tfevents.1780262038.DESKTOP-3CMUNGL.655768.0.v2
guidance_basicdisc_middle_dw5e-4,eval_fid,200,1780293798.590007,285.5714416503906,tensor,/home/jordan/runs/ardm/guidance_basicdisc_middle_dw5e-4/events.out.tfevents.1780262038.DESKTOP-3CMUNGL.655768.0.v2
guidance_basicdisc_middle_dw5e-4,eval_is_mean,200,1780293798.590391,1.5967919826507568,tensor,/home/jordan/runs/ardm/guidance_basicdisc_middle_dw5e-4/events.out.tfevents.1780262038.DESKTOP-3CMUNGL.655768.0.v2
guidance_basicdisc_middle_dw5e-4,eval_is_std,200,1780293798.590521,0.14425688982009888,tensor,/home/jordan/runs/ardm/guidance_basicdisc_middle_dw5e-4/events.out.tfevents.1780262038.DESKTOP-3CMUNGL.655768.0.v2
guidance_basicdisc_middle_dw5e-4,eval_nelbo,200,1780293265.645265,3.9031264781951904,tensor,/home/jordan/runs/ardm/guidance_basicdisc_middle_dw5e-4/events.out.tfevents.1780262038.DESKTOP-3CMUNGL.655768.0.v2
guidance_basicdisc_middle_dw5e-4,eval_nelbo_policy_50,200,1780293946.6374,3.9429702758789062,tensor,/home/jordan/runs/ardm/guidance_basicdisc_middle_dw5e-4/events.out.tfevents.1780262038.DESKTOP-3CMUNGL.655768.0.v2
guidance_basicdisc_middle_dw5e-4,eval_nelbo_policy_naive,200,1780293910.258075,3.899858236312866,tensor,/home/jordan/runs/ardm/guidance_basicdisc_middle_dw5e-4/events.out.tfevents.1780262038.DESKTOP-3CMUNGL.655768.0.v2
guidance_basicdisc_middle_dw5e-4,eval_ssim,200,1780293798.590614,0.02882421389222145,tensor,/home/jordan/runs/ardm/guidance_basicdisc_middle_dw5e-4/events.out.tfevents.1780262038.DESKTOP-3CMUNGL.655768.0.v2
guidance_basicdisc_middle_dw5e-4,gen_mid_loss,200,1780293265.647596,-0.7143762707710266,tensor,/home/jordan/runs/ardm/guidance_basicdisc_middle_dw5e-4/events.out.tfevents.1780262038.DESKTOP-3CMUNGL.655768.0.v2
guidance_basicdisc_middle_dw5e-4,grad_norm,200,1780293265.63959,157.0188751220703,tensor,/home/jordan/runs/ardm/guidance_basicdisc_middle_dw5e-4/events.out.tfevents.1780262038.DESKTOP-3CMUNGL.655768.0.v2
guidance_basicdisc_middle_dw5e-4,train_ce,200,1780293265.639021,0.5431069731712341,tensor,/home/jordan/runs/ardm/guidance_basicdisc_middle_dw5e-4/events.out.tfevents.1780262038.DESKTOP-3CMUNGL.655768.0.v2
guidance_basicdisc_middle_dw5e-4,train_loss,200,1780293265.63658,3.9073400497436523,tensor,/home/jordan/runs/ardm/guidance_basicdisc_middle_dw5e-4/events.out.tfevents.1780262038.DESKTOP-3CMUNGL.655768.0.v2
guidance_basicdisc_middle_dw5e-4,train_nelbo,200,1780293265.638455,3.9071543216705322,tensor,/home/jordan/runs/ardm/guidance_basicdisc_middle_dw5e-4/events.out.tfevents.1780262038.DESKTOP-3CMUNGL.655768.0.v2
guidance_basicdisc_middle_dw5e-4,train_nelbo_steps_100,200,1780293946.637926,3.921736240386963,tensor,/home/jordan/runs/ardm/guidance_basicdisc_middle_dw5e-4/events.out.tfevents.1780262038.DESKTOP-3CMUNGL.655768.0.v2
guidance_basicdisc_middle_dw5e-4,train_nelbo_steps_50,200,1780293946.637732,3.936305046081543,tensor,/home/jordan/runs/ardm/guidance_basicdisc_middle_dw5e-4/events.out.tfevents.1780262038.DESKTOP-3CMUNGL.655768.0.v2
guidance_basicdisc_middle_end_dw1e-4,ardm_loss,200,1780432626.946329,3.174694061279297,tensor,/home/jordan/runs/ardm/guidance_basicdisc_middle_end_dw1e-4/events.out.tfevents.1780398375.DESKTOP-3CMUNGL.829030.0.v2
guidance_basicdisc_middle_end_dw1e-4,disc_end_fake_logits,200,1780432626.953651,-9.732389450073242,tensor,/home/jordan/runs/ardm/guidance_basicdisc_middle_end_dw1e-4/events.out.tfevents.1780398375.DESKTOP-3CMUNGL.829030.0.v2
guidance_basicdisc_middle_end_dw1e-4,disc_end_grad_norm,200,1780432626.958109,6.915773868560791,tensor,/home/jordan/runs/ardm/guidance_basicdisc_middle_end_dw1e-4/events.out.tfevents.1780398375.DESKTOP-3CMUNGL.829030.0.v2
guidance_basicdisc_middle_end_dw1e-4,disc_end_loss,200,1780432626.947003,0.1048969253897667,tensor,/home/jordan/runs/ardm/guidance_basicdisc_middle_end_dw1e-4/events.out.tfevents.1780398375.DESKTOP-3CMUNGL.829030.0.v2
guidance_basicdisc_middle_end_dw1e-4,disc_end_real_logits,200,1780432626.952329,2.153637409210205,tensor,/home/jordan/runs/ardm/guidance_basicdisc_middle_end_dw1e-4/events.out.tfevents.1780398375.DESKTOP-3CMUNGL.829030.0.v2
guidance_basicdisc_middle_end_dw1e-4,disc_mid_fake_logits,200,1780432626.951671,0.21265168488025665,tensor,/home/jordan/runs/ardm/guidance_basicdisc_middle_end_dw1e-4/events.out.tfevents.1780398375.DESKTOP-3CMUNGL.829030.0.v2
guidance_basicdisc_middle_end_dw1e-4,disc_mid_grad_norm,200,1780432626.95693,26.24575424194336,tensor,/home/jordan/runs/ardm/guidance_basicdisc_middle_end_dw1e-4/events.out.tfevents.1780398375.DESKTOP-3CMUNGL.829030.0.v2
guidance_basicdisc_middle_end_dw1e-4,disc_mid_loss,200,1780432626.946923,1.9997793436050415,tensor,/home/jordan/runs/ardm/guidance_basicdisc_middle_end_dw1e-4/events.out.tfevents.1780398375.DESKTOP-3CMUNGL.829030.0.v2
guidance_basicdisc_middle_end_dw1e-4,disc_mid_real_logits,200,1780432626.947373,0.2137337177991867,tensor,/home/jordan/runs/ardm/guidance_basicdisc_middle_end_dw1e-4/events.out.tfevents.1780398375.DESKTOP-3CMUNGL.829030.0.v2
guidance_basicdisc_middle_end_dw1e-4,disc_weight_end,200,1780432626.955453,9.999998292187229e-05,tensor,/home/jordan/runs/ardm/guidance_basicdisc_middle_end_dw1e-4/events.out.tfevents.1780398375.DESKTOP-3CMUNGL.829030.0.v2
guidance_basicdisc_middle_end_dw1e-4,disc_weight_mid,200,1780432626.954693,9.999998292187229e-05,tensor,/home/jordan/runs/ardm/guidance_basicdisc_middle_end_dw1e-4/events.out.tfevents.1780398375.DESKTOP-3CMUNGL.829030.0.v2
guidance_basicdisc_middle_end_dw1e-4,eval_fid,200,1780433158.174262,206.8856658935547,tensor,/home/jordan/runs/ardm/guidance_basicdisc_middle_end_dw1e-4/events.out.tfevents.1780398375.DESKTOP-3CMUNGL.829030.0.v2
guidance_basicdisc_middle_end_dw1e-4,eval_is_mean,200,1780433158.175018,2.8211252689361572,tensor,/home/jordan/runs/ardm/guidance_basicdisc_middle_end_dw1e-4/events.out.tfevents.1780398375.DESKTOP-3CMUNGL.829030.0.v2
guidance_basicdisc_middle_end_dw1e-4,eval_is_std,200,1780433158.175658,0.27012044191360474,tensor,/home/jordan/runs/ardm/guidance_basicdisc_middle_end_dw1e-4/events.out.tfevents.1780398375.DESKTOP-3CMUNGL.829030.0.v2
guidance_basicdisc_middle_end_dw1e-4,eval_nelbo,200,1780432626.946204,3.140489339828491,tensor,/home/jordan/runs/ardm/guidance_basicdisc_middle_end_dw1e-4/events.out.tfevents.1780398375.DESKTOP-3CMUNGL.829030.0.v2
guidance_basicdisc_middle_end_dw1e-4,eval_nelbo_policy_50,200,1780433305.508421,3.1727850437164307,tensor,/home/jordan/runs/ardm/guidance_basicdisc_middle_end_dw1e-4/events.out.tfevents.1780398375.DESKTOP-3CMUNGL.829030.0.v2
guidance_basicdisc_middle_end_dw1e-4,eval_nelbo_policy_naive,200,1780433269.377969,3.1378445625305176,tensor,/home/jordan/runs/ardm/guidance_basicdisc_middle_end_dw1e-4/events.out.tfevents.1780398375.DESKTOP-3CMUNGL.829030.0.v2
guidance_basicdisc_middle_end_dw1e-4,eval_ssim,200,1780433158.176262,0.0357726626098156,tensor,/home/jordan/runs/ardm/guidance_basicdisc_middle_end_dw1e-4/events.out.tfevents.1780398375.DESKTOP-3CMUNGL.829030.0.v2
guidance_basicdisc_middle_end_dw1e-4,gen_end_loss,200,1780432626.946836,9.732389450073242,tensor,/home/jordan/runs/ardm/guidance_basicdisc_middle_end_dw1e-4/events.out.tfevents.1780398375.DESKTOP-3CMUNGL.829030.0.v2
guidance_basicdisc_middle_end_dw1e-4,gen_mid_loss,200,1780432626.946732,-0.21265168488025665,tensor,/home/jordan/runs/ardm/guidance_basicdisc_middle_end_dw1e-4/events.out.tfevents.1780398375.DESKTOP-3CMUNGL.829030.0.v2
guidance_basicdisc_middle_end_dw1e-4,grad_norm,200,1780432626.946066,5.328447341918945,tensor,/home/jordan/runs/ardm/guidance_basicdisc_middle_end_dw1e-4/events.out.tfevents.1780398375.DESKTOP-3CMUNGL.829030.0.v2
guidance_basicdisc_middle_end_dw1e-4,train_ce,200,1780432626.944796,0.44957298040390015,tensor,/home/jordan/runs/ardm/guidance_basicdisc_middle_end_dw1e-4/events.out.tfevents.1780398375.DESKTOP-3CMUNGL.829030.0.v2
guidance_basicdisc_middle_end_dw1e-4,train_loss,200,1780432626.943858,3.1756463050842285,tensor,/home/jordan/runs/ardm/guidance_basicdisc_middle_end_dw1e-4/events.out.tfevents.1780398375.DESKTOP-3CMUNGL.829030.0.v2
guidance_basicdisc_middle_end_dw1e-4,train_nelbo,200,1780432626.94465,3.1742444038391113,tensor,/home/jordan/runs/ardm/guidance_basicdisc_middle_end_dw1e-4/events.out.tfevents.1780398375.DESKTOP-3CMUNGL.829030.0.v2
guidance_basicdisc_middle_end_dw1e-4,train_nelbo_steps_100,200,1780433305.508933,3.18558931350708,tensor,/home/jordan/runs/ardm/guidance_basicdisc_middle_end_dw1e-4/events.out.tfevents.1780398375.DESKTOP-3CMUNGL.829030.0.v2
guidance_basicdisc_middle_end_dw1e-4,train_nelbo_steps_50,200,1780433305.50879,3.1998724937438965,tensor,/home/jordan/runs/ardm/guidance_basicdisc_middle_end_dw1e-4/events.out.tfevents.1780398375.DESKTOP-3CMUNGL.829030.0.v2
guidance_basicdisc_middle_end_dw2e-3,ardm_loss,200,1780466677.818218,4.363719463348389,tensor,/home/jordan/runs/ardm/guidance_basicdisc_middle_end_dw2e-3/events.out.tfevents.1780433368.DESKTOP-3CMUNGL.881350.0.v2
guidance_basicdisc_middle_end_dw2e-3,disc_end_fake_logits,200,1780466677.82863,-2.5201380252838135,tensor,/home/jordan/runs/ardm/guidance_basicdisc_middle_end_dw2e-3/events.out.tfevents.1780433368.DESKTOP-3CMUNGL.881350.0.v2
guidance_basicdisc_middle_end_dw2e-3,disc_end_grad_norm,200,1780466677.833381,46.72018814086914,tensor,/home/jordan/runs/ardm/guidance_basicdisc_middle_end_dw2e-3/events.out.tfevents.1780433368.DESKTOP-3CMUNGL.881350.0.v2
guidance_basicdisc_middle_end_dw2e-3,disc_end_loss,200,1780466677.824517,0.527582049369812,tensor,/home/jordan/runs/ardm/guidance_basicdisc_middle_end_dw2e-3/events.out.tfevents.1780433368.DESKTOP-3CMUNGL.881350.0.v2
guidance_basicdisc_middle_end_dw2e-3,disc_end_real_logits,200,1780466677.827726,1.617687463760376,tensor,/home/jordan/runs/ardm/guidance_basicdisc_middle_end_dw2e-3/events.out.tfevents.1780433368.DESKTOP-3CMUNGL.881350.0.v2
guidance_basicdisc_middle_end_dw2e-3,disc_mid_fake_logits,200,1780466677.827139,9.47143268585205,tensor,/home/jordan/runs/ardm/guidance_basicdisc_middle_end_dw2e-3/events.out.tfevents.1780433368.DESKTOP-3CMUNGL.881350.0.v2
guidance_basicdisc_middle_end_dw2e-3,disc_mid_grad_norm,200,1780466677.831749,1153875.75,tensor,/home/jordan/runs/ardm/guidance_basicdisc_middle_end_dw2e-3/events.out.tfevents.1780433368.DESKTOP-3CMUNGL.881350.0.v2
guidance_basicdisc_middle_end_dw2e-3,disc_mid_loss,200,1780466677.819119,267.1145324707031,tensor,/home/jordan/runs/ardm/guidance_basicdisc_middle_end_dw2e-3/events.out.tfevents.1780433368.DESKTOP-3CMUNGL.881350.0.v2
guidance_basicdisc_middle_end_dw2e-3,disc_mid_real_logits,200,1780466677.825345,8.706268310546875,tensor,/home/jordan/runs/ardm/guidance_basicdisc_middle_end_dw2e-3/events.out.tfevents.1780433368.DESKTOP-3CMUNGL.881350.0.v2
guidance_basicdisc_middle_end_dw2e-3,disc_weight_end,200,1780466677.831105,0.0020000000949949026,tensor,/home/jordan/runs/ardm/guidance_basicdisc_middle_end_dw2e-3/events.out.tfevents.1780433368.DESKTOP-3CMUNGL.881350.0.v2
guidance_basicdisc_middle_end_dw2e-3,disc_weight_mid,200,1780466677.830347,0.0020000000949949026,tensor,/home/jordan/runs/ardm/guidance_basicdisc_middle_end_dw2e-3/events.out.tfevents.1780433368.DESKTOP-3CMUNGL.881350.0.v2
guidance_basicdisc_middle_end_dw2e-3,eval_fid,200,1780467209.120721,313.5924987792969,tensor,/home/jordan/runs/ardm/guidance_basicdisc_middle_end_dw2e-3/events.out.tfevents.1780433368.DESKTOP-3CMUNGL.881350.0.v2
guidance_basicdisc_middle_end_dw2e-3,eval_is_mean,200,1780467209.121289,1.7519129514694214,tensor,/home/jordan/runs/ardm/guidance_basicdisc_middle_end_dw2e-3/events.out.tfevents.1780433368.DESKTOP-3CMUNGL.881350.0.v2
guidance_basicdisc_middle_end_dw2e-3,eval_is_std,200,1780467209.121535,0.3024921119213104,tensor,/home/jordan/runs/ardm/guidance_basicdisc_middle_end_dw2e-3/events.out.tfevents.1780433368.DESKTOP-3CMUNGL.881350.0.v2
guidance_basicdisc_middle_end_dw2e-3,eval_nelbo,200,1780466677.818129,4.358792304992676,tensor,/home/jordan/runs/ardm/guidance_basicdisc_middle_end_dw2e-3/events.out.tfevents.1780433368.DESKTOP-3CMUNGL.881350.0.v2
guidance_basicdisc_middle_end_dw2e-3,eval_nelbo_policy_50,200,1780467356.851399,4.386416912078857,tensor,/home/jordan/runs/ardm/guidance_basicdisc_middle_end_dw2e-3/events.out.tfevents.1780433368.DESKTOP-3CMUNGL.881350.0.v2
guidance_basicdisc_middle_end_dw2e-3,eval_nelbo_policy_naive,200,1780467320.317529,4.352535724639893,tensor,/home/jordan/runs/ardm/guidance_basicdisc_middle_end_dw2e-3/events.out.tfevents.1780433368.DESKTOP-3CMUNGL.881350.0.v2
guidance_basicdisc_middle_end_dw2e-3,eval_ssim,200,1780467209.122102,0.025741491466760635,tensor,/home/jordan/runs/ardm/guidance_basicdisc_middle_end_dw2e-3/events.out.tfevents.1780433368.DESKTOP-3CMUNGL.881350.0.v2
guidance_basicdisc_middle_end_dw2e-3,gen_end_loss,200,1780466677.818394,2.5201380252838135,tensor,/home/jordan/runs/ardm/guidance_basicdisc_middle_end_dw2e-3/events.out.tfevents.1780433368.DESKTOP-3CMUNGL.881350.0.v2
guidance_basicdisc_middle_end_dw2e-3,gen_mid_loss,200,1780466677.818305,-9.47143268585205,tensor,/home/jordan/runs/ardm/guidance_basicdisc_middle_end_dw2e-3/events.out.tfevents.1780433368.DESKTOP-3CMUNGL.881350.0.v2
guidance_basicdisc_middle_end_dw2e-3,grad_norm,200,1780466677.818021,392.51251220703125,tensor,/home/jordan/runs/ardm/guidance_basicdisc_middle_end_dw2e-3/events.out.tfevents.1780433368.DESKTOP-3CMUNGL.881350.0.v2
guidance_basicdisc_middle_end_dw2e-3,train_ce,200,1780466677.817859,0.5956621766090393,tensor,/home/jordan/runs/ardm/guidance_basicdisc_middle_end_dw2e-3/events.out.tfevents.1780433368.DESKTOP-3CMUNGL.881350.0.v2
guidance_basicdisc_middle_end_dw2e-3,train_loss,200,1780466677.815336,4.349817276000977,tensor,/home/jordan/runs/ardm/guidance_basicdisc_middle_end_dw2e-3/events.out.tfevents.1780433368.DESKTOP-3CMUNGL.881350.0.v2
guidance_basicdisc_middle_end_dw2e-3,train_nelbo,200,1780466677.817127,4.363123893737793,tensor,/home/jordan/runs/ardm/guidance_basicdisc_middle_end_dw2e-3/events.out.tfevents.1780433368.DESKTOP-3CMUNGL.881350.0.v2
guidance_basicdisc_middle_end_dw2e-3,train_nelbo_steps_100,200,1780467356.852081,4.381405353546143,tensor,/home/jordan/runs/ardm/guidance_basicdisc_middle_end_dw2e-3/events.out.tfevents.1780433368.DESKTOP-3CMUNGL.881350.0.v2
guidance_basicdisc_middle_end_dw2e-3,train_nelbo_steps_50,200,1780467356.851878,4.394865036010742,tensor,/home/jordan/runs/ardm/guidance_basicdisc_middle_end_dw2e-3/events.out.tfevents.1780433368.DESKTOP-3CMUNGL.881350.0.v2
guidance_basicdisc_middle_end_dw5e-4,ardm_loss,200,1780190814.924517,3.820011854171753,tensor,/home/jordan/runs/ardm/guidance_basicdisc_middle_end_dw5e-4/events.out.tfevents.1780155755.DESKTOP-3CMUNGL.421652.0.v2
guidance_basicdisc_middle_end_dw5e-4,disc_end_fake_logits,200,1780190814.925399,-1.1274981498718262,tensor,/home/jordan/runs/ardm/guidance_basicdisc_middle_end_dw5e-4/events.out.tfevents.1780155755.DESKTOP-3CMUNGL.421652.0.v2
guidance_basicdisc_middle_end_dw5e-4,disc_end_grad_norm,200,1780190814.925724,14.602398872375488,tensor,/home/jordan/runs/ardm/guidance_basicdisc_middle_end_dw5e-4/events.out.tfevents.1780155755.DESKTOP-3CMUNGL.421652.0.v2
guidance_basicdisc_middle_end_dw5e-4,disc_end_loss,200,1780190814.925018,0.7568774223327637,tensor,/home/jordan/runs/ardm/guidance_basicdisc_middle_end_dw5e-4/events.out.tfevents.1780155755.DESKTOP-3CMUNGL.421652.0.v2
guidance_basicdisc_middle_end_dw5e-4,disc_end_real_logits,200,1780190814.925313,1.060821771621704,tensor,/home/jordan/runs/ardm/guidance_basicdisc_middle_end_dw5e-4/events.out.tfevents.1780155755.DESKTOP-3CMUNGL.421652.0.v2
guidance_basicdisc_middle_end_dw5e-4,disc_mid_fake_logits,200,1780190814.92519,0.20139692723751068,tensor,/home/jordan/runs/ardm/guidance_basicdisc_middle_end_dw5e-4/events.out.tfevents.1780155755.DESKTOP-3CMUNGL.421652.0.v2
guidance_basicdisc_middle_end_dw5e-4,disc_mid_grad_norm,200,1780190814.925645,491.6741638183594,tensor,/home/jordan/runs/ardm/guidance_basicdisc_middle_end_dw5e-4/events.out.tfevents.1780155755.DESKTOP-3CMUNGL.421652.0.v2
guidance_basicdisc_middle_end_dw5e-4,disc_mid_loss,200,1780190814.92493,2.191105604171753,tensor,/home/jordan/runs/ardm/guidance_basicdisc_middle_end_dw5e-4/events.out.tfevents.1780155755.DESKTOP-3CMUNGL.421652.0.v2
guidance_basicdisc_middle_end_dw5e-4,disc_mid_real_logits,200,1780190814.925104,0.06727112829685211,tensor,/home/jordan/runs/ardm/guidance_basicdisc_middle_end_dw5e-4/events.out.tfevents.1780155755.DESKTOP-3CMUNGL.421652.0.v2
guidance_basicdisc_middle_end_dw5e-4,disc_weight_end,200,1780190814.925563,0.0005000000237487257,tensor,/home/jordan/runs/ardm/guidance_basicdisc_middle_end_dw5e-4/events.out.tfevents.1780155755.DESKTOP-3CMUNGL.421652.0.v2
guidance_basicdisc_middle_end_dw5e-4,disc_weight_mid,200,1780190814.925481,0.0005000000237487257,tensor,/home/jordan/runs/ardm/guidance_basicdisc_middle_end_dw5e-4/events.out.tfevents.1780155755.DESKTOP-3CMUNGL.421652.0.v2
guidance_basicdisc_middle_end_dw5e-4,eval_fid,200,1780191517.914367,263.38665771484375,tensor,/home/jordan/runs/ardm/guidance_basicdisc_middle_end_dw5e-4/events.out.tfevents.1780155755.DESKTOP-3CMUNGL.421652.0.v2
guidance_basicdisc_middle_end_dw5e-4,eval_is_mean,200,1780191517.914678,1.9121109247207642,tensor,/home/jordan/runs/ardm/guidance_basicdisc_middle_end_dw5e-4/events.out.tfevents.1780155755.DESKTOP-3CMUNGL.421652.0.v2
guidance_basicdisc_middle_end_dw5e-4,eval_is_std,200,1780191517.914817,0.1160871833562851,tensor,/home/jordan/runs/ardm/guidance_basicdisc_middle_end_dw5e-4/events.out.tfevents.1780155755.DESKTOP-3CMUNGL.421652.0.v2
guidance_basicdisc_middle_end_dw5e-4,eval_nelbo,200,1780190814.923552,3.788547992706299,tensor,/home/jordan/runs/ardm/guidance_basicdisc_middle_end_dw5e-4/events.out.tfevents.1780155755.DESKTOP-3CMUNGL.421652.0.v2
guidance_basicdisc_middle_end_dw5e-4,eval_nelbo_policy_50,200,1780191708.30517,3.8256492614746094,tensor,/home/jordan/runs/ardm/guidance_basicdisc_middle_end_dw5e-4/events.out.tfevents.1780155755.DESKTOP-3CMUNGL.421652.0.v2
guidance_basicdisc_middle_end_dw5e-4,eval_nelbo_policy_naive,200,1780191660.217863,3.7852210998535156,tensor,/home/jordan/runs/ardm/guidance_basicdisc_middle_end_dw5e-4/events.out.tfevents.1780155755.DESKTOP-3CMUNGL.421652.0.v2
guidance_basicdisc_middle_end_dw5e-4,eval_ssim,200,1780191517.914918,0.03295784071087837,tensor,/home/jordan/runs/ardm/guidance_basicdisc_middle_end_dw5e-4/events.out.tfevents.1780155755.DESKTOP-3CMUNGL.421652.0.v2
guidance_basicdisc_middle_end_dw5e-4,gen_end_loss,200,1780190814.924834,1.1274981498718262,tensor,/home/jordan/runs/ardm/guidance_basicdisc_middle_end_dw5e-4/events.out.tfevents.1780155755.DESKTOP-3CMUNGL.421652.0.v2
guidance_basicdisc_middle_end_dw5e-4,gen_mid_loss,200,1780190814.924711,-0.20139692723751068,tensor,/home/jordan/runs/ardm/guidance_basicdisc_middle_end_dw5e-4/events.out.tfevents.1780155755.DESKTOP-3CMUNGL.421652.0.v2
guidance_basicdisc_middle_end_dw5e-4,grad_norm,200,1780190814.923285,8.940166473388672,tensor,/home/jordan/runs/ardm/guidance_basicdisc_middle_end_dw5e-4/events.out.tfevents.1780155755.DESKTOP-3CMUNGL.421652.0.v2
guidance_basicdisc_middle_end_dw5e-4,train_ce,200,1780190814.920966,0.529950737953186,tensor,/home/jordan/runs/ardm/guidance_basicdisc_middle_end_dw5e-4/events.out.tfevents.1780155755.DESKTOP-3CMUNGL.421652.0.v2
guidance_basicdisc_middle_end_dw5e-4,train_loss,200,1780190814.919241,3.8204751014709473,tensor,/home/jordan/runs/ardm/guidance_basicdisc_middle_end_dw5e-4/events.out.tfevents.1780155755.DESKTOP-3CMUNGL.421652.0.v2
guidance_basicdisc_middle_end_dw5e-4,train_nelbo,200,1780190814.919724,3.81948184967041,tensor,/home/jordan/runs/ardm/guidance_basicdisc_middle_end_dw5e-4/events.out.tfevents.1780155755.DESKTOP-3CMUNGL.421652.0.v2
guidance_basicdisc_middle_end_dw5e-4,train_nelbo_steps_100,200,1780191708.306008,3.871676445007324,tensor,/home/jordan/runs/ardm/guidance_basicdisc_middle_end_dw5e-4/events.out.tfevents.1780155755.DESKTOP-3CMUNGL.421652.0.v2
guidance_basicdisc_middle_end_dw5e-4,train_nelbo_steps_50,200,1780191708.305662,3.8861489295959473,tensor,/home/jordan/runs/ardm/guidance_basicdisc_middle_end_dw5e-4/events.out.tfevents.1780155755.DESKTOP-3CMUNGL.421652.0.v2
guidance_reasoning_middle_end_maskmatched_rw1e-4,ardm_loss,200,1780818360.294275,3.1648900508880615,tensor,/home/jordan/runs/ardm/guidance_reasoning_middle_end_maskmatched_rw1e-4/events.out.tfevents.1780782462.DESKTOP-3CMUNGL.30669.0.v2
guidance_reasoning_middle_end_maskmatched_rw1e-4,disc_end_fake_logits,200,1780818360.303927,-0.2979165315628052,tensor,/home/jordan/runs/ardm/guidance_reasoning_middle_end_maskmatched_rw1e-4/events.out.tfevents.1780782462.DESKTOP-3CMUNGL.30669.0.v2
guidance_reasoning_middle_end_maskmatched_rw1e-4,disc_end_fake_logits_std,200,1780818360.315947,0.8403828740119934,tensor,/home/jordan/runs/ardm/guidance_reasoning_middle_end_maskmatched_rw1e-4/events.out.tfevents.1780782462.DESKTOP-3CMUNGL.30669.0.v2
guidance_reasoning_middle_end_maskmatched_rw1e-4,disc_end_grad_norm,200,1780818360.318219,23.241239547729492,tensor,/home/jordan/runs/ardm/guidance_reasoning_middle_end_maskmatched_rw1e-4/events.out.tfevents.1780782462.DESKTOP-3CMUNGL.30669.0.v2
guidance_reasoning_middle_end_maskmatched_rw1e-4,disc_end_logit_abs_mean,200,1780818360.323969,0.8636953830718994,tensor,/home/jordan/runs/ardm/guidance_reasoning_middle_end_maskmatched_rw1e-4/events.out.tfevents.1780782462.DESKTOP-3CMUNGL.30669.0.v2
guidance_reasoning_middle_end_maskmatched_rw1e-4,disc_end_loss,200,1780818360.299436,1.3885678052902222,tensor,/home/jordan/runs/ardm/guidance_reasoning_middle_end_maskmatched_rw1e-4/events.out.tfevents.1780782462.DESKTOP-3CMUNGL.30669.0.v2
guidance_reasoning_middle_end_maskmatched_rw1e-4,disc_end_real_logits,200,1780818360.302972,0.34855473041534424,tensor,/home/jordan/runs/ardm/guidance_reasoning_middle_end_maskmatched_rw1e-4/events.out.tfevents.1780782462.DESKTOP-3CMUNGL.30669.0.v2
guidance_reasoning_middle_end_maskmatched_rw1e-4,disc_end_real_logits_std,200,1780818360.315243,0.8216239213943481,tensor,/home/jordan/runs/ardm/guidance_reasoning_middle_end_maskmatched_rw1e-4/events.out.tfevents.1780782462.DESKTOP-3CMUNGL.30669.0.v2
guidance_reasoning_middle_end_maskmatched_rw1e-4,disc_mid_fake_logits,200,1780818360.301843,-0.9268673658370972,tensor,/home/jordan/runs/ardm/guidance_reasoning_middle_end_maskmatched_rw1e-4/events.out.tfevents.1780782462.DESKTOP-3CMUNGL.30669.0.v2
guidance_reasoning_middle_end_maskmatched_rw1e-4,disc_mid_fake_logits_std,200,1780818360.313848,0.6171979308128357,tensor,/home/jordan/runs/ardm/guidance_reasoning_middle_end_maskmatched_rw1e-4/events.out.tfevents.1780782462.DESKTOP-3CMUNGL.30669.0.v2
guidance_reasoning_middle_end_maskmatched_rw1e-4,disc_mid_grad_norm,200,1780818360.317113,20.8474178314209,tensor,/home/jordan/runs/ardm/guidance_reasoning_middle_end_maskmatched_rw1e-4/events.out.tfevents.1780782462.DESKTOP-3CMUNGL.30669.0.v2
guidance_reasoning_middle_end_maskmatched_rw1e-4,disc_mid_logit_abs_mean,200,1780818360.322009,1.1272368431091309,tensor,/home/jordan/runs/ardm/guidance_reasoning_middle_end_maskmatched_rw1e-4/events.out.tfevents.1780782462.DESKTOP-3CMUNGL.30669.0.v2
guidance_reasoning_middle_end_maskmatched_rw1e-4,disc_mid_loss,200,1780818360.298277,0.49116402864456177,tensor,/home/jordan/runs/ardm/guidance_reasoning_middle_end_maskmatched_rw1e-4/events.out.tfevents.1780782462.DESKTOP-3CMUNGL.30669.0.v2
guidance_reasoning_middle_end_maskmatched_rw1e-4,disc_mid_real_logits,200,1780818360.301017,0.9752660989761353,tensor,/home/jordan/runs/ardm/guidance_reasoning_middle_end_maskmatched_rw1e-4/events.out.tfevents.1780782462.DESKTOP-3CMUNGL.30669.0.v2
guidance_reasoning_middle_end_maskmatched_rw1e-4,disc_mid_real_logits_std,200,1780818360.312534,0.654313325881958,tensor,/home/jordan/runs/ardm/guidance_reasoning_middle_end_maskmatched_rw1e-4/events.out.tfevents.1780782462.DESKTOP-3CMUNGL.30669.0.v2
guidance_reasoning_middle_end_maskmatched_rw1e-4,disc_train_factor,200,1780818360.320076,1.0,tensor,/home/jordan/runs/ardm/guidance_reasoning_middle_end_maskmatched_rw1e-4/events.out.tfevents.1780782462.DESKTOP-3CMUNGL.30669.0.v2
guidance_reasoning_middle_end_maskmatched_rw1e-4,disc_weight_end,200,1780818360.305505,0.0,tensor,/home/jordan/runs/ardm/guidance_reasoning_middle_end_maskmatched_rw1e-4/events.out.tfevents.1780782462.DESKTOP-3CMUNGL.30669.0.v2
guidance_reasoning_middle_end_maskmatched_rw1e-4,disc_weight_mid,200,1780818360.304777,0.0,tensor,/home/jordan/runs/ardm/guidance_reasoning_middle_end_maskmatched_rw1e-4/events.out.tfevents.1780782462.DESKTOP-3CMUNGL.30669.0.v2
guidance_reasoning_middle_end_maskmatched_rw1e-4,end_feature_cosine,200,1780818360.330278,0.9951926469802856,tensor,/home/jordan/runs/ardm/guidance_reasoning_middle_end_maskmatched_rw1e-4/events.out.tfevents.1780782462.DESKTOP-3CMUNGL.30669.0.v2
guidance_reasoning_middle_end_maskmatched_rw1e-4,eval_fid,200,1780818892.629579,206.78614807128906,tensor,/home/jordan/runs/ardm/guidance_reasoning_middle_end_maskmatched_rw1e-4/events.out.tfevents.1780782462.DESKTOP-3CMUNGL.30669.0.v2
guidance_reasoning_middle_end_maskmatched_rw1e-4,eval_is_mean,200,1780818892.629897,2.6932895183563232,tensor,/home/jordan/runs/ardm/guidance_reasoning_middle_end_maskmatched_rw1e-4/events.out.tfevents.1780782462.DESKTOP-3CMUNGL.30669.0.v2
guidance_reasoning_middle_end_maskmatched_rw1e-4,eval_is_std,200,1780818892.63004,0.3906958997249603,tensor,/home/jordan/runs/ardm/guidance_reasoning_middle_end_maskmatched_rw1e-4/events.out.tfevents.1780782462.DESKTOP-3CMUNGL.30669.0.v2
guidance_reasoning_middle_end_maskmatched_rw1e-4,eval_nelbo,200,1780818360.293824,3.131523370742798,tensor,/home/jordan/runs/ardm/guidance_reasoning_middle_end_maskmatched_rw1e-4/events.out.tfevents.1780782462.DESKTOP-3CMUNGL.30669.0.v2
guidance_reasoning_middle_end_maskmatched_rw1e-4,eval_nelbo_policy_50,200,1780819039.867073,3.161954402923584,tensor,/home/jordan/runs/ardm/guidance_reasoning_middle_end_maskmatched_rw1e-4/events.out.tfevents.1780782462.DESKTOP-3CMUNGL.30669.0.v2
guidance_reasoning_middle_end_maskmatched_rw1e-4,eval_nelbo_policy_naive,200,1780819003.930197,3.128629446029663,tensor,/home/jordan/runs/ardm/guidance_reasoning_middle_end_maskmatched_rw1e-4/events.out.tfevents.1780782462.DESKTOP-3CMUNGL.30669.0.v2
guidance_reasoning_middle_end_maskmatched_rw1e-4,eval_ssim,200,1780818892.630296,0.03975158557295799,tensor,/home/jordan/runs/ardm/guidance_reasoning_middle_end_maskmatched_rw1e-4/events.out.tfevents.1780782462.DESKTOP-3CMUNGL.30669.0.v2
guidance_reasoning_middle_end_maskmatched_rw1e-4,fake_end_feature_mean,200,1780818360.334601,0.2755822539329529,tensor,/home/jordan/runs/ardm/guidance_reasoning_middle_end_maskmatched_rw1e-4/events.out.tfevents.1780782462.DESKTOP-3CMUNGL.30669.0.v2
guidance_reasoning_middle_end_maskmatched_rw1e-4,fake_end_feature_norm,200,1780818360.326755,5.757151126861572,tensor,/home/jordan/runs/ardm/guidance_reasoning_middle_end_maskmatched_rw1e-4/events.out.tfevents.1780782462.DESKTOP-3CMUNGL.30669.0.v2
guidance_reasoning_middle_end_maskmatched_rw1e-4,fake_mid_feature_mean,200,1780818360.331781,0.1582726240158081,tensor,/home/jordan/runs/ardm/guidance_reasoning_middle_end_maskmatched_rw1e-4/events.out.tfevents.1780782462.DESKTOP-3CMUNGL.30669.0.v2
guidance_reasoning_middle_end_maskmatched_rw1e-4,fake_mid_feature_norm,200,1780818360.324562,99.16565704345703,tensor,/home/jordan/runs/ardm/guidance_reasoning_middle_end_maskmatched_rw1e-4/events.out.tfevents.1780782462.DESKTOP-3CMUNGL.30669.0.v2
guidance_reasoning_middle_end_maskmatched_rw1e-4,gen_end_loss,200,1780818360.294524,0.2979165315628052,tensor,/home/jordan/runs/ardm/guidance_reasoning_middle_end_maskmatched_rw1e-4/events.out.tfevents.1780782462.DESKTOP-3CMUNGL.30669.0.v2
guidance_reasoning_middle_end_maskmatched_rw1e-4,gen_mid_loss,200,1780818360.294418,0.9268673658370972,tensor,/home/jordan/runs/ardm/guidance_reasoning_middle_end_maskmatched_rw1e-4/events.out.tfevents.1780782462.DESKTOP-3CMUNGL.30669.0.v2
guidance_reasoning_middle_end_maskmatched_rw1e-4,grad_norm,200,1780818360.292799,5.776966094970703,tensor,/home/jordan/runs/ardm/guidance_reasoning_middle_end_maskmatched_rw1e-4/events.out.tfevents.1780782462.DESKTOP-3CMUNGL.30669.0.v2
guidance_reasoning_middle_end_maskmatched_rw1e-4,guidance_progress,200,1780818360.318982,1.0,tensor,/home/jordan/runs/ardm/guidance_reasoning_middle_end_maskmatched_rw1e-4/events.out.tfevents.1780782462.DESKTOP-3CMUNGL.30669.0.v2
guidance_reasoning_middle_end_maskmatched_rw1e-4,mask_fraction_observed,200,1780818360.321299,0.4988152086734772,tensor,/home/jordan/runs/ardm/guidance_reasoning_middle_end_maskmatched_rw1e-4/events.out.tfevents.1780782462.DESKTOP-3CMUNGL.30669.0.v2
guidance_reasoning_middle_end_maskmatched_rw1e-4,mid_feature_cosine,200,1780818360.329036,0.9471615552902222,tensor,/home/jordan/runs/ardm/guidance_reasoning_middle_end_maskmatched_rw1e-4/events.out.tfevents.1780782462.DESKTOP-3CMUNGL.30669.0.v2
guidance_reasoning_middle_end_maskmatched_rw1e-4,real_end_feature_mean,200,1780818360.335765,0.28172263503074646,tensor,/home/jordan/runs/ardm/guidance_reasoning_middle_end_maskmatched_rw1e-4/events.out.tfevents.1780782462.DESKTOP-3CMUNGL.30669.0.v2
guidance_reasoning_middle_end_maskmatched_rw1e-4,real_end_feature_norm,200,1780818360.327411,5.832155704498291,tensor,/home/jordan/runs/ardm/guidance_reasoning_middle_end_maskmatched_rw1e-4/events.out.tfevents.1780782462.DESKTOP-3CMUNGL.30669.0.v2
guidance_reasoning_middle_end_maskmatched_rw1e-4,real_mid_feature_mean,200,1780818360.333362,0.18505191802978516,tensor,/home/jordan/runs/ardm/guidance_reasoning_middle_end_maskmatched_rw1e-4/events.out.tfevents.1780782462.DESKTOP-3CMUNGL.30669.0.v2
guidance_reasoning_middle_end_maskmatched_rw1e-4,real_mid_feature_norm,200,1780818360.325204,97.0217514038086,tensor,/home/jordan/runs/ardm/guidance_reasoning_middle_end_maskmatched_rw1e-4/events.out.tfevents.1780782462.DESKTOP-3CMUNGL.30669.0.v2
guidance_reasoning_middle_end_maskmatched_rw1e-4,reason_end_loss,200,1780818360.308538,0.004807364661246538,tensor,/home/jordan/runs/ardm/guidance_reasoning_middle_end_maskmatched_rw1e-4/events.out.tfevents.1780782462.DESKTOP-3CMUNGL.30669.0.v2
guidance_reasoning_middle_end_maskmatched_rw1e-4,reason_mid_loss,200,1780818360.307052,0.05283842235803604,tensor,/home/jordan/runs/ardm/guidance_reasoning_middle_end_maskmatched_rw1e-4/events.out.tfevents.1780782462.DESKTOP-3CMUNGL.30669.0.v2
guidance_reasoning_middle_end_maskmatched_rw1e-4,reason_weight_end,200,1780818360.310417,9.999998292187229e-05,tensor,/home/jordan/runs/ardm/guidance_reasoning_middle_end_maskmatched_rw1e-4/events.out.tfevents.1780782462.DESKTOP-3CMUNGL.30669.0.v2
guidance_reasoning_middle_end_maskmatched_rw1e-4,reason_weight_mid,200,1780818360.30986,9.999998292187229e-05,tensor,/home/jordan/runs/ardm/guidance_reasoning_middle_end_maskmatched_rw1e-4/events.out.tfevents.1780782462.DESKTOP-3CMUNGL.30669.0.v2
guidance_reasoning_middle_end_maskmatched_rw1e-4,train_ce,200,1780818360.292708,0.44783398509025574,tensor,/home/jordan/runs/ardm/guidance_reasoning_middle_end_maskmatched_rw1e-4/events.out.tfevents.1780782462.DESKTOP-3CMUNGL.30669.0.v2
guidance_reasoning_middle_end_maskmatched_rw1e-4,train_loss,200,1780818360.292324,3.164895534515381,tensor,/home/jordan/runs/ardm/guidance_reasoning_middle_end_maskmatched_rw1e-4/events.out.tfevents.1780782462.DESKTOP-3CMUNGL.30669.0.v2
guidance_reasoning_middle_end_maskmatched_rw1e-4,train_nelbo,200,1780818360.29259,3.164442300796509,tensor,/home/jordan/runs/ardm/guidance_reasoning_middle_end_maskmatched_rw1e-4/events.out.tfevents.1780782462.DESKTOP-3CMUNGL.30669.0.v2
guidance_reasoning_middle_end_maskmatched_rw1e-4,train_nelbo_steps_100,200,1780819039.868164,3.1772708892822266,tensor,/home/jordan/runs/ardm/guidance_reasoning_middle_end_maskmatched_rw1e-4/events.out.tfevents.1780782462.DESKTOP-3CMUNGL.30669.0.v2
guidance_reasoning_middle_end_maskmatched_rw1e-4,train_nelbo_steps_50,200,1780819039.868004,3.19142484664917,tensor,/home/jordan/runs/ardm/guidance_reasoning_middle_end_maskmatched_rw1e-4/events.out.tfevents.1780782462.DESKTOP-3CMUNGL.30669.0.v2
guidance_reasoning_middle_end_maskmatched_rw2e-3,ardm_loss,200,1780898504.093604,3.163522720336914,tensor,/home/jordan/runs/ardm/guidance_reasoning_middle_end_maskmatched_rw2e-3/events.out.tfevents.1780855663.DESKTOP-3CMUNGL.99166.0.v2
guidance_reasoning_middle_end_maskmatched_rw2e-3,disc_end_fake_logits,200,1780898504.099597,-0.2571506202220917,tensor,/home/jordan/runs/ardm/guidance_reasoning_middle_end_maskmatched_rw2e-3/events.out.tfevents.1780855663.DESKTOP-3CMUNGL.99166.0.v2
guidance_reasoning_middle_end_maskmatched_rw2e-3,disc_end_fake_logits_std,200,1780898504.108204,0.8473168611526489,tensor,/home/jordan/runs/ardm/guidance_reasoning_middle_end_maskmatched_rw2e-3/events.out.tfevents.1780855663.DESKTOP-3CMUNGL.99166.0.v2
guidance_reasoning_middle_end_maskmatched_rw2e-3,disc_end_grad_norm,200,1780898504.110253,22.095367431640625,tensor,/home/jordan/runs/ardm/guidance_reasoning_middle_end_maskmatched_rw2e-3/events.out.tfevents.1780855663.DESKTOP-3CMUNGL.99166.0.v2
guidance_reasoning_middle_end_maskmatched_rw2e-3,disc_end_logit_abs_mean,200,1780898504.114889,0.8554879426956177,tensor,/home/jordan/runs/ardm/guidance_reasoning_middle_end_maskmatched_rw2e-3/events.out.tfevents.1780855663.DESKTOP-3CMUNGL.99166.0.v2
guidance_reasoning_middle_end_maskmatched_rw2e-3,disc_end_loss,200,1780898504.09411,1.4414122104644775,tensor,/home/jordan/runs/ardm/guidance_reasoning_middle_end_maskmatched_rw2e-3/events.out.tfevents.1780855663.DESKTOP-3CMUNGL.99166.0.v2
guidance_reasoning_middle_end_maskmatched_rw2e-3,disc_end_real_logits,200,1780898504.094929,0.3296298384666443,tensor,/home/jordan/runs/ardm/guidance_reasoning_middle_end_maskmatched_rw2e-3/events.out.tfevents.1780855663.DESKTOP-3CMUNGL.99166.0.v2
guidance_reasoning_middle_end_maskmatched_rw2e-3,disc_end_real_logits_std,200,1780898504.107685,0.8231679201126099,tensor,/home/jordan/runs/ardm/guidance_reasoning_middle_end_maskmatched_rw2e-3/events.out.tfevents.1780855663.DESKTOP-3CMUNGL.99166.0.v2
guidance_reasoning_middle_end_maskmatched_rw2e-3,disc_mid_fake_logits,200,1780898504.094278,-1.4319146871566772,tensor,/home/jordan/runs/ardm/guidance_reasoning_middle_end_maskmatched_rw2e-3/events.out.tfevents.1780855663.DESKTOP-3CMUNGL.99166.0.v2
guidance_reasoning_middle_end_maskmatched_rw2e-3,disc_mid_fake_logits_std,200,1780898504.107141,0.9572201371192932,tensor,/home/jordan/runs/ardm/guidance_reasoning_middle_end_maskmatched_rw2e-3/events.out.tfevents.1780855663.DESKTOP-3CMUNGL.99166.0.v2
guidance_reasoning_middle_end_maskmatched_rw2e-3,disc_mid_grad_norm,200,1780898504.10881,37.58844757080078,tensor,/home/jordan/runs/ardm/guidance_reasoning_middle_end_maskmatched_rw2e-3/events.out.tfevents.1780855663.DESKTOP-3CMUNGL.99166.0.v2
guidance_reasoning_middle_end_maskmatched_rw2e-3,disc_mid_logit_abs_mean,200,1780898504.114191,1.6051968336105347,tensor,/home/jordan/runs/ardm/guidance_reasoning_middle_end_maskmatched_rw2e-3/events.out.tfevents.1780855663.DESKTOP-3CMUNGL.99166.0.v2
guidance_reasoning_middle_end_maskmatched_rw2e-3,disc_mid_loss,200,1780898504.094008,0.526961624622345,tensor,/home/jordan/runs/ardm/guidance_reasoning_middle_end_maskmatched_rw2e-3/events.out.tfevents.1780855663.DESKTOP-3CMUNGL.99166.0.v2
guidance_reasoning_middle_end_maskmatched_rw2e-3,disc_mid_real_logits,200,1780898504.094197,1.4363861083984375,tensor,/home/jordan/runs/ardm/guidance_reasoning_middle_end_maskmatched_rw2e-3/events.out.tfevents.1780855663.DESKTOP-3CMUNGL.99166.0.v2
guidance_reasoning_middle_end_maskmatched_rw2e-3,disc_mid_real_logits_std,200,1780898504.105245,0.9612138867378235,tensor,/home/jordan/runs/ardm/guidance_reasoning_middle_end_maskmatched_rw2e-3/events.out.tfevents.1780855663.DESKTOP-3CMUNGL.99166.0.v2
guidance_reasoning_middle_end_maskmatched_rw2e-3,disc_train_factor,200,1780898504.112922,1.0,tensor,/home/jordan/runs/ardm/guidance_reasoning_middle_end_maskmatched_rw2e-3/events.out.tfevents.1780855663.DESKTOP-3CMUNGL.99166.0.v2
guidance_reasoning_middle_end_maskmatched_rw2e-3,disc_weight_end,200,1780898504.101109,0.0,tensor,/home/jordan/runs/ardm/guidance_reasoning_middle_end_maskmatched_rw2e-3/events.out.tfevents.1780855663.DESKTOP-3CMUNGL.99166.0.v2
guidance_reasoning_middle_end_maskmatched_rw2e-3,disc_weight_mid,200,1780898504.100228,0.0,tensor,/home/jordan/runs/ardm/guidance_reasoning_middle_end_maskmatched_rw2e-3/events.out.tfevents.1780855663.DESKTOP-3CMUNGL.99166.0.v2
guidance_reasoning_middle_end_maskmatched_rw2e-3,end_feature_cosine,200,1780898504.119095,0.9957664012908936,tensor,/home/jordan/runs/ardm/guidance_reasoning_middle_end_maskmatched_rw2e-3/events.out.tfevents.1780855663.DESKTOP-3CMUNGL.99166.0.v2
guidance_reasoning_middle_end_maskmatched_rw2e-3,eval_fid,200,1780899128.001844,205.4232177734375,tensor,/home/jordan/runs/ardm/guidance_reasoning_middle_end_maskmatched_rw2e-3/events.out.tfevents.1780855663.DESKTOP-3CMUNGL.99166.0.v2
guidance_reasoning_middle_end_maskmatched_rw2e-3,eval_is_mean,200,1780899128.002301,2.8343586921691895,tensor,/home/jordan/runs/ardm/guidance_reasoning_middle_end_maskmatched_rw2e-3/events.out.tfevents.1780855663.DESKTOP-3CMUNGL.99166.0.v2
guidance_reasoning_middle_end_maskmatched_rw2e-3,eval_is_std,200,1780899128.003099,0.4852428734302521,tensor,/home/jordan/runs/ardm/guidance_reasoning_middle_end_maskmatched_rw2e-3/events.out.tfevents.1780855663.DESKTOP-3CMUNGL.99166.0.v2
guidance_reasoning_middle_end_maskmatched_rw2e-3,eval_nelbo,200,1780898504.093448,3.131470203399658,tensor,/home/jordan/runs/ardm/guidance_reasoning_middle_end_maskmatched_rw2e-3/events.out.tfevents.1780855663.DESKTOP-3CMUNGL.99166.0.v2
guidance_reasoning_middle_end_maskmatched_rw2e-3,eval_nelbo_policy_50,200,1780899296.713691,3.1663894653320312,tensor,/home/jordan/runs/ardm/guidance_reasoning_middle_end_maskmatched_rw2e-3/events.out.tfevents.1780855663.DESKTOP-3CMUNGL.99166.0.v2
guidance_reasoning_middle_end_maskmatched_rw2e-3,eval_nelbo_policy_naive,200,1780899255.951944,3.128192663192749,tensor,/home/jordan/runs/ardm/guidance_reasoning_middle_end_maskmatched_rw2e-3/events.out.tfevents.1780855663.DESKTOP-3CMUNGL.99166.0.v2
guidance_reasoning_middle_end_maskmatched_rw2e-3,eval_ssim,200,1780899128.003551,0.04261450469493866,tensor,/home/jordan/runs/ardm/guidance_reasoning_middle_end_maskmatched_rw2e-3/events.out.tfevents.1780855663.DESKTOP-3CMUNGL.99166.0.v2
guidance_reasoning_middle_end_maskmatched_rw2e-3,fake_end_feature_mean,200,1780898504.120842,0.259845495223999,tensor,/home/jordan/runs/ardm/guidance_reasoning_middle_end_maskmatched_rw2e-3/events.out.tfevents.1780855663.DESKTOP-3CMUNGL.99166.0.v2
guidance_reasoning_middle_end_maskmatched_rw2e-3,fake_end_feature_norm,200,1780898504.11771,5.861234188079834,tensor,/home/jordan/runs/ardm/guidance_reasoning_middle_end_maskmatched_rw2e-3/events.out.tfevents.1780855663.DESKTOP-3CMUNGL.99166.0.v2
guidance_reasoning_middle_end_maskmatched_rw2e-3,fake_mid_feature_mean,200,1780898504.119208,0.3303792476654053,tensor,/home/jordan/runs/ardm/guidance_reasoning_middle_end_maskmatched_rw2e-3/events.out.tfevents.1780855663.DESKTOP-3CMUNGL.99166.0.v2
guidance_reasoning_middle_end_maskmatched_rw2e-3,fake_mid_feature_norm,200,1780898504.115892,149.43695068359375,tensor,/home/jordan/runs/ardm/guidance_reasoning_middle_end_maskmatched_rw2e-3/events.out.tfevents.1780855663.DESKTOP-3CMUNGL.99166.0.v2
guidance_reasoning_middle_end_maskmatched_rw2e-3,gen_end_loss,200,1780898504.093794,0.2571506202220917,tensor,/home/jordan/runs/ardm/guidance_reasoning_middle_end_maskmatched_rw2e-3/events.out.tfevents.1780855663.DESKTOP-3CMUNGL.99166.0.v2
guidance_reasoning_middle_end_maskmatched_rw2e-3,gen_mid_loss,200,1780898504.093706,1.4319146871566772,tensor,/home/jordan/runs/ardm/guidance_reasoning_middle_end_maskmatched_rw2e-3/events.out.tfevents.1780855663.DESKTOP-3CMUNGL.99166.0.v2
guidance_reasoning_middle_end_maskmatched_rw2e-3,grad_norm,200,1780898504.092924,5.496492385864258,tensor,/home/jordan/runs/ardm/guidance_reasoning_middle_end_maskmatched_rw2e-3/events.out.tfevents.1780855663.DESKTOP-3CMUNGL.99166.0.v2
guidance_reasoning_middle_end_maskmatched_rw2e-3,guidance_progress,200,1780898504.110985,1.0,tensor,/home/jordan/runs/ardm/guidance_reasoning_middle_end_maskmatched_rw2e-3/events.out.tfevents.1780855663.DESKTOP-3CMUNGL.99166.0.v2
guidance_reasoning_middle_end_maskmatched_rw2e-3,mask_fraction_observed,200,1780898504.113562,0.4988152086734772,tensor,/home/jordan/runs/ardm/guidance_reasoning_middle_end_maskmatched_rw2e-3/events.out.tfevents.1780855663.DESKTOP-3CMUNGL.99166.0.v2
guidance_reasoning_middle_end_maskmatched_rw2e-3,mid_feature_cosine,200,1780898504.118902,0.9709025621414185,tensor,/home/jordan/runs/ardm/guidance_reasoning_middle_end_maskmatched_rw2e-3/events.out.tfevents.1780855663.DESKTOP-3CMUNGL.99166.0.v2
guidance_reasoning_middle_end_maskmatched_rw2e-3,real_end_feature_mean,200,1780898504.120988,0.26471248269081116,tensor,/home/jordan/runs/ardm/guidance_reasoning_middle_end_maskmatched_rw2e-3/events.out.tfevents.1780855663.DESKTOP-3CMUNGL.99166.0.v2
guidance_reasoning_middle_end_maskmatched_rw2e-3,real_end_feature_norm,200,1780898504.118629,5.920165061950684,tensor,/home/jordan/runs/ardm/guidance_reasoning_middle_end_maskmatched_rw2e-3/events.out.tfevents.1780855663.DESKTOP-3CMUNGL.99166.0.v2
guidance_reasoning_middle_end_maskmatched_rw2e-3,real_mid_feature_mean,200,1780898504.120139,0.37008965015411377,tensor,/home/jordan/runs/ardm/guidance_reasoning_middle_end_maskmatched_rw2e-3/events.out.tfevents.1780855663.DESKTOP-3CMUNGL.99166.0.v2
guidance_reasoning_middle_end_maskmatched_rw2e-3,real_mid_feature_norm,200,1780898504.117116,150.2227325439453,tensor,/home/jordan/runs/ardm/guidance_reasoning_middle_end_maskmatched_rw2e-3/events.out.tfevents.1780855663.DESKTOP-3CMUNGL.99166.0.v2
guidance_reasoning_middle_end_maskmatched_rw2e-3,reason_end_loss,200,1780898504.103501,0.004233586601912975,tensor,/home/jordan/runs/ardm/guidance_reasoning_middle_end_maskmatched_rw2e-3/events.out.tfevents.1780855663.DESKTOP-3CMUNGL.99166.0.v2
guidance_reasoning_middle_end_maskmatched_rw2e-3,reason_mid_loss,200,1780898504.10248,0.029097458347678185,tensor,/home/jordan/runs/ardm/guidance_reasoning_middle_end_maskmatched_rw2e-3/events.out.tfevents.1780855663.DESKTOP-3CMUNGL.99166.0.v2
guidance_reasoning_middle_end_maskmatched_rw2e-3,reason_weight_end,200,1780898504.104607,0.0020000000949949026,tensor,/home/jordan/runs/ardm/guidance_reasoning_middle_end_maskmatched_rw2e-3/events.out.tfevents.1780855663.DESKTOP-3CMUNGL.99166.0.v2
guidance_reasoning_middle_end_maskmatched_rw2e-3,reason_weight_mid,200,1780898504.103942,0.0020000000949949026,tensor,/home/jordan/runs/ardm/guidance_reasoning_middle_end_maskmatched_rw2e-3/events.out.tfevents.1780855663.DESKTOP-3CMUNGL.99166.0.v2
guidance_reasoning_middle_end_maskmatched_rw2e-3,train_ce,200,1780898504.092802,0.4472602605819702,tensor,/home/jordan/runs/ardm/guidance_reasoning_middle_end_maskmatched_rw2e-3/events.out.tfevents.1780855663.DESKTOP-3CMUNGL.99166.0.v2
guidance_reasoning_middle_end_maskmatched_rw2e-3,train_loss,200,1780898504.090116,3.1635894775390625,tensor,/home/jordan/runs/ardm/guidance_reasoning_middle_end_maskmatched_rw2e-3/events.out.tfevents.1780855663.DESKTOP-3CMUNGL.99166.0.v2
guidance_reasoning_middle_end_maskmatched_rw2e-3,train_nelbo,200,1780898504.091133,3.1630756855010986,tensor,/home/jordan/runs/ardm/guidance_reasoning_middle_end_maskmatched_rw2e-3/events.out.tfevents.1780855663.DESKTOP-3CMUNGL.99166.0.v2
guidance_reasoning_middle_end_maskmatched_rw2e-3,train_nelbo_steps_100,200,1780899296.714301,3.174920082092285,tensor,/home/jordan/runs/ardm/guidance_reasoning_middle_end_maskmatched_rw2e-3/events.out.tfevents.1780855663.DESKTOP-3CMUNGL.99166.0.v2
guidance_reasoning_middle_end_maskmatched_rw2e-3,train_nelbo_steps_50,200,1780899296.714186,3.1891255378723145,tensor,/home/jordan/runs/ardm/guidance_reasoning_middle_end_maskmatched_rw2e-3/events.out.tfevents.1780855663.DESKTOP-3CMUNGL.99166.0.v2
guidance_reasoning_middle_end_maskmatched_rw5e-4,ardm_loss,200,1780854823.032896,3.166642427444458,tensor,/home/jordan/runs/ardm/guidance_reasoning_middle_end_maskmatched_rw5e-4/events.out.tfevents.1780819078.DESKTOP-3CMUNGL.65106.0.v2
guidance_reasoning_middle_end_maskmatched_rw5e-4,disc_end_fake_logits,200,1780854823.034481,-0.2700560986995697,tensor,/home/jordan/runs/ardm/guidance_reasoning_middle_end_maskmatched_rw5e-4/events.out.tfevents.1780819078.DESKTOP-3CMUNGL.65106.0.v2
guidance_reasoning_middle_end_maskmatched_rw5e-4,disc_end_fake_logits_std,200,1780854823.036503,0.8580846786499023,tensor,/home/jordan/runs/ardm/guidance_reasoning_middle_end_maskmatched_rw5e-4/events.out.tfevents.1780819078.DESKTOP-3CMUNGL.65106.0.v2
guidance_reasoning_middle_end_maskmatched_rw5e-4,disc_end_grad_norm,200,1780854823.036714,19.942394256591797,tensor,/home/jordan/runs/ardm/guidance_reasoning_middle_end_maskmatched_rw5e-4/events.out.tfevents.1780819078.DESKTOP-3CMUNGL.65106.0.v2
guidance_reasoning_middle_end_maskmatched_rw5e-4,disc_end_logit_abs_mean,200,1780854823.048405,0.8768956065177917,tensor,/home/jordan/runs/ardm/guidance_reasoning_middle_end_maskmatched_rw5e-4/events.out.tfevents.1780819078.DESKTOP-3CMUNGL.65106.0.v2
guidance_reasoning_middle_end_maskmatched_rw5e-4,disc_end_loss,200,1780854823.033898,1.433534026145935,tensor,/home/jordan/runs/ardm/guidance_reasoning_middle_end_maskmatched_rw5e-4/events.out.tfevents.1780819078.DESKTOP-3CMUNGL.65106.0.v2
guidance_reasoning_middle_end_maskmatched_rw5e-4,disc_end_real_logits,200,1780854823.034357,0.31485456228256226,tensor,/home/jordan/runs/ardm/guidance_reasoning_middle_end_maskmatched_rw5e-4/events.out.tfevents.1780819078.DESKTOP-3CMUNGL.65106.0.v2
guidance_reasoning_middle_end_maskmatched_rw5e-4,disc_end_real_logits_std,200,1780854823.036281,0.8443522453308105,tensor,/home/jordan/runs/ardm/guidance_reasoning_middle_end_maskmatched_rw5e-4/events.out.tfevents.1780819078.DESKTOP-3CMUNGL.65106.0.v2
guidance_reasoning_middle_end_maskmatched_rw5e-4,disc_mid_fake_logits,200,1780854823.034104,-1.0193020105361938,tensor,/home/jordan/runs/ardm/guidance_reasoning_middle_end_maskmatched_rw5e-4/events.out.tfevents.1780819078.DESKTOP-3CMUNGL.65106.0.v2
guidance_reasoning_middle_end_maskmatched_rw5e-4,disc_mid_fake_logits_std,200,1780854823.035154,0.6616341471672058,tensor,/home/jordan/runs/ardm/guidance_reasoning_middle_end_maskmatched_rw5e-4/events.out.tfevents.1780819078.DESKTOP-3CMUNGL.65106.0.v2
guidance_reasoning_middle_end_maskmatched_rw5e-4,disc_mid_grad_norm,200,1780854823.036624,27.797109603881836,tensor,/home/jordan/runs/ardm/guidance_reasoning_middle_end_maskmatched_rw5e-4/events.out.tfevents.1780819078.DESKTOP-3CMUNGL.65106.0.v2
guidance_reasoning_middle_end_maskmatched_rw5e-4,disc_mid_logit_abs_mean,200,1780854823.046426,1.2057523727416992,tensor,/home/jordan/runs/ardm/guidance_reasoning_middle_end_maskmatched_rw5e-4/events.out.tfevents.1780819078.DESKTOP-3CMUNGL.65106.0.v2
guidance_reasoning_middle_end_maskmatched_rw5e-4,disc_mid_loss,200,1780854823.033729,0.48226964473724365,tensor,/home/jordan/runs/ardm/guidance_reasoning_middle_end_maskmatched_rw5e-4/events.out.tfevents.1780819078.DESKTOP-3CMUNGL.65106.0.v2
guidance_reasoning_middle_end_maskmatched_rw5e-4,disc_mid_real_logits,200,1780854823.03401,1.0524541139602661,tensor,/home/jordan/runs/ardm/guidance_reasoning_middle_end_maskmatched_rw5e-4/events.out.tfevents.1780819078.DESKTOP-3CMUNGL.65106.0.v2
guidance_reasoning_middle_end_maskmatched_rw5e-4,disc_mid_real_logits_std,200,1780854823.035074,0.6841084361076355,tensor,/home/jordan/runs/ardm/guidance_reasoning_middle_end_maskmatched_rw5e-4/events.out.tfevents.1780819078.DESKTOP-3CMUNGL.65106.0.v2
guidance_reasoning_middle_end_maskmatched_rw5e-4,disc_train_factor,200,1780854823.037402,1.0,tensor,/home/jordan/runs/ardm/guidance_reasoning_middle_end_maskmatched_rw5e-4/events.out.tfevents.1780819078.DESKTOP-3CMUNGL.65106.0.v2
guidance_reasoning_middle_end_maskmatched_rw5e-4,disc_weight_end,200,1780854823.034665,0.0,tensor,/home/jordan/runs/ardm/guidance_reasoning_middle_end_maskmatched_rw5e-4/events.out.tfevents.1780819078.DESKTOP-3CMUNGL.65106.0.v2
guidance_reasoning_middle_end_maskmatched_rw5e-4,disc_weight_mid,200,1780854823.034579,0.0,tensor,/home/jordan/runs/ardm/guidance_reasoning_middle_end_maskmatched_rw5e-4/events.out.tfevents.1780819078.DESKTOP-3CMUNGL.65106.0.v2
guidance_reasoning_middle_end_maskmatched_rw5e-4,end_feature_cosine,200,1780854823.054214,0.9952791929244995,tensor,/home/jordan/runs/ardm/guidance_reasoning_middle_end_maskmatched_rw5e-4/events.out.tfevents.1780819078.DESKTOP-3CMUNGL.65106.0.v2
guidance_reasoning_middle_end_maskmatched_rw5e-4,eval_fid,200,1780855468.280542,207.41763305664062,tensor,/home/jordan/runs/ardm/guidance_reasoning_middle_end_maskmatched_rw5e-4/events.out.tfevents.1780819078.DESKTOP-3CMUNGL.65106.0.v2
guidance_reasoning_middle_end_maskmatched_rw5e-4,eval_is_mean,200,1780855468.280877,2.7446413040161133,tensor,/home/jordan/runs/ardm/guidance_reasoning_middle_end_maskmatched_rw5e-4/events.out.tfevents.1780819078.DESKTOP-3CMUNGL.65106.0.v2
guidance_reasoning_middle_end_maskmatched_rw5e-4,eval_is_std,200,1780855468.280997,0.24434342980384827,tensor,/home/jordan/runs/ardm/guidance_reasoning_middle_end_maskmatched_rw5e-4/events.out.tfevents.1780819078.DESKTOP-3CMUNGL.65106.0.v2
guidance_reasoning_middle_end_maskmatched_rw5e-4,eval_nelbo,200,1780854823.032796,3.133005142211914,tensor,/home/jordan/runs/ardm/guidance_reasoning_middle_end_maskmatched_rw5e-4/events.out.tfevents.1780819078.DESKTOP-3CMUNGL.65106.0.v2
guidance_reasoning_middle_end_maskmatched_rw5e-4,eval_nelbo_policy_50,200,1780855617.248264,3.1703014373779297,tensor,/home/jordan/runs/ardm/guidance_reasoning_middle_end_maskmatched_rw5e-4/events.out.tfevents.1780819078.DESKTOP-3CMUNGL.65106.0.v2
guidance_reasoning_middle_end_maskmatched_rw5e-4,eval_nelbo_policy_naive,200,1780855580.220726,3.1299262046813965,tensor,/home/jordan/runs/ardm/guidance_reasoning_middle_end_maskmatched_rw5e-4/events.out.tfevents.1780819078.DESKTOP-3CMUNGL.65106.0.v2
guidance_reasoning_middle_end_maskmatched_rw5e-4,eval_ssim,200,1780855468.281086,0.03410752862691879,tensor,/home/jordan/runs/ardm/guidance_reasoning_middle_end_maskmatched_rw5e-4/events.out.tfevents.1780819078.DESKTOP-3CMUNGL.65106.0.v2
guidance_reasoning_middle_end_maskmatched_rw5e-4,fake_end_feature_mean,200,1780854823.057578,0.25018972158432007,tensor,/home/jordan/runs/ardm/guidance_reasoning_middle_end_maskmatched_rw5e-4/events.out.tfevents.1780819078.DESKTOP-3CMUNGL.65106.0.v2
guidance_reasoning_middle_end_maskmatched_rw5e-4,fake_end_feature_norm,200,1780854823.052976,5.742123603820801,tensor,/home/jordan/runs/ardm/guidance_reasoning_middle_end_maskmatched_rw5e-4/events.out.tfevents.1780819078.DESKTOP-3CMUNGL.65106.0.v2
guidance_reasoning_middle_end_maskmatched_rw5e-4,fake_mid_feature_mean,200,1780854823.055164,0.5185803174972534,tensor,/home/jordan/runs/ardm/guidance_reasoning_middle_end_maskmatched_rw5e-4/events.out.tfevents.1780819078.DESKTOP-3CMUNGL.65106.0.v2
guidance_reasoning_middle_end_maskmatched_rw5e-4,fake_mid_feature_norm,200,1780854823.049028,121.25314331054688,tensor,/home/jordan/runs/ardm/guidance_reasoning_middle_end_maskmatched_rw5e-4/events.out.tfevents.1780819078.DESKTOP-3CMUNGL.65106.0.v2
guidance_reasoning_middle_end_maskmatched_rw5e-4,gen_end_loss,200,1780854823.033118,0.2700560986995697,tensor,/home/jordan/runs/ardm/guidance_reasoning_middle_end_maskmatched_rw5e-4/events.out.tfevents.1780819078.DESKTOP-3CMUNGL.65106.0.v2
guidance_reasoning_middle_end_maskmatched_rw5e-4,gen_mid_loss,200,1780854823.033006,1.0193020105361938,tensor,/home/jordan/runs/ardm/guidance_reasoning_middle_end_maskmatched_rw5e-4/events.out.tfevents.1780819078.DESKTOP-3CMUNGL.65106.0.v2
guidance_reasoning_middle_end_maskmatched_rw5e-4,grad_norm,200,1780854823.032654,5.154421329498291,tensor,/home/jordan/runs/ardm/guidance_reasoning_middle_end_maskmatched_rw5e-4/events.out.tfevents.1780819078.DESKTOP-3CMUNGL.65106.0.v2
guidance_reasoning_middle_end_maskmatched_rw5e-4,guidance_progress,200,1780854823.037123,1.0,tensor,/home/jordan/runs/ardm/guidance_reasoning_middle_end_maskmatched_rw5e-4/events.out.tfevents.1780819078.DESKTOP-3CMUNGL.65106.0.v2
guidance_reasoning_middle_end_maskmatched_rw5e-4,mask_fraction_observed,200,1780854823.045779,0.4988152086734772,tensor,/home/jordan/runs/ardm/guidance_reasoning_middle_end_maskmatched_rw5e-4/events.out.tfevents.1780819078.DESKTOP-3CMUNGL.65106.0.v2
guidance_reasoning_middle_end_maskmatched_rw5e-4,mid_feature_cosine,200,1780854823.053434,0.9621041417121887,tensor,/home/jordan/runs/ardm/guidance_reasoning_middle_end_maskmatched_rw5e-4/events.out.tfevents.1780819078.DESKTOP-3CMUNGL.65106.0.v2
guidance_reasoning_middle_end_maskmatched_rw5e-4,real_end_feature_mean,200,1780854823.057696,0.25639957189559937,tensor,/home/jordan/runs/ardm/guidance_reasoning_middle_end_maskmatched_rw5e-4/events.out.tfevents.1780819078.DESKTOP-3CMUNGL.65106.0.v2
guidance_reasoning_middle_end_maskmatched_rw5e-4,real_end_feature_norm,200,1780854823.053279,5.811596393585205,tensor,/home/jordan/runs/ardm/guidance_reasoning_middle_end_maskmatched_rw5e-4/events.out.tfevents.1780819078.DESKTOP-3CMUNGL.65106.0.v2
guidance_reasoning_middle_end_maskmatched_rw5e-4,real_mid_feature_mean,200,1780854823.057385,0.5661057829856873,tensor,/home/jordan/runs/ardm/guidance_reasoning_middle_end_maskmatched_rw5e-4/events.out.tfevents.1780819078.DESKTOP-3CMUNGL.65106.0.v2
guidance_reasoning_middle_end_maskmatched_rw5e-4,real_mid_feature_norm,200,1780854823.05122,121.06858825683594,tensor,/home/jordan/runs/ardm/guidance_reasoning_middle_end_maskmatched_rw5e-4/events.out.tfevents.1780819078.DESKTOP-3CMUNGL.65106.0.v2
guidance_reasoning_middle_end_maskmatched_rw5e-4,reason_end_loss,200,1780854823.034826,0.004720801487565041,tensor,/home/jordan/runs/ardm/guidance_reasoning_middle_end_maskmatched_rw5e-4/events.out.tfevents.1780819078.DESKTOP-3CMUNGL.65106.0.v2
guidance_reasoning_middle_end_maskmatched_rw5e-4,reason_mid_loss,200,1780854823.034746,0.03789585083723068,tensor,/home/jordan/runs/ardm/guidance_reasoning_middle_end_maskmatched_rw5e-4/events.out.tfevents.1780819078.DESKTOP-3CMUNGL.65106.0.v2
guidance_reasoning_middle_end_maskmatched_rw5e-4,reason_weight_end,200,1780854823.034993,0.0005000000237487257,tensor,/home/jordan/runs/ardm/guidance_reasoning_middle_end_maskmatched_rw5e-4/events.out.tfevents.1780819078.DESKTOP-3CMUNGL.65106.0.v2
guidance_reasoning_middle_end_maskmatched_rw5e-4,reason_weight_mid,200,1780854823.034909,0.0005000000237487257,tensor,/home/jordan/runs/ardm/guidance_reasoning_middle_end_maskmatched_rw5e-4/events.out.tfevents.1780819078.DESKTOP-3CMUNGL.65106.0.v2
guidance_reasoning_middle_end_maskmatched_rw5e-4,train_ce,200,1780854823.030206,0.4474788308143616,tensor,/home/jordan/runs/ardm/guidance_reasoning_middle_end_maskmatched_rw5e-4/events.out.tfevents.1780819078.DESKTOP-3CMUNGL.65106.0.v2
guidance_reasoning_middle_end_maskmatched_rw5e-4,train_loss,200,1780854823.028318,3.1666641235351562,tensor,/home/jordan/runs/ardm/guidance_reasoning_middle_end_maskmatched_rw5e-4/events.out.tfevents.1780819078.DESKTOP-3CMUNGL.65106.0.v2
guidance_reasoning_middle_end_maskmatched_rw5e-4,train_nelbo,200,1780854823.029894,3.1661949157714844,tensor,/home/jordan/runs/ardm/guidance_reasoning_middle_end_maskmatched_rw5e-4/events.out.tfevents.1780819078.DESKTOP-3CMUNGL.65106.0.v2
guidance_reasoning_middle_end_maskmatched_rw5e-4,train_nelbo_steps_100,200,1780855617.248793,3.1792151927948,tensor,/home/jordan/runs/ardm/guidance_reasoning_middle_end_maskmatched_rw5e-4/events.out.tfevents.1780819078.DESKTOP-3CMUNGL.65106.0.v2
guidance_reasoning_middle_end_maskmatched_rw5e-4,train_nelbo_steps_50,200,1780855617.2486,3.1935386657714844,tensor,/home/jordan/runs/ardm/guidance_reasoning_middle_end_maskmatched_rw5e-4/events.out.tfevents.1780819078.DESKTOP-3CMUNGL.65106.0.v2
guidance_reasoning_middle_end_samemaskfull_rw1e-4,ardm_loss,200,1781001759.300622,3.2261650562286377,tensor,/home/jordan/runs/ardm/guidance_reasoning_middle_end_samemaskfull_rw1e-4/events.out.tfevents.1780965559.DESKTOP-3CMUNGL.199800.0.v2
guidance_reasoning_middle_end_samemaskfull_rw1e-4,disc_end_fake_logits,200,1781001759.313524,-1.0533850193023682,tensor,/home/jordan/runs/ardm/guidance_reasoning_middle_end_samemaskfull_rw1e-4/events.out.tfevents.1780965559.DESKTOP-3CMUNGL.199800.0.v2
guidance_reasoning_middle_end_samemaskfull_rw1e-4,disc_end_fake_logits_std,200,1781001759.326477,0.18250542879104614,tensor,/home/jordan/runs/ardm/guidance_reasoning_middle_end_samemaskfull_rw1e-4/events.out.tfevents.1780965559.DESKTOP-3CMUNGL.199800.0.v2
guidance_reasoning_middle_end_samemaskfull_rw1e-4,disc_end_grad_norm,200,1781001759.328821,4.527010440826416,tensor,/home/jordan/runs/ardm/guidance_reasoning_middle_end_samemaskfull_rw1e-4/events.out.tfevents.1780965559.DESKTOP-3CMUNGL.199800.0.v2
guidance_reasoning_middle_end_samemaskfull_rw1e-4,disc_end_logit_abs_mean,200,1781001759.333584,1.0747960805892944,tensor,/home/jordan/runs/ardm/guidance_reasoning_middle_end_samemaskfull_rw1e-4/events.out.tfevents.1780965559.DESKTOP-3CMUNGL.199800.0.v2
guidance_reasoning_middle_end_samemaskfull_rw1e-4,disc_end_loss,200,1781001759.307604,0.04786834493279457,tensor,/home/jordan/runs/ardm/guidance_reasoning_middle_end_samemaskfull_rw1e-4/events.out.tfevents.1780965559.DESKTOP-3CMUNGL.199800.0.v2
guidance_reasoning_middle_end_samemaskfull_rw1e-4,disc_end_real_logits,200,1781001759.312648,1.0609111785888672,tensor,/home/jordan/runs/ardm/guidance_reasoning_middle_end_samemaskfull_rw1e-4/events.out.tfevents.1780965559.DESKTOP-3CMUNGL.199800.0.v2
guidance_reasoning_middle_end_samemaskfull_rw1e-4,disc_end_real_logits_std,200,1781001759.325982,0.17387594282627106,tensor,/home/jordan/runs/ardm/guidance_reasoning_middle_end_samemaskfull_rw1e-4/events.out.tfevents.1780965559.DESKTOP-3CMUNGL.199800.0.v2
guidance_reasoning_middle_end_samemaskfull_rw1e-4,disc_mid_fake_logits,200,1781001759.310359,-1.7516684532165527,tensor,/home/jordan/runs/ardm/guidance_reasoning_middle_end_samemaskfull_rw1e-4/events.out.tfevents.1780965559.DESKTOP-3CMUNGL.199800.0.v2
guidance_reasoning_middle_end_samemaskfull_rw1e-4,disc_mid_fake_logits_std,200,1781001759.325236,0.329441100358963,tensor,/home/jordan/runs/ardm/guidance_reasoning_middle_end_samemaskfull_rw1e-4/events.out.tfevents.1780965559.DESKTOP-3CMUNGL.199800.0.v2
guidance_reasoning_middle_end_samemaskfull_rw1e-4,disc_mid_grad_norm,200,1781001759.328094,1.8050137758255005,tensor,/home/jordan/runs/ardm/guidance_reasoning_middle_end_samemaskfull_rw1e-4/events.out.tfevents.1780965559.DESKTOP-3CMUNGL.199800.0.v2
guidance_reasoning_middle_end_samemaskfull_rw1e-4,disc_mid_logit_abs_mean,200,1781001759.332075,1.6733249425888062,tensor,/home/jordan/runs/ardm/guidance_reasoning_middle_end_samemaskfull_rw1e-4/events.out.tfevents.1780965559.DESKTOP-3CMUNGL.199800.0.v2
guidance_reasoning_middle_end_samemaskfull_rw1e-4,disc_mid_loss,200,1781001759.306059,0.01575900986790657,tensor,/home/jordan/runs/ardm/guidance_reasoning_middle_end_samemaskfull_rw1e-4/events.out.tfevents.1780965559.DESKTOP-3CMUNGL.199800.0.v2
guidance_reasoning_middle_end_samemaskfull_rw1e-4,disc_mid_real_logits,200,1781001759.308597,1.5881643295288086,tensor,/home/jordan/runs/ardm/guidance_reasoning_middle_end_samemaskfull_rw1e-4/events.out.tfevents.1780965559.DESKTOP-3CMUNGL.199800.0.v2
guidance_reasoning_middle_end_samemaskfull_rw1e-4,disc_mid_real_logits_std,200,1781001759.323589,0.34333983063697815,tensor,/home/jordan/runs/ardm/guidance_reasoning_middle_end_samemaskfull_rw1e-4/events.out.tfevents.1780965559.DESKTOP-3CMUNGL.199800.0.v2
guidance_reasoning_middle_end_samemaskfull_rw1e-4,disc_train_factor,200,1781001759.330827,1.0,tensor,/home/jordan/runs/ardm/guidance_reasoning_middle_end_samemaskfull_rw1e-4/events.out.tfevents.1780965559.DESKTOP-3CMUNGL.199800.0.v2
guidance_reasoning_middle_end_samemaskfull_rw1e-4,disc_weight_end,200,1781001759.316348,0.0,tensor,/home/jordan/runs/ardm/guidance_reasoning_middle_end_samemaskfull_rw1e-4/events.out.tfevents.1780965559.DESKTOP-3CMUNGL.199800.0.v2
guidance_reasoning_middle_end_samemaskfull_rw1e-4,disc_weight_mid,200,1781001759.31537,0.0,tensor,/home/jordan/runs/ardm/guidance_reasoning_middle_end_samemaskfull_rw1e-4/events.out.tfevents.1780965559.DESKTOP-3CMUNGL.199800.0.v2
guidance_reasoning_middle_end_samemaskfull_rw1e-4,end_feature_cosine,200,1781001759.340191,0.7003263831138611,tensor,/home/jordan/runs/ardm/guidance_reasoning_middle_end_samemaskfull_rw1e-4/events.out.tfevents.1780965559.DESKTOP-3CMUNGL.199800.0.v2
guidance_reasoning_middle_end_samemaskfull_rw1e-4,eval_fid,200,1781002291.66798,211.72439575195312,tensor,/home/jordan/runs/ardm/guidance_reasoning_middle_end_samemaskfull_rw1e-4/events.out.tfevents.1780965559.DESKTOP-3CMUNGL.199800.0.v2
guidance_reasoning_middle_end_samemaskfull_rw1e-4,eval_is_mean,200,1781002291.668414,2.866610288619995,tensor,/home/jordan/runs/ardm/guidance_reasoning_middle_end_samemaskfull_rw1e-4/events.out.tfevents.1780965559.DESKTOP-3CMUNGL.199800.0.v2
guidance_reasoning_middle_end_samemaskfull_rw1e-4,eval_is_std,200,1781002291.669111,0.4537249207496643,tensor,/home/jordan/runs/ardm/guidance_reasoning_middle_end_samemaskfull_rw1e-4/events.out.tfevents.1780965559.DESKTOP-3CMUNGL.199800.0.v2
guidance_reasoning_middle_end_samemaskfull_rw1e-4,eval_nelbo,200,1781001759.30021,3.1887195110321045,tensor,/home/jordan/runs/ardm/guidance_reasoning_middle_end_samemaskfull_rw1e-4/events.out.tfevents.1780965559.DESKTOP-3CMUNGL.199800.0.v2
guidance_reasoning_middle_end_samemaskfull_rw1e-4,eval_nelbo_policy_50,200,1781002439.826683,3.2255828380584717,tensor,/home/jordan/runs/ardm/guidance_reasoning_middle_end_samemaskfull_rw1e-4/events.out.tfevents.1780965559.DESKTOP-3CMUNGL.199800.0.v2
guidance_reasoning_middle_end_samemaskfull_rw1e-4,eval_nelbo_policy_naive,200,1781002403.337361,3.1853134632110596,tensor,/home/jordan/runs/ardm/guidance_reasoning_middle_end_samemaskfull_rw1e-4/events.out.tfevents.1780965559.DESKTOP-3CMUNGL.199800.0.v2
guidance_reasoning_middle_end_samemaskfull_rw1e-4,eval_ssim,200,1781002291.669526,0.0351218655705452,tensor,/home/jordan/runs/ardm/guidance_reasoning_middle_end_samemaskfull_rw1e-4/events.out.tfevents.1780965559.DESKTOP-3CMUNGL.199800.0.v2
guidance_reasoning_middle_end_samemaskfull_rw1e-4,fake_end_feature_mean,200,1781001759.342469,0.28450721502304077,tensor,/home/jordan/runs/ardm/guidance_reasoning_middle_end_samemaskfull_rw1e-4/events.out.tfevents.1780965559.DESKTOP-3CMUNGL.199800.0.v2
guidance_reasoning_middle_end_samemaskfull_rw1e-4,fake_end_feature_norm,200,1781001759.336709,5.305452346801758,tensor,/home/jordan/runs/ardm/guidance_reasoning_middle_end_samemaskfull_rw1e-4/events.out.tfevents.1780965559.DESKTOP-3CMUNGL.199800.0.v2
guidance_reasoning_middle_end_samemaskfull_rw1e-4,fake_mid_feature_mean,200,1781001759.341369,-1.104114055633545,tensor,/home/jordan/runs/ardm/guidance_reasoning_middle_end_samemaskfull_rw1e-4/events.out.tfevents.1780965559.DESKTOP-3CMUNGL.199800.0.v2
guidance_reasoning_middle_end_samemaskfull_rw1e-4,fake_mid_feature_norm,200,1781001759.3344,460.2580871582031,tensor,/home/jordan/runs/ardm/guidance_reasoning_middle_end_samemaskfull_rw1e-4/events.out.tfevents.1780965559.DESKTOP-3CMUNGL.199800.0.v2
guidance_reasoning_middle_end_samemaskfull_rw1e-4,gen_end_loss,200,1781001759.305345,1.0533850193023682,tensor,/home/jordan/runs/ardm/guidance_reasoning_middle_end_samemaskfull_rw1e-4/events.out.tfevents.1780965559.DESKTOP-3CMUNGL.199800.0.v2
guidance_reasoning_middle_end_samemaskfull_rw1e-4,gen_mid_loss,200,1781001759.304614,1.7516684532165527,tensor,/home/jordan/runs/ardm/guidance_reasoning_middle_end_samemaskfull_rw1e-4/events.out.tfevents.1780965559.DESKTOP-3CMUNGL.199800.0.v2
guidance_reasoning_middle_end_samemaskfull_rw1e-4,grad_norm,200,1781001759.299701,5.753337383270264,tensor,/home/jordan/runs/ardm/guidance_reasoning_middle_end_samemaskfull_rw1e-4/events.out.tfevents.1780965559.DESKTOP-3CMUNGL.199800.0.v2
guidance_reasoning_middle_end_samemaskfull_rw1e-4,guidance_progress,200,1781001759.329328,1.0,tensor,/home/jordan/runs/ardm/guidance_reasoning_middle_end_samemaskfull_rw1e-4/events.out.tfevents.1780965559.DESKTOP-3CMUNGL.199800.0.v2
guidance_reasoning_middle_end_samemaskfull_rw1e-4,mask_fraction_observed,200,1781001759.331573,0.4988152086734772,tensor,/home/jordan/runs/ardm/guidance_reasoning_middle_end_samemaskfull_rw1e-4/events.out.tfevents.1780965559.DESKTOP-3CMUNGL.199800.0.v2
guidance_reasoning_middle_end_samemaskfull_rw1e-4,mid_feature_cosine,200,1781001759.339019,0.8308612704277039,tensor,/home/jordan/runs/ardm/guidance_reasoning_middle_end_samemaskfull_rw1e-4/events.out.tfevents.1780965559.DESKTOP-3CMUNGL.199800.0.v2
guidance_reasoning_middle_end_samemaskfull_rw1e-4,real_end_feature_mean,200,1781001759.344304,0.27998965978622437,tensor,/home/jordan/runs/ardm/guidance_reasoning_middle_end_samemaskfull_rw1e-4/events.out.tfevents.1780965559.DESKTOP-3CMUNGL.199800.0.v2
guidance_reasoning_middle_end_samemaskfull_rw1e-4,real_end_feature_norm,200,1781001759.338309,5.195803165435791,tensor,/home/jordan/runs/ardm/guidance_reasoning_middle_end_samemaskfull_rw1e-4/events.out.tfevents.1780965559.DESKTOP-3CMUNGL.199800.0.v2
guidance_reasoning_middle_end_samemaskfull_rw1e-4,real_mid_feature_mean,200,1781001759.34188,-0.4513237476348877,tensor,/home/jordan/runs/ardm/guidance_reasoning_middle_end_samemaskfull_rw1e-4/events.out.tfevents.1780965559.DESKTOP-3CMUNGL.199800.0.v2
guidance_reasoning_middle_end_samemaskfull_rw1e-4,real_mid_feature_norm,200,1781001759.335984,404.11285400390625,tensor,/home/jordan/runs/ardm/guidance_reasoning_middle_end_samemaskfull_rw1e-4/events.out.tfevents.1780965559.DESKTOP-3CMUNGL.199800.0.v2
guidance_reasoning_middle_end_samemaskfull_rw1e-4,reason_end_loss,200,1781001759.319356,0.2996736466884613,tensor,/home/jordan/runs/ardm/guidance_reasoning_middle_end_samemaskfull_rw1e-4/events.out.tfevents.1780965559.DESKTOP-3CMUNGL.199800.0.v2
guidance_reasoning_middle_end_samemaskfull_rw1e-4,reason_mid_loss,200,1781001759.317449,0.16913874447345734,tensor,/home/jordan/runs/ardm/guidance_reasoning_middle_end_samemaskfull_rw1e-4/events.out.tfevents.1780965559.DESKTOP-3CMUNGL.199800.0.v2
guidance_reasoning_middle_end_samemaskfull_rw1e-4,reason_weight_end,200,1781001759.322239,9.999998292187229e-05,tensor,/home/jordan/runs/ardm/guidance_reasoning_middle_end_samemaskfull_rw1e-4/events.out.tfevents.1780965559.DESKTOP-3CMUNGL.199800.0.v2
guidance_reasoning_middle_end_samemaskfull_rw1e-4,reason_weight_mid,200,1781001759.321095,9.999998292187229e-05,tensor,/home/jordan/runs/ardm/guidance_reasoning_middle_end_samemaskfull_rw1e-4/events.out.tfevents.1780965559.DESKTOP-3CMUNGL.199800.0.v2
guidance_reasoning_middle_end_samemaskfull_rw1e-4,train_ce,200,1781001759.298561,0.45419079065322876,tensor,/home/jordan/runs/ardm/guidance_reasoning_middle_end_samemaskfull_rw1e-4/events.out.tfevents.1780965559.DESKTOP-3CMUNGL.199800.0.v2
guidance_reasoning_middle_end_samemaskfull_rw1e-4,train_loss,200,1781001759.297984,3.2262115478515625,tensor,/home/jordan/runs/ardm/guidance_reasoning_middle_end_samemaskfull_rw1e-4/events.out.tfevents.1780965559.DESKTOP-3CMUNGL.199800.0.v2
guidance_reasoning_middle_end_samemaskfull_rw1e-4,train_nelbo,200,1781001759.298439,3.22571063041687,tensor,/home/jordan/runs/ardm/guidance_reasoning_middle_end_samemaskfull_rw1e-4/events.out.tfevents.1780965559.DESKTOP-3CMUNGL.199800.0.v2
guidance_reasoning_middle_end_samemaskfull_rw1e-4,train_nelbo_steps_100,200,1781002439.826969,3.2368686199188232,tensor,/home/jordan/runs/ardm/guidance_reasoning_middle_end_samemaskfull_rw1e-4/events.out.tfevents.1780965559.DESKTOP-3CMUNGL.199800.0.v2
guidance_reasoning_middle_end_samemaskfull_rw1e-4,train_nelbo_steps_50,200,1781002439.826868,3.2510952949523926,tensor,/home/jordan/runs/ardm/guidance_reasoning_middle_end_samemaskfull_rw1e-4/events.out.tfevents.1780965559.DESKTOP-3CMUNGL.199800.0.v2
guidance_reasoning_middle_end_samemaskfull_rw2e-3,ardm_loss,200,1781333172.465199,3.163088083267212,tensor,/home/jordan/runs/ardm/guidance_reasoning_middle_end_samemaskfull_rw2e-3/events.out.tfevents.1781320969.DESKTOP-3CMUNGL.110843.0.v2
guidance_reasoning_middle_end_samemaskfull_rw2e-3,disc_end_fake_logits,200,1781333172.474551,-1.0954163074493408,tensor,/home/jordan/runs/ardm/guidance_reasoning_middle_end_samemaskfull_rw2e-3/events.out.tfevents.1781320969.DESKTOP-3CMUNGL.110843.0.v2
guidance_reasoning_middle_end_samemaskfull_rw2e-3,disc_end_fake_logits_std,200,1781333172.486272,0.215013325214386,tensor,/home/jordan/runs/ardm/guidance_reasoning_middle_end_samemaskfull_rw2e-3/events.out.tfevents.1781320969.DESKTOP-3CMUNGL.110843.0.v2
guidance_reasoning_middle_end_samemaskfull_rw2e-3,disc_end_grad_norm,200,1781333172.488522,5.965758800506592,tensor,/home/jordan/runs/ardm/guidance_reasoning_middle_end_samemaskfull_rw2e-3/events.out.tfevents.1781320969.DESKTOP-3CMUNGL.110843.0.v2
guidance_reasoning_middle_end_samemaskfull_rw2e-3,disc_end_logit_abs_mean,200,1781333172.494813,1.119766354560852,tensor,/home/jordan/runs/ardm/guidance_reasoning_middle_end_samemaskfull_rw2e-3/events.out.tfevents.1781320969.DESKTOP-3CMUNGL.110843.0.v2
guidance_reasoning_middle_end_samemaskfull_rw2e-3,disc_end_loss,200,1781333172.469301,0.05560971796512604,tensor,/home/jordan/runs/ardm/guidance_reasoning_middle_end_samemaskfull_rw2e-3/events.out.tfevents.1781320969.DESKTOP-3CMUNGL.110843.0.v2
guidance_reasoning_middle_end_samemaskfull_rw2e-3,disc_end_real_logits,200,1781333172.472471,1.103893518447876,tensor,/home/jordan/runs/ardm/guidance_reasoning_middle_end_samemaskfull_rw2e-3/events.out.tfevents.1781320969.DESKTOP-3CMUNGL.110843.0.v2
guidance_reasoning_middle_end_samemaskfull_rw2e-3,disc_end_real_logits_std,200,1781333172.484997,0.20559103786945343,tensor,/home/jordan/runs/ardm/guidance_reasoning_middle_end_samemaskfull_rw2e-3/events.out.tfevents.1781320969.DESKTOP-3CMUNGL.110843.0.v2
guidance_reasoning_middle_end_samemaskfull_rw2e-3,disc_mid_fake_logits,200,1781333172.470906,-1.3723728656768799,tensor,/home/jordan/runs/ardm/guidance_reasoning_middle_end_samemaskfull_rw2e-3/events.out.tfevents.1781320969.DESKTOP-3CMUNGL.110843.0.v2
guidance_reasoning_middle_end_samemaskfull_rw2e-3,disc_mid_fake_logits_std,200,1781333172.4836,0.7771782875061035,tensor,/home/jordan/runs/ardm/guidance_reasoning_middle_end_samemaskfull_rw2e-3/events.out.tfevents.1781320969.DESKTOP-3CMUNGL.110843.0.v2
guidance_reasoning_middle_end_samemaskfull_rw2e-3,disc_mid_grad_norm,200,1781333172.487451,37.76061248779297,tensor,/home/jordan/runs/ardm/guidance_reasoning_middle_end_samemaskfull_rw2e-3/events.out.tfevents.1781320969.DESKTOP-3CMUNGL.110843.0.v2
guidance_reasoning_middle_end_samemaskfull_rw2e-3,disc_mid_logit_abs_mean,200,1781333172.494042,1.5348856449127197,tensor,/home/jordan/runs/ardm/guidance_reasoning_middle_end_samemaskfull_rw2e-3/events.out.tfevents.1781320969.DESKTOP-3CMUNGL.110843.0.v2
guidance_reasoning_middle_end_samemaskfull_rw2e-3,disc_mid_loss,200,1781333172.468221,0.41337835788726807,tensor,/home/jordan/runs/ardm/guidance_reasoning_middle_end_samemaskfull_rw2e-3/events.out.tfevents.1781320969.DESKTOP-3CMUNGL.110843.0.v2
guidance_reasoning_middle_end_samemaskfull_rw2e-3,disc_mid_real_logits,200,1781333172.469901,1.4208531379699707,tensor,/home/jordan/runs/ardm/guidance_reasoning_middle_end_samemaskfull_rw2e-3/events.out.tfevents.1781320969.DESKTOP-3CMUNGL.110843.0.v2
guidance_reasoning_middle_end_samemaskfull_rw2e-3,disc_mid_real_logits_std,200,1781333172.48248,0.8018983006477356,tensor,/home/jordan/runs/ardm/guidance_reasoning_middle_end_samemaskfull_rw2e-3/events.out.tfevents.1781320969.DESKTOP-3CMUNGL.110843.0.v2
guidance_reasoning_middle_end_samemaskfull_rw2e-3,disc_train_factor,200,1781333172.491868,1.0,tensor,/home/jordan/runs/ardm/guidance_reasoning_middle_end_samemaskfull_rw2e-3/events.out.tfevents.1781320969.DESKTOP-3CMUNGL.110843.0.v2
guidance_reasoning_middle_end_samemaskfull_rw2e-3,disc_weight_end,200,1781333172.476389,0.0,tensor,/home/jordan/runs/ardm/guidance_reasoning_middle_end_samemaskfull_rw2e-3/events.out.tfevents.1781320969.DESKTOP-3CMUNGL.110843.0.v2
guidance_reasoning_middle_end_samemaskfull_rw2e-3,disc_weight_mid,200,1781333172.475073,0.0,tensor,/home/jordan/runs/ardm/guidance_reasoning_middle_end_samemaskfull_rw2e-3/events.out.tfevents.1781320969.DESKTOP-3CMUNGL.110843.0.v2
guidance_reasoning_middle_end_samemaskfull_rw2e-3,end_feature_cosine,200,1781333172.660249,0.7233625650405884,tensor,/home/jordan/runs/ardm/guidance_reasoning_middle_end_samemaskfull_rw2e-3/events.out.tfevents.1781320969.DESKTOP-3CMUNGL.110843.0.v2
guidance_reasoning_middle_end_samemaskfull_rw2e-3,eval_fid,200,1781333795.377502,205.89096069335938,tensor,/home/jordan/runs/ardm/guidance_reasoning_middle_end_samemaskfull_rw2e-3/events.out.tfevents.1781320969.DESKTOP-3CMUNGL.110843.0.v2
guidance_reasoning_middle_end_samemaskfull_rw2e-3,eval_is_mean,200,1781333795.377955,2.7454893589019775,tensor,/home/jordan/runs/ardm/guidance_reasoning_middle_end_samemaskfull_rw2e-3/events.out.tfevents.1781320969.DESKTOP-3CMUNGL.110843.0.v2
guidance_reasoning_middle_end_samemaskfull_rw2e-3,eval_is_std,200,1781333795.378584,0.41143473982810974,tensor,/home/jordan/runs/ardm/guidance_reasoning_middle_end_samemaskfull_rw2e-3/events.out.tfevents.1781320969.DESKTOP-3CMUNGL.110843.0.v2
guidance_reasoning_middle_end_samemaskfull_rw2e-3,eval_nelbo,200,1781333172.461248,3.122208595275879,tensor,/home/jordan/runs/ardm/guidance_reasoning_middle_end_samemaskfull_rw2e-3/events.out.tfevents.1781320969.DESKTOP-3CMUNGL.110843.0.v2
guidance_reasoning_middle_end_samemaskfull_rw2e-3,eval_nelbo_policy_50,200,1781333963.170414,3.166592597961426,tensor,/home/jordan/runs/ardm/guidance_reasoning_middle_end_samemaskfull_rw2e-3/events.out.tfevents.1781320969.DESKTOP-3CMUNGL.110843.0.v2
guidance_reasoning_middle_end_samemaskfull_rw2e-3,eval_nelbo_policy_naive,200,1781333923.597782,3.11476731300354,tensor,/home/jordan/runs/ardm/guidance_reasoning_middle_end_samemaskfull_rw2e-3/events.out.tfevents.1781320969.DESKTOP-3CMUNGL.110843.0.v2
guidance_reasoning_middle_end_samemaskfull_rw2e-3,eval_ssim,200,1781333795.378951,0.041984010487794876,tensor,/home/jordan/runs/ardm/guidance_reasoning_middle_end_samemaskfull_rw2e-3/events.out.tfevents.1781320969.DESKTOP-3CMUNGL.110843.0.v2
guidance_reasoning_middle_end_samemaskfull_rw2e-3,fake_end_feature_mean,200,1781333172.662624,0.25411003828048706,tensor,/home/jordan/runs/ardm/guidance_reasoning_middle_end_samemaskfull_rw2e-3/events.out.tfevents.1781320969.DESKTOP-3CMUNGL.110843.0.v2
guidance_reasoning_middle_end_samemaskfull_rw2e-3,fake_end_feature_norm,200,1781333172.499119,5.778343677520752,tensor,/home/jordan/runs/ardm/guidance_reasoning_middle_end_samemaskfull_rw2e-3/events.out.tfevents.1781320969.DESKTOP-3CMUNGL.110843.0.v2
guidance_reasoning_middle_end_samemaskfull_rw2e-3,fake_mid_feature_mean,200,1781333172.661554,-0.20332355797290802,tensor,/home/jordan/runs/ardm/guidance_reasoning_middle_end_samemaskfull_rw2e-3/events.out.tfevents.1781320969.DESKTOP-3CMUNGL.110843.0.v2
guidance_reasoning_middle_end_samemaskfull_rw2e-3,fake_mid_feature_norm,200,1781333172.496764,196.907958984375,tensor,/home/jordan/runs/ardm/guidance_reasoning_middle_end_samemaskfull_rw2e-3/events.out.tfevents.1781320969.DESKTOP-3CMUNGL.110843.0.v2
guidance_reasoning_middle_end_samemaskfull_rw2e-3,gen_end_loss,200,1781333172.466535,1.0954163074493408,tensor,/home/jordan/runs/ardm/guidance_reasoning_middle_end_samemaskfull_rw2e-3/events.out.tfevents.1781320969.DESKTOP-3CMUNGL.110843.0.v2
guidance_reasoning_middle_end_samemaskfull_rw2e-3,gen_mid_loss,200,1781333172.465732,1.3723728656768799,tensor,/home/jordan/runs/ardm/guidance_reasoning_middle_end_samemaskfull_rw2e-3/events.out.tfevents.1781320969.DESKTOP-3CMUNGL.110843.0.v2
guidance_reasoning_middle_end_samemaskfull_rw2e-3,grad_norm,200,1781333172.461106,5.813085079193115,tensor,/home/jordan/runs/ardm/guidance_reasoning_middle_end_samemaskfull_rw2e-3/events.out.tfevents.1781320969.DESKTOP-3CMUNGL.110843.0.v2
guidance_reasoning_middle_end_samemaskfull_rw2e-3,guidance_progress,200,1781333172.490563,1.0,tensor,/home/jordan/runs/ardm/guidance_reasoning_middle_end_samemaskfull_rw2e-3/events.out.tfevents.1781320969.DESKTOP-3CMUNGL.110843.0.v2
guidance_reasoning_middle_end_samemaskfull_rw2e-3,mask_fraction_observed,200,1781333172.492383,0.4999277591705322,tensor,/home/jordan/runs/ardm/guidance_reasoning_middle_end_samemaskfull_rw2e-3/events.out.tfevents.1781320969.DESKTOP-3CMUNGL.110843.0.v2
guidance_reasoning_middle_end_samemaskfull_rw2e-3,mid_feature_cosine,200,1781333172.659138,0.9531214237213135,tensor,/home/jordan/runs/ardm/guidance_reasoning_middle_end_samemaskfull_rw2e-3/events.out.tfevents.1781320969.DESKTOP-3CMUNGL.110843.0.v2
guidance_reasoning_middle_end_samemaskfull_rw2e-3,real_end_feature_mean,200,1781333172.663461,0.2574222981929779,tensor,/home/jordan/runs/ardm/guidance_reasoning_middle_end_samemaskfull_rw2e-3/events.out.tfevents.1781320969.DESKTOP-3CMUNGL.110843.0.v2
guidance_reasoning_middle_end_samemaskfull_rw2e-3,real_end_feature_norm,200,1781333172.658592,5.7625274658203125,tensor,/home/jordan/runs/ardm/guidance_reasoning_middle_end_samemaskfull_rw2e-3/events.out.tfevents.1781320969.DESKTOP-3CMUNGL.110843.0.v2
guidance_reasoning_middle_end_samemaskfull_rw2e-3,real_mid_feature_mean,200,1781333172.662147,-0.1929919719696045,tensor,/home/jordan/runs/ardm/guidance_reasoning_middle_end_samemaskfull_rw2e-3/events.out.tfevents.1781320969.DESKTOP-3CMUNGL.110843.0.v2
guidance_reasoning_middle_end_samemaskfull_rw2e-3,real_mid_feature_norm,200,1781333172.497274,198.29432678222656,tensor,/home/jordan/runs/ardm/guidance_reasoning_middle_end_samemaskfull_rw2e-3/events.out.tfevents.1781320969.DESKTOP-3CMUNGL.110843.0.v2
guidance_reasoning_middle_end_samemaskfull_rw2e-3,reason_end_loss,200,1781333172.477912,0.2766374349594116,tensor,/home/jordan/runs/ardm/guidance_reasoning_middle_end_samemaskfull_rw2e-3/events.out.tfevents.1781320969.DESKTOP-3CMUNGL.110843.0.v2
guidance_reasoning_middle_end_samemaskfull_rw2e-3,reason_mid_loss,200,1781333172.477408,0.04687853157520294,tensor,/home/jordan/runs/ardm/guidance_reasoning_middle_end_samemaskfull_rw2e-3/events.out.tfevents.1781320969.DESKTOP-3CMUNGL.110843.0.v2
guidance_reasoning_middle_end_samemaskfull_rw2e-3,reason_weight_end,200,1781333172.48059,0.0020000000949949026,tensor,/home/jordan/runs/ardm/guidance_reasoning_middle_end_samemaskfull_rw2e-3/events.out.tfevents.1781320969.DESKTOP-3CMUNGL.110843.0.v2
guidance_reasoning_middle_end_samemaskfull_rw2e-3,reason_weight_mid,200,1781333172.479686,0.0020000000949949026,tensor,/home/jordan/runs/ardm/guidance_reasoning_middle_end_samemaskfull_rw2e-3/events.out.tfevents.1781320969.DESKTOP-3CMUNGL.110843.0.v2
guidance_reasoning_middle_end_samemaskfull_rw2e-3,train_ce,200,1781333172.460824,0.4460378885269165,tensor,/home/jordan/runs/ardm/guidance_reasoning_middle_end_samemaskfull_rw2e-3/events.out.tfevents.1781320969.DESKTOP-3CMUNGL.110843.0.v2
guidance_reasoning_middle_end_samemaskfull_rw2e-3,train_loss,200,1781333172.459476,3.1637356281280518,tensor,/home/jordan/runs/ardm/guidance_reasoning_middle_end_samemaskfull_rw2e-3/events.out.tfevents.1781320969.DESKTOP-3CMUNGL.110843.0.v2
guidance_reasoning_middle_end_samemaskfull_rw2e-3,train_nelbo,200,1781333172.459757,3.162642478942871,tensor,/home/jordan/runs/ardm/guidance_reasoning_middle_end_samemaskfull_rw2e-3/events.out.tfevents.1781320969.DESKTOP-3CMUNGL.110843.0.v2
guidance_reasoning_middle_end_samemaskfull_rw2e-3,train_nelbo_steps_100,200,1781333963.170978,3.179074287414551,tensor,/home/jordan/runs/ardm/guidance_reasoning_middle_end_samemaskfull_rw2e-3/events.out.tfevents.1781320969.DESKTOP-3CMUNGL.110843.0.v2
guidance_reasoning_middle_end_samemaskfull_rw2e-3,train_nelbo_steps_50,200,1781333963.170764,3.193268299102783,tensor,/home/jordan/runs/ardm/guidance_reasoning_middle_end_samemaskfull_rw2e-3/events.out.tfevents.1781320969.DESKTOP-3CMUNGL.110843.0.v2
guidance_reasoning_middle_end_samemaskfull_rw5e-4,ardm_loss,200,1781041564.81507,3.155050039291382,tensor,/home/jordan/runs/ardm/guidance_reasoning_middle_end_samemaskfull_rw5e-4/events.out.tfevents.1781017467.DESKTOP-3CMUNGL.10897.0.v2
guidance_reasoning_middle_end_samemaskfull_rw5e-4,disc_end_fake_logits,200,1781041564.826317,-1.1187647581100464,tensor,/home/jordan/runs/ardm/guidance_reasoning_middle_end_samemaskfull_rw5e-4/events.out.tfevents.1781017467.DESKTOP-3CMUNGL.10897.0.v2
guidance_reasoning_middle_end_samemaskfull_rw5e-4,disc_end_fake_logits_std,200,1781041564.838327,0.248367577791214,tensor,/home/jordan/runs/ardm/guidance_reasoning_middle_end_samemaskfull_rw5e-4/events.out.tfevents.1781017467.DESKTOP-3CMUNGL.10897.0.v2
guidance_reasoning_middle_end_samemaskfull_rw5e-4,disc_end_grad_norm,200,1781041564.840488,7.105938911437988,tensor,/home/jordan/runs/ardm/guidance_reasoning_middle_end_samemaskfull_rw5e-4/events.out.tfevents.1781017467.DESKTOP-3CMUNGL.10897.0.v2
guidance_reasoning_middle_end_samemaskfull_rw5e-4,disc_end_logit_abs_mean,200,1781041564.845687,1.1530433893203735,tensor,/home/jordan/runs/ardm/guidance_reasoning_middle_end_samemaskfull_rw5e-4/events.out.tfevents.1781017467.DESKTOP-3CMUNGL.10897.0.v2
guidance_reasoning_middle_end_samemaskfull_rw5e-4,disc_end_loss,200,1781041564.820718,0.063613660633564,tensor,/home/jordan/runs/ardm/guidance_reasoning_middle_end_samemaskfull_rw5e-4/events.out.tfevents.1781017467.DESKTOP-3CMUNGL.10897.0.v2
guidance_reasoning_middle_end_samemaskfull_rw5e-4,disc_end_real_logits,200,1781041564.824309,1.1422110795974731,tensor,/home/jordan/runs/ardm/guidance_reasoning_middle_end_samemaskfull_rw5e-4/events.out.tfevents.1781017467.DESKTOP-3CMUNGL.10897.0.v2
guidance_reasoning_middle_end_samemaskfull_rw5e-4,disc_end_real_logits_std,200,1781041564.836287,0.22835808992385864,tensor,/home/jordan/runs/ardm/guidance_reasoning_middle_end_samemaskfull_rw5e-4/events.out.tfevents.1781017467.DESKTOP-3CMUNGL.10897.0.v2
guidance_reasoning_middle_end_samemaskfull_rw5e-4,disc_mid_fake_logits,200,1781041564.823644,-1.143505573272705,tensor,/home/jordan/runs/ardm/guidance_reasoning_middle_end_samemaskfull_rw5e-4/events.out.tfevents.1781017467.DESKTOP-3CMUNGL.10897.0.v2
guidance_reasoning_middle_end_samemaskfull_rw5e-4,disc_mid_fake_logits_std,200,1781041564.83549,0.7305718660354614,tensor,/home/jordan/runs/ardm/guidance_reasoning_middle_end_samemaskfull_rw5e-4/events.out.tfevents.1781017467.DESKTOP-3CMUNGL.10897.0.v2
guidance_reasoning_middle_end_samemaskfull_rw5e-4,disc_mid_grad_norm,200,1781041564.839144,29.192134857177734,tensor,/home/jordan/runs/ardm/guidance_reasoning_middle_end_samemaskfull_rw5e-4/events.out.tfevents.1781017467.DESKTOP-3CMUNGL.10897.0.v2
guidance_reasoning_middle_end_samemaskfull_rw5e-4,disc_mid_logit_abs_mean,200,1781041564.844909,1.3575190305709839,tensor,/home/jordan/runs/ardm/guidance_reasoning_middle_end_samemaskfull_rw5e-4/events.out.tfevents.1781017467.DESKTOP-3CMUNGL.10897.0.v2
guidance_reasoning_middle_end_samemaskfull_rw5e-4,disc_mid_loss,200,1781041564.819676,0.4758938252925873,tensor,/home/jordan/runs/ardm/guidance_reasoning_middle_end_samemaskfull_rw5e-4/events.out.tfevents.1781017467.DESKTOP-3CMUNGL.10897.0.v2
guidance_reasoning_middle_end_samemaskfull_rw5e-4,disc_mid_real_logits,200,1781041564.822586,1.2459954023361206,tensor,/home/jordan/runs/ardm/guidance_reasoning_middle_end_samemaskfull_rw5e-4/events.out.tfevents.1781017467.DESKTOP-3CMUNGL.10897.0.v2
guidance_reasoning_middle_end_samemaskfull_rw5e-4,disc_mid_real_logits_std,200,1781041564.833676,0.7826736569404602,tensor,/home/jordan/runs/ardm/guidance_reasoning_middle_end_samemaskfull_rw5e-4/events.out.tfevents.1781017467.DESKTOP-3CMUNGL.10897.0.v2
guidance_reasoning_middle_end_samemaskfull_rw5e-4,disc_train_factor,200,1781041564.842473,1.0,tensor,/home/jordan/runs/ardm/guidance_reasoning_middle_end_samemaskfull_rw5e-4/events.out.tfevents.1781017467.DESKTOP-3CMUNGL.10897.0.v2
guidance_reasoning_middle_end_samemaskfull_rw5e-4,disc_weight_end,200,1781041564.829162,0.0,tensor,/home/jordan/runs/ardm/guidance_reasoning_middle_end_samemaskfull_rw5e-4/events.out.tfevents.1781017467.DESKTOP-3CMUNGL.10897.0.v2
guidance_reasoning_middle_end_samemaskfull_rw5e-4,disc_weight_mid,200,1781041564.827215,0.0,tensor,/home/jordan/runs/ardm/guidance_reasoning_middle_end_samemaskfull_rw5e-4/events.out.tfevents.1781017467.DESKTOP-3CMUNGL.10897.0.v2
guidance_reasoning_middle_end_samemaskfull_rw5e-4,end_feature_cosine,200,1781041564.853641,0.740052342414856,tensor,/home/jordan/runs/ardm/guidance_reasoning_middle_end_samemaskfull_rw5e-4/events.out.tfevents.1781017467.DESKTOP-3CMUNGL.10897.0.v2
guidance_reasoning_middle_end_samemaskfull_rw5e-4,eval_fid,200,1781042221.881267,206.01353454589844,tensor,/home/jordan/runs/ardm/guidance_reasoning_middle_end_samemaskfull_rw5e-4/events.out.tfevents.1781017467.DESKTOP-3CMUNGL.10897.0.v2
guidance_reasoning_middle_end_samemaskfull_rw5e-4,eval_is_mean,200,1781042221.881767,2.9013400077819824,tensor,/home/jordan/runs/ardm/guidance_reasoning_middle_end_samemaskfull_rw5e-4/events.out.tfevents.1781017467.DESKTOP-3CMUNGL.10897.0.v2
guidance_reasoning_middle_end_samemaskfull_rw5e-4,eval_is_std,200,1781042221.88268,0.403216153383255,tensor,/home/jordan/runs/ardm/guidance_reasoning_middle_end_samemaskfull_rw5e-4/events.out.tfevents.1781017467.DESKTOP-3CMUNGL.10897.0.v2
guidance_reasoning_middle_end_samemaskfull_rw5e-4,eval_nelbo,200,1781041564.814072,3.132702350616455,tensor,/home/jordan/runs/ardm/guidance_reasoning_middle_end_samemaskfull_rw5e-4/events.out.tfevents.1781017467.DESKTOP-3CMUNGL.10897.0.v2
guidance_reasoning_middle_end_samemaskfull_rw5e-4,eval_nelbo_policy_50,200,1781042400.872382,3.168816566467285,tensor,/home/jordan/runs/ardm/guidance_reasoning_middle_end_samemaskfull_rw5e-4/events.out.tfevents.1781017467.DESKTOP-3CMUNGL.10897.0.v2
guidance_reasoning_middle_end_samemaskfull_rw5e-4,eval_nelbo_policy_naive,200,1781042357.741833,3.1259303092956543,tensor,/home/jordan/runs/ardm/guidance_reasoning_middle_end_samemaskfull_rw5e-4/events.out.tfevents.1781017467.DESKTOP-3CMUNGL.10897.0.v2
guidance_reasoning_middle_end_samemaskfull_rw5e-4,eval_ssim,200,1781042221.883152,0.041327714920043945,tensor,/home/jordan/runs/ardm/guidance_reasoning_middle_end_samemaskfull_rw5e-4/events.out.tfevents.1781017467.DESKTOP-3CMUNGL.10897.0.v2
guidance_reasoning_middle_end_samemaskfull_rw5e-4,fake_end_feature_mean,200,1781041564.85896,0.2484104484319687,tensor,/home/jordan/runs/ardm/guidance_reasoning_middle_end_samemaskfull_rw5e-4/events.out.tfevents.1781017467.DESKTOP-3CMUNGL.10897.0.v2
guidance_reasoning_middle_end_samemaskfull_rw5e-4,fake_end_feature_norm,200,1781041564.848786,5.851238250732422,tensor,/home/jordan/runs/ardm/guidance_reasoning_middle_end_samemaskfull_rw5e-4/events.out.tfevents.1781017467.DESKTOP-3CMUNGL.10897.0.v2
guidance_reasoning_middle_end_samemaskfull_rw5e-4,fake_mid_feature_mean,200,1781041564.855687,1.8849436044692993,tensor,/home/jordan/runs/ardm/guidance_reasoning_middle_end_samemaskfull_rw5e-4/events.out.tfevents.1781017467.DESKTOP-3CMUNGL.10897.0.v2
guidance_reasoning_middle_end_samemaskfull_rw5e-4,fake_mid_feature_norm,200,1781041564.845969,139.4742889404297,tensor,/home/jordan/runs/ardm/guidance_reasoning_middle_end_samemaskfull_rw5e-4/events.out.tfevents.1781017467.DESKTOP-3CMUNGL.10897.0.v2
guidance_reasoning_middle_end_samemaskfull_rw5e-4,gen_end_loss,200,1781041564.81783,1.1187647581100464,tensor,/home/jordan/runs/ardm/guidance_reasoning_middle_end_samemaskfull_rw5e-4/events.out.tfevents.1781017467.DESKTOP-3CMUNGL.10897.0.v2
guidance_reasoning_middle_end_samemaskfull_rw5e-4,gen_mid_loss,200,1781041564.816918,1.143505573272705,tensor,/home/jordan/runs/ardm/guidance_reasoning_middle_end_samemaskfull_rw5e-4/events.out.tfevents.1781017467.DESKTOP-3CMUNGL.10897.0.v2
guidance_reasoning_middle_end_samemaskfull_rw5e-4,grad_norm,200,1781041564.812305,5.440310001373291,tensor,/home/jordan/runs/ardm/guidance_reasoning_middle_end_samemaskfull_rw5e-4/events.out.tfevents.1781017467.DESKTOP-3CMUNGL.10897.0.v2
guidance_reasoning_middle_end_samemaskfull_rw5e-4,guidance_progress,200,1781041564.841927,1.0,tensor,/home/jordan/runs/ardm/guidance_reasoning_middle_end_samemaskfull_rw5e-4/events.out.tfevents.1781017467.DESKTOP-3CMUNGL.10897.0.v2
guidance_reasoning_middle_end_samemaskfull_rw5e-4,mask_fraction_observed,200,1781041564.843705,0.5000794529914856,tensor,/home/jordan/runs/ardm/guidance_reasoning_middle_end_samemaskfull_rw5e-4/events.out.tfevents.1781017467.DESKTOP-3CMUNGL.10897.0.v2
guidance_reasoning_middle_end_samemaskfull_rw5e-4,mid_feature_cosine,200,1781041564.852017,0.9066407680511475,tensor,/home/jordan/runs/ardm/guidance_reasoning_middle_end_samemaskfull_rw5e-4/events.out.tfevents.1781017467.DESKTOP-3CMUNGL.10897.0.v2
guidance_reasoning_middle_end_samemaskfull_rw5e-4,real_end_feature_mean,200,1781041564.859789,0.2320166379213333,tensor,/home/jordan/runs/ardm/guidance_reasoning_middle_end_samemaskfull_rw5e-4/events.out.tfevents.1781017467.DESKTOP-3CMUNGL.10897.0.v2
guidance_reasoning_middle_end_samemaskfull_rw5e-4,real_end_feature_norm,200,1781041564.849899,5.671639919281006,tensor,/home/jordan/runs/ardm/guidance_reasoning_middle_end_samemaskfull_rw5e-4/events.out.tfevents.1781017467.DESKTOP-3CMUNGL.10897.0.v2
guidance_reasoning_middle_end_samemaskfull_rw5e-4,real_mid_feature_mean,200,1781041564.856531,1.9349712133407593,tensor,/home/jordan/runs/ardm/guidance_reasoning_middle_end_samemaskfull_rw5e-4/events.out.tfevents.1781017467.DESKTOP-3CMUNGL.10897.0.v2
guidance_reasoning_middle_end_samemaskfull_rw5e-4,real_mid_feature_norm,200,1781041564.847228,138.3027801513672,tensor,/home/jordan/runs/ardm/guidance_reasoning_middle_end_samemaskfull_rw5e-4/events.out.tfevents.1781017467.DESKTOP-3CMUNGL.10897.0.v2
guidance_reasoning_middle_end_samemaskfull_rw5e-4,reason_end_loss,200,1781041564.831734,0.2599475681781769,tensor,/home/jordan/runs/ardm/guidance_reasoning_middle_end_samemaskfull_rw5e-4/events.out.tfevents.1781017467.DESKTOP-3CMUNGL.10897.0.v2
guidance_reasoning_middle_end_samemaskfull_rw5e-4,reason_mid_loss,200,1781041564.829915,0.09335917979478836,tensor,/home/jordan/runs/ardm/guidance_reasoning_middle_end_samemaskfull_rw5e-4/events.out.tfevents.1781017467.DESKTOP-3CMUNGL.10897.0.v2
guidance_reasoning_middle_end_samemaskfull_rw5e-4,reason_weight_end,200,1781041564.833124,0.0005000000237487257,tensor,/home/jordan/runs/ardm/guidance_reasoning_middle_end_samemaskfull_rw5e-4/events.out.tfevents.1781017467.DESKTOP-3CMUNGL.10897.0.v2
guidance_reasoning_middle_end_samemaskfull_rw5e-4,reason_weight_mid,200,1781041564.832589,0.0005000000237487257,tensor,/home/jordan/runs/ardm/guidance_reasoning_middle_end_samemaskfull_rw5e-4/events.out.tfevents.1781017467.DESKTOP-3CMUNGL.10897.0.v2
guidance_reasoning_middle_end_samemaskfull_rw5e-4,train_ce,200,1781041564.807515,0.4455380439758301,tensor,/home/jordan/runs/ardm/guidance_reasoning_middle_end_samemaskfull_rw5e-4/events.out.tfevents.1781017467.DESKTOP-3CMUNGL.10897.0.v2
guidance_reasoning_middle_end_samemaskfull_rw5e-4,train_loss,200,1781041564.805116,3.155226230621338,tensor,/home/jordan/runs/ardm/guidance_reasoning_middle_end_samemaskfull_rw5e-4/events.out.tfevents.1781017467.DESKTOP-3CMUNGL.10897.0.v2
guidance_reasoning_middle_end_samemaskfull_rw5e-4,train_nelbo,200,1781041564.806951,3.154604434967041,tensor,/home/jordan/runs/ardm/guidance_reasoning_middle_end_samemaskfull_rw5e-4/events.out.tfevents.1781017467.DESKTOP-3CMUNGL.10897.0.v2
guidance_reasoning_middle_end_samemaskfull_rw5e-4,train_nelbo_steps_100,200,1781042400.872772,3.1817688941955566,tensor,/home/jordan/runs/ardm/guidance_reasoning_middle_end_samemaskfull_rw5e-4/events.out.tfevents.1781017467.DESKTOP-3CMUNGL.10897.0.v2
guidance_reasoning_middle_end_samemaskfull_rw5e-4,train_nelbo_steps_50,200,1781042400.872648,3.1959195137023926,tensor,/home/jordan/runs/ardm/guidance_reasoning_middle_end_samemaskfull_rw5e-4/events.out.tfevents.1781017467.DESKTOP-3CMUNGL.10897.0.v2
guidance_reasoning_middle_maskmatched_rw1e-4,ardm_loss,200,1780707361.590687,3.1590576171875,tensor,/home/jordan/runs/ardm/guidance_reasoning_middle_maskmatched_rw1e-4/events.out.tfevents.1780673568.DESKTOP-3CMUNGL.1101991.0.v2
guidance_reasoning_middle_maskmatched_rw1e-4,disc_mid_fake_logits,200,1780707361.591042,-0.9363725185394287,tensor,/home/jordan/runs/ardm/guidance_reasoning_middle_maskmatched_rw1e-4/events.out.tfevents.1780673568.DESKTOP-3CMUNGL.1101991.0.v2
guidance_reasoning_middle_maskmatched_rw1e-4,disc_mid_fake_logits_std,200,1780707361.591528,0.5962691903114319,tensor,/home/jordan/runs/ardm/guidance_reasoning_middle_maskmatched_rw1e-4/events.out.tfevents.1780673568.DESKTOP-3CMUNGL.1101991.0.v2
guidance_reasoning_middle_maskmatched_rw1e-4,disc_mid_grad_norm,200,1780707361.591711,19.95009994506836,tensor,/home/jordan/runs/ardm/guidance_reasoning_middle_maskmatched_rw1e-4/events.out.tfevents.1780673568.DESKTOP-3CMUNGL.1101991.0.v2
guidance_reasoning_middle_maskmatched_rw1e-4,disc_mid_logit_abs_mean,200,1780707361.592211,1.1335173845291138,tensor,/home/jordan/runs/ardm/guidance_reasoning_middle_maskmatched_rw1e-4/events.out.tfevents.1780673568.DESKTOP-3CMUNGL.1101991.0.v2
guidance_reasoning_middle_maskmatched_rw1e-4,disc_mid_loss,200,1780707361.590873,0.4613150656223297,tensor,/home/jordan/runs/ardm/guidance_reasoning_middle_maskmatched_rw1e-4/events.out.tfevents.1780673568.DESKTOP-3CMUNGL.1101991.0.v2
guidance_reasoning_middle_maskmatched_rw1e-4,disc_mid_real_logits,200,1780707361.590958,0.9985073208808899,tensor,/home/jordan/runs/ardm/guidance_reasoning_middle_maskmatched_rw1e-4/events.out.tfevents.1780673568.DESKTOP-3CMUNGL.1101991.0.v2
guidance_reasoning_middle_maskmatched_rw1e-4,disc_mid_real_logits_std,200,1780707361.5914,0.6343015432357788,tensor,/home/jordan/runs/ardm/guidance_reasoning_middle_maskmatched_rw1e-4/events.out.tfevents.1780673568.DESKTOP-3CMUNGL.1101991.0.v2
guidance_reasoning_middle_maskmatched_rw1e-4,disc_train_factor,200,1780707361.591948,1.0,tensor,/home/jordan/runs/ardm/guidance_reasoning_middle_maskmatched_rw1e-4/events.out.tfevents.1780673568.DESKTOP-3CMUNGL.1101991.0.v2
guidance_reasoning_middle_maskmatched_rw1e-4,disc_weight_mid,200,1780707361.591125,0.0,tensor,/home/jordan/runs/ardm/guidance_reasoning_middle_maskmatched_rw1e-4/events.out.tfevents.1780673568.DESKTOP-3CMUNGL.1101991.0.v2
guidance_reasoning_middle_maskmatched_rw1e-4,eval_fid,200,1780707910.908636,212.9492645263672,tensor,/home/jordan/runs/ardm/guidance_reasoning_middle_maskmatched_rw1e-4/events.out.tfevents.1780673568.DESKTOP-3CMUNGL.1101991.0.v2
guidance_reasoning_middle_maskmatched_rw1e-4,eval_is_mean,200,1780707910.908921,2.820858955383301,tensor,/home/jordan/runs/ardm/guidance_reasoning_middle_maskmatched_rw1e-4/events.out.tfevents.1780673568.DESKTOP-3CMUNGL.1101991.0.v2
guidance_reasoning_middle_maskmatched_rw1e-4,eval_is_std,200,1780707910.909035,0.27391722798347473,tensor,/home/jordan/runs/ardm/guidance_reasoning_middle_maskmatched_rw1e-4/events.out.tfevents.1780673568.DESKTOP-3CMUNGL.1101991.0.v2
guidance_reasoning_middle_maskmatched_rw1e-4,eval_nelbo,200,1780707361.590572,3.128994941711426,tensor,/home/jordan/runs/ardm/guidance_reasoning_middle_maskmatched_rw1e-4/events.out.tfevents.1780673568.DESKTOP-3CMUNGL.1101991.0.v2
guidance_reasoning_middle_maskmatched_rw1e-4,eval_nelbo_policy_50,200,1780708059.490729,3.1605122089385986,tensor,/home/jordan/runs/ardm/guidance_reasoning_middle_maskmatched_rw1e-4/events.out.tfevents.1780673568.DESKTOP-3CMUNGL.1101991.0.v2
guidance_reasoning_middle_maskmatched_rw1e-4,eval_nelbo_policy_naive,200,1780708022.761222,3.1255409717559814,tensor,/home/jordan/runs/ardm/guidance_reasoning_middle_maskmatched_rw1e-4/events.out.tfevents.1780673568.DESKTOP-3CMUNGL.1101991.0.v2
guidance_reasoning_middle_maskmatched_rw1e-4,eval_ssim,200,1780707910.909127,0.032135285437107086,tensor,/home/jordan/runs/ardm/guidance_reasoning_middle_maskmatched_rw1e-4/events.out.tfevents.1780673568.DESKTOP-3CMUNGL.1101991.0.v2
guidance_reasoning_middle_maskmatched_rw1e-4,fake_mid_feature_mean,200,1780707361.592565,0.26098084449768066,tensor,/home/jordan/runs/ardm/guidance_reasoning_middle_maskmatched_rw1e-4/events.out.tfevents.1780673568.DESKTOP-3CMUNGL.1101991.0.v2
guidance_reasoning_middle_maskmatched_rw1e-4,fake_mid_feature_norm,200,1780707361.592297,96.83641815185547,tensor,/home/jordan/runs/ardm/guidance_reasoning_middle_maskmatched_rw1e-4/events.out.tfevents.1780673568.DESKTOP-3CMUNGL.1101991.0.v2
guidance_reasoning_middle_maskmatched_rw1e-4,gen_mid_loss,200,1780707361.590783,0.9363725185394287,tensor,/home/jordan/runs/ardm/guidance_reasoning_middle_maskmatched_rw1e-4/events.out.tfevents.1780673568.DESKTOP-3CMUNGL.1101991.0.v2
guidance_reasoning_middle_maskmatched_rw1e-4,grad_norm,200,1780707361.590382,5.655471324920654,tensor,/home/jordan/runs/ardm/guidance_reasoning_middle_maskmatched_rw1e-4/events.out.tfevents.1780673568.DESKTOP-3CMUNGL.1101991.0.v2
guidance_reasoning_middle_maskmatched_rw1e-4,guidance_progress,200,1780707361.591814,1.0,tensor,/home/jordan/runs/ardm/guidance_reasoning_middle_maskmatched_rw1e-4/events.out.tfevents.1780673568.DESKTOP-3CMUNGL.1101991.0.v2
guidance_reasoning_middle_maskmatched_rw1e-4,mask_fraction_observed,200,1780707361.592111,0.4988152086734772,tensor,/home/jordan/runs/ardm/guidance_reasoning_middle_maskmatched_rw1e-4/events.out.tfevents.1780673568.DESKTOP-3CMUNGL.1101991.0.v2
guidance_reasoning_middle_maskmatched_rw1e-4,mid_feature_cosine,200,1780707361.592461,0.9433958530426025,tensor,/home/jordan/runs/ardm/guidance_reasoning_middle_maskmatched_rw1e-4/events.out.tfevents.1780673568.DESKTOP-3CMUNGL.1101991.0.v2
guidance_reasoning_middle_maskmatched_rw1e-4,real_mid_feature_mean,200,1780707361.592648,0.27874755859375,tensor,/home/jordan/runs/ardm/guidance_reasoning_middle_maskmatched_rw1e-4/events.out.tfevents.1780673568.DESKTOP-3CMUNGL.1101991.0.v2
guidance_reasoning_middle_maskmatched_rw1e-4,real_mid_feature_norm,200,1780707361.592379,94.58551788330078,tensor,/home/jordan/runs/ardm/guidance_reasoning_middle_maskmatched_rw1e-4/events.out.tfevents.1780673568.DESKTOP-3CMUNGL.1101991.0.v2
guidance_reasoning_middle_maskmatched_rw1e-4,reason_mid_loss,200,1780707361.591207,0.05660408362746239,tensor,/home/jordan/runs/ardm/guidance_reasoning_middle_maskmatched_rw1e-4/events.out.tfevents.1780673568.DESKTOP-3CMUNGL.1101991.0.v2
guidance_reasoning_middle_maskmatched_rw1e-4,reason_weight_mid,200,1780707361.591317,9.999998292187229e-05,tensor,/home/jordan/runs/ardm/guidance_reasoning_middle_maskmatched_rw1e-4/events.out.tfevents.1780673568.DESKTOP-3CMUNGL.1101991.0.v2
guidance_reasoning_middle_maskmatched_rw1e-4,train_ce,200,1780707361.589136,0.4462396800518036,tensor,/home/jordan/runs/ardm/guidance_reasoning_middle_maskmatched_rw1e-4/events.out.tfevents.1780673568.DESKTOP-3CMUNGL.1101991.0.v2
guidance_reasoning_middle_maskmatched_rw1e-4,train_loss,200,1780707361.588703,3.1590631008148193,tensor,/home/jordan/runs/ardm/guidance_reasoning_middle_maskmatched_rw1e-4/events.out.tfevents.1780673568.DESKTOP-3CMUNGL.1101991.0.v2
guidance_reasoning_middle_maskmatched_rw1e-4,train_nelbo,200,1780707361.589011,3.158611297607422,tensor,/home/jordan/runs/ardm/guidance_reasoning_middle_maskmatched_rw1e-4/events.out.tfevents.1780673568.DESKTOP-3CMUNGL.1101991.0.v2
guidance_reasoning_middle_maskmatched_rw1e-4,train_nelbo_steps_100,200,1780708059.491317,3.1729583740234375,tensor,/home/jordan/runs/ardm/guidance_reasoning_middle_maskmatched_rw1e-4/events.out.tfevents.1780673568.DESKTOP-3CMUNGL.1101991.0.v2
guidance_reasoning_middle_maskmatched_rw1e-4,train_nelbo_steps_50,200,1780708059.491146,3.1871681213378906,tensor,/home/jordan/runs/ardm/guidance_reasoning_middle_maskmatched_rw1e-4/events.out.tfevents.1780673568.DESKTOP-3CMUNGL.1101991.0.v2
guidance_reasoning_middle_maskmatched_rw2e-3,ardm_loss,200,1780781711.816407,3.1646807193756104,tensor,/home/jordan/runs/ardm/guidance_reasoning_middle_maskmatched_rw2e-3/events.out.tfevents.1780763419.DESKTOP-3CMUNGL.5603.0.v2
guidance_reasoning_middle_maskmatched_rw2e-3,disc_mid_fake_logits,200,1780781711.820117,-1.2356036901474,tensor,/home/jordan/runs/ardm/guidance_reasoning_middle_maskmatched_rw2e-3/events.out.tfevents.1780763419.DESKTOP-3CMUNGL.5603.0.v2
guidance_reasoning_middle_maskmatched_rw2e-3,disc_mid_fake_logits_std,200,1780781711.825309,0.8400654792785645,tensor,/home/jordan/runs/ardm/guidance_reasoning_middle_maskmatched_rw2e-3/events.out.tfevents.1780763419.DESKTOP-3CMUNGL.5603.0.v2
guidance_reasoning_middle_maskmatched_rw2e-3,disc_mid_grad_norm,200,1780781711.826114,36.8597412109375,tensor,/home/jordan/runs/ardm/guidance_reasoning_middle_maskmatched_rw2e-3/events.out.tfevents.1780763419.DESKTOP-3CMUNGL.5603.0.v2
guidance_reasoning_middle_maskmatched_rw2e-3,disc_mid_logit_abs_mean,200,1780781711.830924,1.4504965543746948,tensor,/home/jordan/runs/ardm/guidance_reasoning_middle_maskmatched_rw2e-3/events.out.tfevents.1780763419.DESKTOP-3CMUNGL.5603.0.v2
guidance_reasoning_middle_maskmatched_rw2e-3,disc_mid_loss,200,1780781711.818541,0.5248631238937378,tensor,/home/jordan/runs/ardm/guidance_reasoning_middle_maskmatched_rw2e-3/events.out.tfevents.1780763419.DESKTOP-3CMUNGL.5603.0.v2
guidance_reasoning_middle_maskmatched_rw2e-3,disc_mid_real_logits,200,1780781711.819403,1.3168426752090454,tensor,/home/jordan/runs/ardm/guidance_reasoning_middle_maskmatched_rw2e-3/events.out.tfevents.1780763419.DESKTOP-3CMUNGL.5603.0.v2
guidance_reasoning_middle_maskmatched_rw2e-3,disc_mid_real_logits_std,200,1780781711.823949,0.8857985138893127,tensor,/home/jordan/runs/ardm/guidance_reasoning_middle_maskmatched_rw2e-3/events.out.tfevents.1780763419.DESKTOP-3CMUNGL.5603.0.v2
guidance_reasoning_middle_maskmatched_rw2e-3,disc_train_factor,200,1780781711.828523,1.0,tensor,/home/jordan/runs/ardm/guidance_reasoning_middle_maskmatched_rw2e-3/events.out.tfevents.1780763419.DESKTOP-3CMUNGL.5603.0.v2
guidance_reasoning_middle_maskmatched_rw2e-3,disc_weight_mid,200,1780781711.821842,0.0,tensor,/home/jordan/runs/ardm/guidance_reasoning_middle_maskmatched_rw2e-3/events.out.tfevents.1780763419.DESKTOP-3CMUNGL.5603.0.v2
guidance_reasoning_middle_maskmatched_rw2e-3,eval_fid,200,1780782265.444726,209.52572631835938,tensor,/home/jordan/runs/ardm/guidance_reasoning_middle_maskmatched_rw2e-3/events.out.tfevents.1780763419.DESKTOP-3CMUNGL.5603.0.v2
guidance_reasoning_middle_maskmatched_rw2e-3,eval_is_mean,200,1780782265.445346,2.4848058223724365,tensor,/home/jordan/runs/ardm/guidance_reasoning_middle_maskmatched_rw2e-3/events.out.tfevents.1780763419.DESKTOP-3CMUNGL.5603.0.v2
guidance_reasoning_middle_maskmatched_rw2e-3,eval_is_std,200,1780782265.445947,0.4698982834815979,tensor,/home/jordan/runs/ardm/guidance_reasoning_middle_maskmatched_rw2e-3/events.out.tfevents.1780763419.DESKTOP-3CMUNGL.5603.0.v2
guidance_reasoning_middle_maskmatched_rw2e-3,eval_nelbo,200,1780781711.815452,3.1203370094299316,tensor,/home/jordan/runs/ardm/guidance_reasoning_middle_maskmatched_rw2e-3/events.out.tfevents.1780763419.DESKTOP-3CMUNGL.5603.0.v2
guidance_reasoning_middle_maskmatched_rw2e-3,eval_nelbo_policy_50,200,1780782426.199915,3.1851532459259033,tensor,/home/jordan/runs/ardm/guidance_reasoning_middle_maskmatched_rw2e-3/events.out.tfevents.1780763419.DESKTOP-3CMUNGL.5603.0.v2
guidance_reasoning_middle_maskmatched_rw2e-3,eval_nelbo_policy_naive,200,1780782388.354845,3.1338210105895996,tensor,/home/jordan/runs/ardm/guidance_reasoning_middle_maskmatched_rw2e-3/events.out.tfevents.1780763419.DESKTOP-3CMUNGL.5603.0.v2
guidance_reasoning_middle_maskmatched_rw2e-3,eval_ssim,200,1780782265.446485,0.03081190213561058,tensor,/home/jordan/runs/ardm/guidance_reasoning_middle_maskmatched_rw2e-3/events.out.tfevents.1780763419.DESKTOP-3CMUNGL.5603.0.v2
guidance_reasoning_middle_maskmatched_rw2e-3,fake_mid_feature_mean,200,1780781711.834851,-0.14795656502246857,tensor,/home/jordan/runs/ardm/guidance_reasoning_middle_maskmatched_rw2e-3/events.out.tfevents.1780763419.DESKTOP-3CMUNGL.5603.0.v2
guidance_reasoning_middle_maskmatched_rw2e-3,fake_mid_feature_norm,200,1780781711.83187,155.42332458496094,tensor,/home/jordan/runs/ardm/guidance_reasoning_middle_maskmatched_rw2e-3/events.out.tfevents.1780763419.DESKTOP-3CMUNGL.5603.0.v2
guidance_reasoning_middle_maskmatched_rw2e-3,gen_mid_loss,200,1780781711.817525,1.2356036901474,tensor,/home/jordan/runs/ardm/guidance_reasoning_middle_maskmatched_rw2e-3/events.out.tfevents.1780763419.DESKTOP-3CMUNGL.5603.0.v2
guidance_reasoning_middle_maskmatched_rw2e-3,grad_norm,200,1780781711.811585,5.071532726287842,tensor,/home/jordan/runs/ardm/guidance_reasoning_middle_maskmatched_rw2e-3/events.out.tfevents.1780763419.DESKTOP-3CMUNGL.5603.0.v2
guidance_reasoning_middle_maskmatched_rw2e-3,guidance_progress,200,1780781711.827793,1.0,tensor,/home/jordan/runs/ardm/guidance_reasoning_middle_maskmatched_rw2e-3/events.out.tfevents.1780763419.DESKTOP-3CMUNGL.5603.0.v2
guidance_reasoning_middle_maskmatched_rw2e-3,mask_fraction_observed,200,1780781711.829251,0.4993382394313812,tensor,/home/jordan/runs/ardm/guidance_reasoning_middle_maskmatched_rw2e-3/events.out.tfevents.1780763419.DESKTOP-3CMUNGL.5603.0.v2
guidance_reasoning_middle_maskmatched_rw2e-3,mid_feature_cosine,200,1780781711.834147,0.9723095297813416,tensor,/home/jordan/runs/ardm/guidance_reasoning_middle_maskmatched_rw2e-3/events.out.tfevents.1780763419.DESKTOP-3CMUNGL.5603.0.v2
guidance_reasoning_middle_maskmatched_rw2e-3,real_mid_feature_mean,200,1780781711.835873,-0.11809390783309937,tensor,/home/jordan/runs/ardm/guidance_reasoning_middle_maskmatched_rw2e-3/events.out.tfevents.1780763419.DESKTOP-3CMUNGL.5603.0.v2
guidance_reasoning_middle_maskmatched_rw2e-3,real_mid_feature_norm,200,1780781711.832375,155.75381469726562,tensor,/home/jordan/runs/ardm/guidance_reasoning_middle_maskmatched_rw2e-3/events.out.tfevents.1780763419.DESKTOP-3CMUNGL.5603.0.v2
guidance_reasoning_middle_maskmatched_rw2e-3,reason_mid_loss,200,1780781711.822494,0.027690503746271133,tensor,/home/jordan/runs/ardm/guidance_reasoning_middle_maskmatched_rw2e-3/events.out.tfevents.1780763419.DESKTOP-3CMUNGL.5603.0.v2
guidance_reasoning_middle_maskmatched_rw2e-3,reason_weight_mid,200,1780781711.82308,0.0020000000949949026,tensor,/home/jordan/runs/ardm/guidance_reasoning_middle_maskmatched_rw2e-3/events.out.tfevents.1780763419.DESKTOP-3CMUNGL.5603.0.v2
guidance_reasoning_middle_maskmatched_rw2e-3,train_ce,200,1780781711.810341,0.44639843702316284,tensor,/home/jordan/runs/ardm/guidance_reasoning_middle_maskmatched_rw2e-3/events.out.tfevents.1780763419.DESKTOP-3CMUNGL.5603.0.v2
guidance_reasoning_middle_maskmatched_rw2e-3,train_loss,200,1780781711.809566,3.164736270904541,tensor,/home/jordan/runs/ardm/guidance_reasoning_middle_maskmatched_rw2e-3/events.out.tfevents.1780763419.DESKTOP-3CMUNGL.5603.0.v2
guidance_reasoning_middle_maskmatched_rw2e-3,train_nelbo,200,1780781711.810146,3.1642343997955322,tensor,/home/jordan/runs/ardm/guidance_reasoning_middle_maskmatched_rw2e-3/events.out.tfevents.1780763419.DESKTOP-3CMUNGL.5603.0.v2
guidance_reasoning_middle_maskmatched_rw2e-3,train_nelbo_steps_100,200,1780782426.20046,3.1786201000213623,tensor,/home/jordan/runs/ardm/guidance_reasoning_middle_maskmatched_rw2e-3/events.out.tfevents.1780763419.DESKTOP-3CMUNGL.5603.0.v2
guidance_reasoning_middle_maskmatched_rw2e-3,train_nelbo_steps_50,200,1780782426.200307,3.1927554607391357,tensor,/home/jordan/runs/ardm/guidance_reasoning_middle_maskmatched_rw2e-3/events.out.tfevents.1780763419.DESKTOP-3CMUNGL.5603.0.v2
guidance_reasoning_middle_maskmatched_rw5e-4,ardm_loss,200,1780739288.388821,3.163254976272583,tensor,/home/jordan/runs/ardm/guidance_reasoning_middle_maskmatched_rw5e-4/events.out.tfevents.1780708108.DESKTOP-3CMUNGL.1135020.0.v2
guidance_reasoning_middle_maskmatched_rw5e-4,disc_mid_fake_logits,200,1780739288.393268,-0.8925933837890625,tensor,/home/jordan/runs/ardm/guidance_reasoning_middle_maskmatched_rw5e-4/events.out.tfevents.1780708108.DESKTOP-3CMUNGL.1135020.0.v2
guidance_reasoning_middle_maskmatched_rw5e-4,disc_mid_fake_logits_std,200,1780739288.398767,0.684823751449585,tensor,/home/jordan/runs/ardm/guidance_reasoning_middle_maskmatched_rw5e-4/events.out.tfevents.1780708108.DESKTOP-3CMUNGL.1135020.0.v2
guidance_reasoning_middle_maskmatched_rw5e-4,disc_mid_grad_norm,200,1780739288.399591,29.631772994995117,tensor,/home/jordan/runs/ardm/guidance_reasoning_middle_maskmatched_rw5e-4/events.out.tfevents.1780708108.DESKTOP-3CMUNGL.1135020.0.v2
guidance_reasoning_middle_maskmatched_rw5e-4,disc_mid_logit_abs_mean,200,1780739288.403456,1.1258323192596436,tensor,/home/jordan/runs/ardm/guidance_reasoning_middle_maskmatched_rw5e-4/events.out.tfevents.1780708108.DESKTOP-3CMUNGL.1135020.0.v2
guidance_reasoning_middle_maskmatched_rw5e-4,disc_mid_loss,200,1780739288.390542,0.6045148372650146,tensor,/home/jordan/runs/ardm/guidance_reasoning_middle_maskmatched_rw5e-4/events.out.tfevents.1780708108.DESKTOP-3CMUNGL.1135020.0.v2
guidance_reasoning_middle_maskmatched_rw5e-4,disc_mid_real_logits,200,1780739288.391905,0.9341621994972229,tensor,/home/jordan/runs/ardm/guidance_reasoning_middle_maskmatched_rw5e-4/events.out.tfevents.1780708108.DESKTOP-3CMUNGL.1135020.0.v2
guidance_reasoning_middle_maskmatched_rw5e-4,disc_mid_real_logits_std,200,1780739288.397008,0.7330853343009949,tensor,/home/jordan/runs/ardm/guidance_reasoning_middle_maskmatched_rw5e-4/events.out.tfevents.1780708108.DESKTOP-3CMUNGL.1135020.0.v2
guidance_reasoning_middle_maskmatched_rw5e-4,disc_train_factor,200,1780739288.40129,1.0,tensor,/home/jordan/runs/ardm/guidance_reasoning_middle_maskmatched_rw5e-4/events.out.tfevents.1780708108.DESKTOP-3CMUNGL.1135020.0.v2
guidance_reasoning_middle_maskmatched_rw5e-4,disc_weight_mid,200,1780739288.393994,0.0,tensor,/home/jordan/runs/ardm/guidance_reasoning_middle_maskmatched_rw5e-4/events.out.tfevents.1780708108.DESKTOP-3CMUNGL.1135020.0.v2
guidance_reasoning_middle_maskmatched_rw5e-4,eval_fid,200,1780739819.473462,209.90982055664062,tensor,/home/jordan/runs/ardm/guidance_reasoning_middle_maskmatched_rw5e-4/events.out.tfevents.1780708108.DESKTOP-3CMUNGL.1135020.0.v2
guidance_reasoning_middle_maskmatched_rw5e-4,eval_is_mean,200,1780739819.473664,2.910430908203125,tensor,/home/jordan/runs/ardm/guidance_reasoning_middle_maskmatched_rw5e-4/events.out.tfevents.1780708108.DESKTOP-3CMUNGL.1135020.0.v2
guidance_reasoning_middle_maskmatched_rw5e-4,eval_is_std,200,1780739819.473806,0.3236502408981323,tensor,/home/jordan/runs/ardm/guidance_reasoning_middle_maskmatched_rw5e-4/events.out.tfevents.1780708108.DESKTOP-3CMUNGL.1135020.0.v2
guidance_reasoning_middle_maskmatched_rw5e-4,eval_nelbo,200,1780739288.387583,3.1324007511138916,tensor,/home/jordan/runs/ardm/guidance_reasoning_middle_maskmatched_rw5e-4/events.out.tfevents.1780708108.DESKTOP-3CMUNGL.1135020.0.v2
guidance_reasoning_middle_maskmatched_rw5e-4,eval_nelbo_policy_50,200,1780739966.804929,3.1694443225860596,tensor,/home/jordan/runs/ardm/guidance_reasoning_middle_maskmatched_rw5e-4/events.out.tfevents.1780708108.DESKTOP-3CMUNGL.1135020.0.v2
guidance_reasoning_middle_maskmatched_rw5e-4,eval_nelbo_policy_naive,200,1780739930.748531,3.1295809745788574,tensor,/home/jordan/runs/ardm/guidance_reasoning_middle_maskmatched_rw5e-4/events.out.tfevents.1780708108.DESKTOP-3CMUNGL.1135020.0.v2
guidance_reasoning_middle_maskmatched_rw5e-4,eval_ssim,200,1780739819.474549,0.04011259227991104,tensor,/home/jordan/runs/ardm/guidance_reasoning_middle_maskmatched_rw5e-4/events.out.tfevents.1780708108.DESKTOP-3CMUNGL.1135020.0.v2
guidance_reasoning_middle_maskmatched_rw5e-4,fake_mid_feature_mean,200,1780739288.408573,0.3433931767940521,tensor,/home/jordan/runs/ardm/guidance_reasoning_middle_maskmatched_rw5e-4/events.out.tfevents.1780708108.DESKTOP-3CMUNGL.1135020.0.v2
guidance_reasoning_middle_maskmatched_rw5e-4,fake_mid_feature_norm,200,1780739288.405132,118.9738998413086,tensor,/home/jordan/runs/ardm/guidance_reasoning_middle_maskmatched_rw5e-4/events.out.tfevents.1780708108.DESKTOP-3CMUNGL.1135020.0.v2
guidance_reasoning_middle_maskmatched_rw5e-4,gen_mid_loss,200,1780739288.389874,0.8925933837890625,tensor,/home/jordan/runs/ardm/guidance_reasoning_middle_maskmatched_rw5e-4/events.out.tfevents.1780708108.DESKTOP-3CMUNGL.1135020.0.v2
guidance_reasoning_middle_maskmatched_rw5e-4,grad_norm,200,1780739288.386963,5.161392688751221,tensor,/home/jordan/runs/ardm/guidance_reasoning_middle_maskmatched_rw5e-4/events.out.tfevents.1780708108.DESKTOP-3CMUNGL.1135020.0.v2
guidance_reasoning_middle_maskmatched_rw5e-4,guidance_progress,200,1780739288.400151,1.0,tensor,/home/jordan/runs/ardm/guidance_reasoning_middle_maskmatched_rw5e-4/events.out.tfevents.1780708108.DESKTOP-3CMUNGL.1135020.0.v2
guidance_reasoning_middle_maskmatched_rw5e-4,mask_fraction_observed,200,1780739288.402606,0.4988152086734772,tensor,/home/jordan/runs/ardm/guidance_reasoning_middle_maskmatched_rw5e-4/events.out.tfevents.1780708108.DESKTOP-3CMUNGL.1135020.0.v2
guidance_reasoning_middle_maskmatched_rw5e-4,mid_feature_cosine,200,1780739288.407125,0.9594055414199829,tensor,/home/jordan/runs/ardm/guidance_reasoning_middle_maskmatched_rw5e-4/events.out.tfevents.1780708108.DESKTOP-3CMUNGL.1135020.0.v2
guidance_reasoning_middle_maskmatched_rw5e-4,real_mid_feature_mean,200,1780739288.409215,0.3403482139110565,tensor,/home/jordan/runs/ardm/guidance_reasoning_middle_maskmatched_rw5e-4/events.out.tfevents.1780708108.DESKTOP-3CMUNGL.1135020.0.v2
guidance_reasoning_middle_maskmatched_rw5e-4,real_mid_feature_norm,200,1780739288.406001,118.32906341552734,tensor,/home/jordan/runs/ardm/guidance_reasoning_middle_maskmatched_rw5e-4/events.out.tfevents.1780708108.DESKTOP-3CMUNGL.1135020.0.v2
guidance_reasoning_middle_maskmatched_rw5e-4,reason_mid_loss,200,1780739288.395589,0.0405944399535656,tensor,/home/jordan/runs/ardm/guidance_reasoning_middle_maskmatched_rw5e-4/events.out.tfevents.1780708108.DESKTOP-3CMUNGL.1135020.0.v2
guidance_reasoning_middle_maskmatched_rw5e-4,reason_weight_mid,200,1780739288.396392,0.0005000000237487257,tensor,/home/jordan/runs/ardm/guidance_reasoning_middle_maskmatched_rw5e-4/events.out.tfevents.1780708108.DESKTOP-3CMUNGL.1135020.0.v2
guidance_reasoning_middle_maskmatched_rw5e-4,train_ce,200,1780739288.382599,0.4471360146999359,tensor,/home/jordan/runs/ardm/guidance_reasoning_middle_maskmatched_rw5e-4/events.out.tfevents.1780708108.DESKTOP-3CMUNGL.1135020.0.v2
guidance_reasoning_middle_maskmatched_rw5e-4,train_loss,200,1780739288.381126,3.1632750034332275,tensor,/home/jordan/runs/ardm/guidance_reasoning_middle_maskmatched_rw5e-4/events.out.tfevents.1780708108.DESKTOP-3CMUNGL.1135020.0.v2
guidance_reasoning_middle_maskmatched_rw5e-4,train_nelbo,200,1780739288.382234,3.1628077030181885,tensor,/home/jordan/runs/ardm/guidance_reasoning_middle_maskmatched_rw5e-4/events.out.tfevents.1780708108.DESKTOP-3CMUNGL.1135020.0.v2
guidance_reasoning_middle_maskmatched_rw5e-4,train_nelbo_steps_100,200,1780739966.805648,3.1767525672912598,tensor,/home/jordan/runs/ardm/guidance_reasoning_middle_maskmatched_rw5e-4/events.out.tfevents.1780708108.DESKTOP-3CMUNGL.1135020.0.v2
guidance_reasoning_middle_maskmatched_rw5e-4,train_nelbo_steps_50,200,1780739966.805497,3.1908631324768066,tensor,/home/jordan/runs/ardm/guidance_reasoning_middle_maskmatched_rw5e-4/events.out.tfevents.1780708108.DESKTOP-3CMUNGL.1135020.0.v2
guidance_reasoning_middle_samemaskfull_rw1e-4,ardm_loss,200,1780930805.949837,3.1761934757232666,tensor,/home/jordan/runs/ardm/guidance_reasoning_middle_samemaskfull_rw1e-4/events.out.tfevents.1780899345.DESKTOP-3CMUNGL.133214.0.v2
guidance_reasoning_middle_samemaskfull_rw1e-4,disc_mid_fake_logits,200,1780930805.950965,-1.116918683052063,tensor,/home/jordan/runs/ardm/guidance_reasoning_middle_samemaskfull_rw1e-4/events.out.tfevents.1780899345.DESKTOP-3CMUNGL.133214.0.v2
guidance_reasoning_middle_samemaskfull_rw1e-4,disc_mid_fake_logits_std,200,1780930805.951589,0.6452021598815918,tensor,/home/jordan/runs/ardm/guidance_reasoning_middle_samemaskfull_rw1e-4/events.out.tfevents.1780899345.DESKTOP-3CMUNGL.133214.0.v2
guidance_reasoning_middle_samemaskfull_rw1e-4,disc_mid_grad_norm,200,1780930805.952563,17.801420211791992,tensor,/home/jordan/runs/ardm/guidance_reasoning_middle_samemaskfull_rw1e-4/events.out.tfevents.1780899345.DESKTOP-3CMUNGL.133214.0.v2
guidance_reasoning_middle_samemaskfull_rw1e-4,disc_mid_logit_abs_mean,200,1780930805.953245,1.3184599876403809,tensor,/home/jordan/runs/ardm/guidance_reasoning_middle_samemaskfull_rw1e-4/events.out.tfevents.1780899345.DESKTOP-3CMUNGL.133214.0.v2
guidance_reasoning_middle_samemaskfull_rw1e-4,disc_mid_loss,200,1780930805.950059,0.4089297354221344,tensor,/home/jordan/runs/ardm/guidance_reasoning_middle_samemaskfull_rw1e-4/events.out.tfevents.1780899345.DESKTOP-3CMUNGL.133214.0.v2
guidance_reasoning_middle_samemaskfull_rw1e-4,disc_mid_real_logits,200,1780930805.950293,1.2371896505355835,tensor,/home/jordan/runs/ardm/guidance_reasoning_middle_samemaskfull_rw1e-4/events.out.tfevents.1780899345.DESKTOP-3CMUNGL.133214.0.v2
guidance_reasoning_middle_samemaskfull_rw1e-4,disc_mid_real_logits_std,200,1780930805.951413,0.7090283632278442,tensor,/home/jordan/runs/ardm/guidance_reasoning_middle_samemaskfull_rw1e-4/events.out.tfevents.1780899345.DESKTOP-3CMUNGL.133214.0.v2
guidance_reasoning_middle_samemaskfull_rw1e-4,disc_train_factor,200,1780930805.952857,1.0,tensor,/home/jordan/runs/ardm/guidance_reasoning_middle_samemaskfull_rw1e-4/events.out.tfevents.1780899345.DESKTOP-3CMUNGL.133214.0.v2
guidance_reasoning_middle_samemaskfull_rw1e-4,disc_weight_mid,200,1780930805.951106,0.0,tensor,/home/jordan/runs/ardm/guidance_reasoning_middle_samemaskfull_rw1e-4/events.out.tfevents.1780899345.DESKTOP-3CMUNGL.133214.0.v2
guidance_reasoning_middle_samemaskfull_rw1e-4,eval_fid,200,1780931432.062516,204.934814453125,tensor,/home/jordan/runs/ardm/guidance_reasoning_middle_samemaskfull_rw1e-4/events.out.tfevents.1780899345.DESKTOP-3CMUNGL.133214.0.v2
guidance_reasoning_middle_samemaskfull_rw1e-4,eval_is_mean,200,1780931432.062839,2.8322086334228516,tensor,/home/jordan/runs/ardm/guidance_reasoning_middle_samemaskfull_rw1e-4/events.out.tfevents.1780899345.DESKTOP-3CMUNGL.133214.0.v2
guidance_reasoning_middle_samemaskfull_rw1e-4,eval_is_std,200,1780931432.062974,0.4186455309391022,tensor,/home/jordan/runs/ardm/guidance_reasoning_middle_samemaskfull_rw1e-4/events.out.tfevents.1780899345.DESKTOP-3CMUNGL.133214.0.v2
guidance_reasoning_middle_samemaskfull_rw1e-4,eval_nelbo,200,1780930805.949721,3.1362438201904297,tensor,/home/jordan/runs/ardm/guidance_reasoning_middle_samemaskfull_rw1e-4/events.out.tfevents.1780899345.DESKTOP-3CMUNGL.133214.0.v2
guidance_reasoning_middle_samemaskfull_rw1e-4,eval_nelbo_policy_50,200,1780931606.745582,3.1702821254730225,tensor,/home/jordan/runs/ardm/guidance_reasoning_middle_samemaskfull_rw1e-4/events.out.tfevents.1780899345.DESKTOP-3CMUNGL.133214.0.v2
guidance_reasoning_middle_samemaskfull_rw1e-4,eval_nelbo_policy_naive,200,1780931561.555199,3.1332619190216064,tensor,/home/jordan/runs/ardm/guidance_reasoning_middle_samemaskfull_rw1e-4/events.out.tfevents.1780899345.DESKTOP-3CMUNGL.133214.0.v2
guidance_reasoning_middle_samemaskfull_rw1e-4,eval_ssim,200,1780931432.063073,0.02923479676246643,tensor,/home/jordan/runs/ardm/guidance_reasoning_middle_samemaskfull_rw1e-4/events.out.tfevents.1780899345.DESKTOP-3CMUNGL.133214.0.v2
guidance_reasoning_middle_samemaskfull_rw1e-4,fake_mid_feature_mean,200,1780930805.962668,0.03192573040723801,tensor,/home/jordan/runs/ardm/guidance_reasoning_middle_samemaskfull_rw1e-4/events.out.tfevents.1780899345.DESKTOP-3CMUNGL.133214.0.v2
guidance_reasoning_middle_samemaskfull_rw1e-4,fake_mid_feature_norm,200,1780930805.953541,101.3099594116211,tensor,/home/jordan/runs/ardm/guidance_reasoning_middle_samemaskfull_rw1e-4/events.out.tfevents.1780899345.DESKTOP-3CMUNGL.133214.0.v2
guidance_reasoning_middle_samemaskfull_rw1e-4,gen_mid_loss,200,1780930805.949947,1.116918683052063,tensor,/home/jordan/runs/ardm/guidance_reasoning_middle_samemaskfull_rw1e-4/events.out.tfevents.1780899345.DESKTOP-3CMUNGL.133214.0.v2
guidance_reasoning_middle_samemaskfull_rw1e-4,grad_norm,200,1780930805.949551,5.309967041015625,tensor,/home/jordan/runs/ardm/guidance_reasoning_middle_samemaskfull_rw1e-4/events.out.tfevents.1780899345.DESKTOP-3CMUNGL.133214.0.v2
guidance_reasoning_middle_samemaskfull_rw1e-4,guidance_progress,200,1780930805.952743,1.0,tensor,/home/jordan/runs/ardm/guidance_reasoning_middle_samemaskfull_rw1e-4/events.out.tfevents.1780899345.DESKTOP-3CMUNGL.133214.0.v2
guidance_reasoning_middle_samemaskfull_rw1e-4,mask_fraction_observed,200,1780930805.952986,0.4988152086734772,tensor,/home/jordan/runs/ardm/guidance_reasoning_middle_samemaskfull_rw1e-4/events.out.tfevents.1780899345.DESKTOP-3CMUNGL.133214.0.v2
guidance_reasoning_middle_samemaskfull_rw1e-4,mid_feature_cosine,200,1780930805.961201,0.8422856330871582,tensor,/home/jordan/runs/ardm/guidance_reasoning_middle_samemaskfull_rw1e-4/events.out.tfevents.1780899345.DESKTOP-3CMUNGL.133214.0.v2
guidance_reasoning_middle_samemaskfull_rw1e-4,real_mid_feature_mean,200,1780930805.965291,0.11524929851293564,tensor,/home/jordan/runs/ardm/guidance_reasoning_middle_samemaskfull_rw1e-4/events.out.tfevents.1780899345.DESKTOP-3CMUNGL.133214.0.v2
guidance_reasoning_middle_samemaskfull_rw1e-4,real_mid_feature_norm,200,1780930805.960562,98.97663116455078,tensor,/home/jordan/runs/ardm/guidance_reasoning_middle_samemaskfull_rw1e-4/events.out.tfevents.1780899345.DESKTOP-3CMUNGL.133214.0.v2
guidance_reasoning_middle_samemaskfull_rw1e-4,reason_mid_loss,200,1780930805.951204,0.15771442651748657,tensor,/home/jordan/runs/ardm/guidance_reasoning_middle_samemaskfull_rw1e-4/events.out.tfevents.1780899345.DESKTOP-3CMUNGL.133214.0.v2
guidance_reasoning_middle_samemaskfull_rw1e-4,reason_weight_mid,200,1780930805.951324,9.999998292187229e-05,tensor,/home/jordan/runs/ardm/guidance_reasoning_middle_samemaskfull_rw1e-4/events.out.tfevents.1780899345.DESKTOP-3CMUNGL.133214.0.v2
guidance_reasoning_middle_samemaskfull_rw1e-4,train_ce,200,1780930805.947782,0.44832342863082886,tensor,/home/jordan/runs/ardm/guidance_reasoning_middle_samemaskfull_rw1e-4/events.out.tfevents.1780899345.DESKTOP-3CMUNGL.133214.0.v2
guidance_reasoning_middle_samemaskfull_rw1e-4,train_loss,200,1780930805.947412,3.176208972930908,tensor,/home/jordan/runs/ardm/guidance_reasoning_middle_samemaskfull_rw1e-4/events.out.tfevents.1780899345.DESKTOP-3CMUNGL.133214.0.v2
guidance_reasoning_middle_samemaskfull_rw1e-4,train_nelbo,200,1780930805.947663,3.1757450103759766,tensor,/home/jordan/runs/ardm/guidance_reasoning_middle_samemaskfull_rw1e-4/events.out.tfevents.1780899345.DESKTOP-3CMUNGL.133214.0.v2
guidance_reasoning_middle_samemaskfull_rw1e-4,train_nelbo_steps_100,200,1780931606.746171,3.182281494140625,tensor,/home/jordan/runs/ardm/guidance_reasoning_middle_samemaskfull_rw1e-4/events.out.tfevents.1780899345.DESKTOP-3CMUNGL.133214.0.v2
guidance_reasoning_middle_samemaskfull_rw1e-4,train_nelbo_steps_50,200,1780931606.746019,3.1964476108551025,tensor,/home/jordan/runs/ardm/guidance_reasoning_middle_samemaskfull_rw1e-4/events.out.tfevents.1780899345.DESKTOP-3CMUNGL.133214.0.v2
guidance_reasoning_middle_samemaskfull_rw2e-3,ardm_loss,200,1779192121.890076,3.172398805618286,tensor,/home/jordan/runs/ardm/guidance_reasoning_middle_samemaskfull_rw2e-3/events.out.tfevents.1779157456.DESKTOP-3CMUNGL.500.0.v2
guidance_reasoning_middle_samemaskfull_rw2e-3,disc_mid_fake_logits,200,1779192121.894448,-0.8933523297309875,tensor,/home/jordan/runs/ardm/guidance_reasoning_middle_samemaskfull_rw2e-3/events.out.tfevents.1779157456.DESKTOP-3CMUNGL.500.0.v2
guidance_reasoning_middle_samemaskfull_rw2e-3,disc_mid_fake_logits_std,200,1779192121.899639,0.6066551804542542,tensor,/home/jordan/runs/ardm/guidance_reasoning_middle_samemaskfull_rw2e-3/events.out.tfevents.1779157456.DESKTOP-3CMUNGL.500.0.v2
guidance_reasoning_middle_samemaskfull_rw2e-3,disc_mid_grad_norm,200,1779192121.900283,40.54404830932617,tensor,/home/jordan/runs/ardm/guidance_reasoning_middle_samemaskfull_rw2e-3/events.out.tfevents.1779157456.DESKTOP-3CMUNGL.500.0.v2
guidance_reasoning_middle_samemaskfull_rw2e-3,disc_mid_logit_abs_mean,200,1779192121.904427,1.0837894678115845,tensor,/home/jordan/runs/ardm/guidance_reasoning_middle_samemaskfull_rw2e-3/events.out.tfevents.1779157456.DESKTOP-3CMUNGL.500.0.v2
guidance_reasoning_middle_samemaskfull_rw2e-3,disc_mid_loss,200,1779192121.892153,0.49114617705345154,tensor,/home/jordan/runs/ardm/guidance_reasoning_middle_samemaskfull_rw2e-3/events.out.tfevents.1779157456.DESKTOP-3CMUNGL.500.0.v2
guidance_reasoning_middle_samemaskfull_rw2e-3,disc_mid_real_logits,200,1779192121.893556,0.9064340591430664,tensor,/home/jordan/runs/ardm/guidance_reasoning_middle_samemaskfull_rw2e-3/events.out.tfevents.1779157456.DESKTOP-3CMUNGL.500.0.v2
guidance_reasoning_middle_samemaskfull_rw2e-3,disc_mid_real_logits_std,200,1779192121.898473,0.6216008067131042,tensor,/home/jordan/runs/ardm/guidance_reasoning_middle_samemaskfull_rw2e-3/events.out.tfevents.1779157456.DESKTOP-3CMUNGL.500.0.v2
guidance_reasoning_middle_samemaskfull_rw2e-3,disc_train_factor,200,1779192121.902761,1.0,tensor,/home/jordan/runs/ardm/guidance_reasoning_middle_samemaskfull_rw2e-3/events.out.tfevents.1779157456.DESKTOP-3CMUNGL.500.0.v2
guidance_reasoning_middle_samemaskfull_rw2e-3,disc_weight_mid,200,1779192121.896121,0.0,tensor,/home/jordan/runs/ardm/guidance_reasoning_middle_samemaskfull_rw2e-3/events.out.tfevents.1779157456.DESKTOP-3CMUNGL.500.0.v2
guidance_reasoning_middle_samemaskfull_rw2e-3,eval_fid,200,1779192744.121039,203.92745971679688,tensor,/home/jordan/runs/ardm/guidance_reasoning_middle_samemaskfull_rw2e-3/events.out.tfevents.1779157456.DESKTOP-3CMUNGL.500.0.v2
guidance_reasoning_middle_samemaskfull_rw2e-3,eval_is_mean,200,1779192744.121612,2.5306549072265625,tensor,/home/jordan/runs/ardm/guidance_reasoning_middle_samemaskfull_rw2e-3/events.out.tfevents.1779157456.DESKTOP-3CMUNGL.500.0.v2
guidance_reasoning_middle_samemaskfull_rw2e-3,eval_is_std,200,1779192744.12235,0.23094148933887482,tensor,/home/jordan/runs/ardm/guidance_reasoning_middle_samemaskfull_rw2e-3/events.out.tfevents.1779157456.DESKTOP-3CMUNGL.500.0.v2
guidance_reasoning_middle_samemaskfull_rw2e-3,eval_nelbo,200,1779192121.888737,3.1374518871307373,tensor,/home/jordan/runs/ardm/guidance_reasoning_middle_samemaskfull_rw2e-3/events.out.tfevents.1779157456.DESKTOP-3CMUNGL.500.0.v2
guidance_reasoning_middle_samemaskfull_rw2e-3,eval_nelbo_policy_50,200,1779192911.912608,3.168973922729492,tensor,/home/jordan/runs/ardm/guidance_reasoning_middle_samemaskfull_rw2e-3/events.out.tfevents.1779157456.DESKTOP-3CMUNGL.500.0.v2
guidance_reasoning_middle_samemaskfull_rw2e-3,eval_nelbo_policy_naive,200,1779192871.948508,3.1340746879577637,tensor,/home/jordan/runs/ardm/guidance_reasoning_middle_samemaskfull_rw2e-3/events.out.tfevents.1779157456.DESKTOP-3CMUNGL.500.0.v2
guidance_reasoning_middle_samemaskfull_rw2e-3,eval_ssim,200,1779192744.122747,0.038838788866996765,tensor,/home/jordan/runs/ardm/guidance_reasoning_middle_samemaskfull_rw2e-3/events.out.tfevents.1779157456.DESKTOP-3CMUNGL.500.0.v2
guidance_reasoning_middle_samemaskfull_rw2e-3,fake_mid_feature_mean,200,1779192121.908943,-0.9890400767326355,tensor,/home/jordan/runs/ardm/guidance_reasoning_middle_samemaskfull_rw2e-3/events.out.tfevents.1779157456.DESKTOP-3CMUNGL.500.0.v2
guidance_reasoning_middle_samemaskfull_rw2e-3,fake_mid_feature_norm,200,1779192121.905821,246.2058868408203,tensor,/home/jordan/runs/ardm/guidance_reasoning_middle_samemaskfull_rw2e-3/events.out.tfevents.1779157456.DESKTOP-3CMUNGL.500.0.v2
guidance_reasoning_middle_samemaskfull_rw2e-3,gen_mid_loss,200,1779192121.890773,0.8931074738502502,tensor,/home/jordan/runs/ardm/guidance_reasoning_middle_samemaskfull_rw2e-3/events.out.tfevents.1779157456.DESKTOP-3CMUNGL.500.0.v2
guidance_reasoning_middle_samemaskfull_rw2e-3,grad_norm,200,1779192121.887984,5.218621253967285,tensor,/home/jordan/runs/ardm/guidance_reasoning_middle_samemaskfull_rw2e-3/events.out.tfevents.1779157456.DESKTOP-3CMUNGL.500.0.v2
guidance_reasoning_middle_samemaskfull_rw2e-3,guidance_progress,200,1779192121.901881,1.0,tensor,/home/jordan/runs/ardm/guidance_reasoning_middle_samemaskfull_rw2e-3/events.out.tfevents.1779157456.DESKTOP-3CMUNGL.500.0.v2
guidance_reasoning_middle_samemaskfull_rw2e-3,mask_fraction_observed,200,1779192121.903306,0.4988152086734772,tensor,/home/jordan/runs/ardm/guidance_reasoning_middle_samemaskfull_rw2e-3/events.out.tfevents.1779157456.DESKTOP-3CMUNGL.500.0.v2
guidance_reasoning_middle_samemaskfull_rw2e-3,mid_feature_cosine,200,1779192121.908284,0.9602781534194946,tensor,/home/jordan/runs/ardm/guidance_reasoning_middle_samemaskfull_rw2e-3/events.out.tfevents.1779157456.DESKTOP-3CMUNGL.500.0.v2
guidance_reasoning_middle_samemaskfull_rw2e-3,real_mid_feature_mean,200,1779192121.910727,-0.9645158052444458,tensor,/home/jordan/runs/ardm/guidance_reasoning_middle_samemaskfull_rw2e-3/events.out.tfevents.1779157456.DESKTOP-3CMUNGL.500.0.v2
guidance_reasoning_middle_samemaskfull_rw2e-3,real_mid_feature_norm,200,1779192121.90699,246.19561767578125,tensor,/home/jordan/runs/ardm/guidance_reasoning_middle_samemaskfull_rw2e-3/events.out.tfevents.1779157456.DESKTOP-3CMUNGL.500.0.v2
guidance_reasoning_middle_samemaskfull_rw2e-3,reason_mid_loss,200,1779192121.89677,0.03972186520695686,tensor,/home/jordan/runs/ardm/guidance_reasoning_middle_samemaskfull_rw2e-3/events.out.tfevents.1779157456.DESKTOP-3CMUNGL.500.0.v2
guidance_reasoning_middle_samemaskfull_rw2e-3,reason_weight_mid,200,1779192121.897229,0.0020000000949949026,tensor,/home/jordan/runs/ardm/guidance_reasoning_middle_samemaskfull_rw2e-3/events.out.tfevents.1779157456.DESKTOP-3CMUNGL.500.0.v2
guidance_reasoning_middle_samemaskfull_rw2e-3,train_ce,200,1779192121.887232,0.44804155826568604,tensor,/home/jordan/runs/ardm/guidance_reasoning_middle_samemaskfull_rw2e-3/events.out.tfevents.1779157456.DESKTOP-3CMUNGL.500.0.v2
guidance_reasoning_middle_samemaskfull_rw2e-3,train_loss,200,1779192121.881924,3.172478199005127,tensor,/home/jordan/runs/ardm/guidance_reasoning_middle_samemaskfull_rw2e-3/events.out.tfevents.1779157456.DESKTOP-3CMUNGL.500.0.v2
guidance_reasoning_middle_samemaskfull_rw2e-3,train_nelbo,200,1779192121.883402,3.1719510555267334,tensor,/home/jordan/runs/ardm/guidance_reasoning_middle_samemaskfull_rw2e-3/events.out.tfevents.1779157456.DESKTOP-3CMUNGL.500.0.v2
guidance_reasoning_middle_samemaskfull_rw2e-3,train_nelbo_steps_100,200,1779192911.913053,3.1823129653930664,tensor,/home/jordan/runs/ardm/guidance_reasoning_middle_samemaskfull_rw2e-3/events.out.tfevents.1779157456.DESKTOP-3CMUNGL.500.0.v2
guidance_reasoning_middle_samemaskfull_rw2e-3,train_nelbo_steps_50,200,1779192911.912945,3.1963067054748535,tensor,/home/jordan/runs/ardm/guidance_reasoning_middle_samemaskfull_rw2e-3/events.out.tfevents.1779157456.DESKTOP-3CMUNGL.500.0.v2
guidance_reasoning_middle_samemaskfull_rw5e-4,ardm_loss,200,1780964701.173265,3.173245668411255,tensor,/home/jordan/runs/ardm/guidance_reasoning_middle_samemaskfull_rw5e-4/events.out.tfevents.1780931662.DESKTOP-3CMUNGL.166151.0.v2
guidance_reasoning_middle_samemaskfull_rw5e-4,disc_mid_fake_logits,200,1780964701.173606,-1.1038786172866821,tensor,/home/jordan/runs/ardm/guidance_reasoning_middle_samemaskfull_rw5e-4/events.out.tfevents.1780931662.DESKTOP-3CMUNGL.166151.0.v2
guidance_reasoning_middle_samemaskfull_rw5e-4,disc_mid_fake_logits_std,200,1780964701.174031,0.6615584492683411,tensor,/home/jordan/runs/ardm/guidance_reasoning_middle_samemaskfull_rw5e-4/events.out.tfevents.1780931662.DESKTOP-3CMUNGL.166151.0.v2
guidance_reasoning_middle_samemaskfull_rw5e-4,disc_mid_grad_norm,200,1780964701.174109,24.82026481628418,tensor,/home/jordan/runs/ardm/guidance_reasoning_middle_samemaskfull_rw5e-4/events.out.tfevents.1780931662.DESKTOP-3CMUNGL.166151.0.v2
guidance_reasoning_middle_samemaskfull_rw5e-4,disc_mid_logit_abs_mean,200,1780964701.175376,1.2908759117126465,tensor,/home/jordan/runs/ardm/guidance_reasoning_middle_samemaskfull_rw5e-4/events.out.tfevents.1780931662.DESKTOP-3CMUNGL.166151.0.v2
guidance_reasoning_middle_samemaskfull_rw5e-4,disc_mid_loss,200,1780964701.173444,0.4319003224372864,tensor,/home/jordan/runs/ardm/guidance_reasoning_middle_samemaskfull_rw5e-4/events.out.tfevents.1780931662.DESKTOP-3CMUNGL.166151.0.v2
guidance_reasoning_middle_samemaskfull_rw5e-4,disc_mid_real_logits,200,1780964701.173526,1.1785781383514404,tensor,/home/jordan/runs/ardm/guidance_reasoning_middle_samemaskfull_rw5e-4/events.out.tfevents.1780931662.DESKTOP-3CMUNGL.166151.0.v2
guidance_reasoning_middle_samemaskfull_rw5e-4,disc_mid_real_logits_std,200,1780964701.173952,0.6998700499534607,tensor,/home/jordan/runs/ardm/guidance_reasoning_middle_samemaskfull_rw5e-4/events.out.tfevents.1780931662.DESKTOP-3CMUNGL.166151.0.v2
guidance_reasoning_middle_samemaskfull_rw5e-4,disc_train_factor,200,1780964701.174303,1.0,tensor,/home/jordan/runs/ardm/guidance_reasoning_middle_samemaskfull_rw5e-4/events.out.tfevents.1780931662.DESKTOP-3CMUNGL.166151.0.v2
guidance_reasoning_middle_samemaskfull_rw5e-4,disc_weight_mid,200,1780964701.173689,0.0,tensor,/home/jordan/runs/ardm/guidance_reasoning_middle_samemaskfull_rw5e-4/events.out.tfevents.1780931662.DESKTOP-3CMUNGL.166151.0.v2
guidance_reasoning_middle_samemaskfull_rw5e-4,eval_fid,200,1780965310.288531,209.7824249267578,tensor,/home/jordan/runs/ardm/guidance_reasoning_middle_samemaskfull_rw5e-4/events.out.tfevents.1780931662.DESKTOP-3CMUNGL.166151.0.v2
guidance_reasoning_middle_samemaskfull_rw5e-4,eval_is_mean,200,1780965310.289178,2.6465933322906494,tensor,/home/jordan/runs/ardm/guidance_reasoning_middle_samemaskfull_rw5e-4/events.out.tfevents.1780931662.DESKTOP-3CMUNGL.166151.0.v2
guidance_reasoning_middle_samemaskfull_rw5e-4,eval_is_std,200,1780965310.289345,0.36003491282463074,tensor,/home/jordan/runs/ardm/guidance_reasoning_middle_samemaskfull_rw5e-4/events.out.tfevents.1780931662.DESKTOP-3CMUNGL.166151.0.v2
guidance_reasoning_middle_samemaskfull_rw5e-4,eval_nelbo,200,1780964701.173152,3.1375911235809326,tensor,/home/jordan/runs/ardm/guidance_reasoning_middle_samemaskfull_rw5e-4/events.out.tfevents.1780931662.DESKTOP-3CMUNGL.166151.0.v2
guidance_reasoning_middle_samemaskfull_rw5e-4,eval_nelbo_policy_50,200,1780965482.154739,3.1704659461975098,tensor,/home/jordan/runs/ardm/guidance_reasoning_middle_samemaskfull_rw5e-4/events.out.tfevents.1780931662.DESKTOP-3CMUNGL.166151.0.v2
guidance_reasoning_middle_samemaskfull_rw5e-4,eval_nelbo_policy_naive,200,1780965439.745936,3.1347084045410156,tensor,/home/jordan/runs/ardm/guidance_reasoning_middle_samemaskfull_rw5e-4/events.out.tfevents.1780931662.DESKTOP-3CMUNGL.166151.0.v2
guidance_reasoning_middle_samemaskfull_rw5e-4,eval_ssim,200,1780965310.289452,0.03508676961064339,tensor,/home/jordan/runs/ardm/guidance_reasoning_middle_samemaskfull_rw5e-4/events.out.tfevents.1780931662.DESKTOP-3CMUNGL.166151.0.v2
guidance_reasoning_middle_samemaskfull_rw5e-4,fake_mid_feature_mean,200,1780964701.185093,1.1058648824691772,tensor,/home/jordan/runs/ardm/guidance_reasoning_middle_samemaskfull_rw5e-4/events.out.tfevents.1780931662.DESKTOP-3CMUNGL.166151.0.v2
guidance_reasoning_middle_samemaskfull_rw5e-4,fake_mid_feature_norm,200,1780964701.1755,137.42239379882812,tensor,/home/jordan/runs/ardm/guidance_reasoning_middle_samemaskfull_rw5e-4/events.out.tfevents.1780931662.DESKTOP-3CMUNGL.166151.0.v2
guidance_reasoning_middle_samemaskfull_rw5e-4,gen_mid_loss,200,1780964701.173358,1.1038786172866821,tensor,/home/jordan/runs/ardm/guidance_reasoning_middle_samemaskfull_rw5e-4/events.out.tfevents.1780931662.DESKTOP-3CMUNGL.166151.0.v2
guidance_reasoning_middle_samemaskfull_rw5e-4,grad_norm,200,1780964701.172343,5.8549675941467285,tensor,/home/jordan/runs/ardm/guidance_reasoning_middle_samemaskfull_rw5e-4/events.out.tfevents.1780931662.DESKTOP-3CMUNGL.166151.0.v2
guidance_reasoning_middle_samemaskfull_rw5e-4,guidance_progress,200,1780964701.174188,1.0,tensor,/home/jordan/runs/ardm/guidance_reasoning_middle_samemaskfull_rw5e-4/events.out.tfevents.1780931662.DESKTOP-3CMUNGL.166151.0.v2
guidance_reasoning_middle_samemaskfull_rw5e-4,mask_fraction_observed,200,1780964701.175238,0.4988152086734772,tensor,/home/jordan/runs/ardm/guidance_reasoning_middle_samemaskfull_rw5e-4/events.out.tfevents.1780931662.DESKTOP-3CMUNGL.166151.0.v2
guidance_reasoning_middle_samemaskfull_rw5e-4,mid_feature_cosine,200,1780964701.184603,0.8945934176445007,tensor,/home/jordan/runs/ardm/guidance_reasoning_middle_samemaskfull_rw5e-4/events.out.tfevents.1780931662.DESKTOP-3CMUNGL.166151.0.v2
guidance_reasoning_middle_samemaskfull_rw5e-4,real_mid_feature_mean,200,1780964701.187329,1.1386892795562744,tensor,/home/jordan/runs/ardm/guidance_reasoning_middle_samemaskfull_rw5e-4/events.out.tfevents.1780931662.DESKTOP-3CMUNGL.166151.0.v2
guidance_reasoning_middle_samemaskfull_rw5e-4,real_mid_feature_norm,200,1780964701.183047,136.1201934814453,tensor,/home/jordan/runs/ardm/guidance_reasoning_middle_samemaskfull_rw5e-4/events.out.tfevents.1780931662.DESKTOP-3CMUNGL.166151.0.v2
guidance_reasoning_middle_samemaskfull_rw5e-4,reason_mid_loss,200,1780964701.173769,0.10540661215782166,tensor,/home/jordan/runs/ardm/guidance_reasoning_middle_samemaskfull_rw5e-4/events.out.tfevents.1780931662.DESKTOP-3CMUNGL.166151.0.v2
guidance_reasoning_middle_samemaskfull_rw5e-4,reason_weight_mid,200,1780964701.173872,0.0005000000237487257,tensor,/home/jordan/runs/ardm/guidance_reasoning_middle_samemaskfull_rw5e-4/events.out.tfevents.1780931662.DESKTOP-3CMUNGL.166151.0.v2
guidance_reasoning_middle_samemaskfull_rw5e-4,train_ce,200,1780964701.172095,0.4487103819847107,tensor,/home/jordan/runs/ardm/guidance_reasoning_middle_samemaskfull_rw5e-4/events.out.tfevents.1780931662.DESKTOP-3CMUNGL.166151.0.v2
guidance_reasoning_middle_samemaskfull_rw5e-4,train_loss,200,1780964701.16849,3.1732981204986572,tensor,/home/jordan/runs/ardm/guidance_reasoning_middle_samemaskfull_rw5e-4/events.out.tfevents.1780931662.DESKTOP-3CMUNGL.166151.0.v2
guidance_reasoning_middle_samemaskfull_rw5e-4,train_nelbo,200,1780964701.171671,3.1727969646453857,tensor,/home/jordan/runs/ardm/guidance_reasoning_middle_samemaskfull_rw5e-4/events.out.tfevents.1780931662.DESKTOP-3CMUNGL.166151.0.v2
guidance_reasoning_middle_samemaskfull_rw5e-4,train_nelbo_steps_100,200,1780965482.155315,3.1822779178619385,tensor,/home/jordan/runs/ardm/guidance_reasoning_middle_samemaskfull_rw5e-4/events.out.tfevents.1780931662.DESKTOP-3CMUNGL.166151.0.v2
guidance_reasoning_middle_samemaskfull_rw5e-4,train_nelbo_steps_50,200,1780965482.155094,3.196622848510742,tensor,/home/jordan/runs/ardm/guidance_reasoning_middle_samemaskfull_rw5e-4/events.out.tfevents.1780931662.DESKTOP-3CMUNGL.166151.0.v2
scheduler_adaptive_alpha0.5_mix0.25,adaptive_policy_effective_buckets,9,1779496937.211487,128.0,tensor,/home/jordan/runs/ardm/scheduler_adaptive_alpha0.5_mix0.25/events.out.tfevents.1779495668.DESKTOP-3CMUNGL.685671.0.v2
scheduler_adaptive_alpha0.5_mix0.25,adaptive_policy_effective_timesteps,200,1779523958.273524,12057.03515625,tensor,/home/jordan/runs/ardm/scheduler_adaptive_alpha0.5_mix0.25/events.out.tfevents.1779495668.DESKTOP-3CMUNGL.685671.0.v2
scheduler_adaptive_alpha0.5_mix0.25,adaptive_policy_entropy,200,1779523958.271912,9.397403717041016,tensor,/home/jordan/runs/ardm/scheduler_adaptive_alpha0.5_mix0.25/events.out.tfevents.1779495668.DESKTOP-3CMUNGL.685671.0.v2
scheduler_adaptive_alpha0.5_mix0.25,adaptive_policy_max_over_uniform,200,1779523958.276728,1.3360058069229126,tensor,/home/jordan/runs/ardm/scheduler_adaptive_alpha0.5_mix0.25/events.out.tfevents.1779495668.DESKTOP-3CMUNGL.685671.0.v2
scheduler_adaptive_alpha0.5_mix0.25,adaptive_policy_max_prob,200,1779523958.27409,0.00010872443817788735,tensor,/home/jordan/runs/ardm/scheduler_adaptive_alpha0.5_mix0.25/events.out.tfevents.1779495668.DESKTOP-3CMUNGL.685671.0.v2
scheduler_adaptive_alpha0.5_mix0.25,adaptive_policy_min_over_uniform,200,1779523958.27833,0.6612062454223633,tensor,/home/jordan/runs/ardm/scheduler_adaptive_alpha0.5_mix0.25/events.out.tfevents.1779495668.DESKTOP-3CMUNGL.685671.0.v2
scheduler_adaptive_alpha0.5_mix0.25,adaptive_policy_min_prob,200,1779523958.275931,5.380910079111345e-05,tensor,/home/jordan/runs/ardm/scheduler_adaptive_alpha0.5_mix0.25/events.out.tfevents.1779495668.DESKTOP-3CMUNGL.685671.0.v2
scheduler_adaptive_alpha0.5_mix0.25,eval_fid,200,1779524584.056535,207.49790954589844,tensor,/home/jordan/runs/ardm/scheduler_adaptive_alpha0.5_mix0.25/events.out.tfevents.1779495668.DESKTOP-3CMUNGL.685671.0.v2
scheduler_adaptive_alpha0.5_mix0.25,eval_is_mean,200,1779524584.056758,2.785186529159546,tensor,/home/jordan/runs/ardm/scheduler_adaptive_alpha0.5_mix0.25/events.out.tfevents.1779495668.DESKTOP-3CMUNGL.685671.0.v2
scheduler_adaptive_alpha0.5_mix0.25,eval_is_std,200,1779524584.057404,0.25194045901298523,tensor,/home/jordan/runs/ardm/scheduler_adaptive_alpha0.5_mix0.25/events.out.tfevents.1779495668.DESKTOP-3CMUNGL.685671.0.v2
scheduler_adaptive_alpha0.5_mix0.25,eval_nelbo,200,1779523958.264215,3.1337852478027344,tensor,/home/jordan/runs/ardm/scheduler_adaptive_alpha0.5_mix0.25/events.out.tfevents.1779495668.DESKTOP-3CMUNGL.685671.0.v2
scheduler_adaptive_alpha0.5_mix0.25,eval_nelbo_policy_50,200,1779524753.652038,3.1635143756866455,tensor,/home/jordan/runs/ardm/scheduler_adaptive_alpha0.5_mix0.25/events.out.tfevents.1779495668.DESKTOP-3CMUNGL.685671.0.v2
scheduler_adaptive_alpha0.5_mix0.25,eval_nelbo_policy_naive,200,1779524712.448265,3.1348297595977783,tensor,/home/jordan/runs/ardm/scheduler_adaptive_alpha0.5_mix0.25/events.out.tfevents.1779495668.DESKTOP-3CMUNGL.685671.0.v2
scheduler_adaptive_alpha0.5_mix0.25,eval_ssim,200,1779524584.05801,0.030047496780753136,tensor,/home/jordan/runs/ardm/scheduler_adaptive_alpha0.5_mix0.25/events.out.tfevents.1779495668.DESKTOP-3CMUNGL.685671.0.v2
scheduler_adaptive_alpha0.5_mix0.25,grad_norm,200,1779523958.260118,4.935993671417236,tensor,/home/jordan/runs/ardm/scheduler_adaptive_alpha0.5_mix0.25/events.out.tfevents.1779495668.DESKTOP-3CMUNGL.685671.0.v2
scheduler_adaptive_alpha0.5_mix0.25,sampled_observed_fraction,200,1779523958.267413,0.4754486083984375,tensor,/home/jordan/runs/ardm/scheduler_adaptive_alpha0.5_mix0.25/events.out.tfevents.1779495668.DESKTOP-3CMUNGL.685671.0.v2
scheduler_adaptive_alpha0.5_mix0.25,sampled_observed_fraction_std,200,1779523958.269661,0.2784384489059448,tensor,/home/jordan/runs/ardm/scheduler_adaptive_alpha0.5_mix0.25/events.out.tfevents.1779495668.DESKTOP-3CMUNGL.685671.0.v2
scheduler_adaptive_alpha0.5_mix0.25,sampled_t_mean,200,1779523958.265961,6635.1162109375,tensor,/home/jordan/runs/ardm/scheduler_adaptive_alpha0.5_mix0.25/events.out.tfevents.1779495668.DESKTOP-3CMUNGL.685671.0.v2
scheduler_adaptive_alpha0.5_mix0.25,sampled_t_std,200,1779523958.266691,3408.68798828125,tensor,/home/jordan/runs/ardm/scheduler_adaptive_alpha0.5_mix0.25/events.out.tfevents.1779495668.DESKTOP-3CMUNGL.685671.0.v2
scheduler_adaptive_alpha0.5_mix0.25,train_ce,200,1779523958.259602,0.5032418966293335,tensor,/home/jordan/runs/ardm/scheduler_adaptive_alpha0.5_mix0.25/events.out.tfevents.1779495668.DESKTOP-3CMUNGL.685671.0.v2
scheduler_adaptive_alpha0.5_mix0.25,train_loss,200,1779523958.257252,3.1634774208068848,tensor,/home/jordan/runs/ardm/scheduler_adaptive_alpha0.5_mix0.25/events.out.tfevents.1779495668.DESKTOP-3CMUNGL.685671.0.v2
scheduler_adaptive_alpha0.5_mix0.25,train_nelbo,200,1779523958.258386,3.1629743576049805,tensor,/home/jordan/runs/ardm/scheduler_adaptive_alpha0.5_mix0.25/events.out.tfevents.1779495668.DESKTOP-3CMUNGL.685671.0.v2
scheduler_adaptive_alpha0.5_mix0.25,train_nelbo_steps_100,200,1779524753.65244,3.1806159019470215,tensor,/home/jordan/runs/ardm/scheduler_adaptive_alpha0.5_mix0.25/events.out.tfevents.1779495668.DESKTOP-3CMUNGL.685671.0.v2
scheduler_adaptive_alpha0.5_mix0.25,train_nelbo_steps_50,200,1779524753.652319,3.1947860717773438,tensor,/home/jordan/runs/ardm/scheduler_adaptive_alpha0.5_mix0.25/events.out.tfevents.1779495668.DESKTOP-3CMUNGL.685671.0.v2
scheduler_adaptive_alpha0.75_mix0.15,adaptive_policy_effective_buckets,9,1779720922.402214,128.0,tensor,/home/jordan/runs/ardm/scheduler_adaptive_alpha0.75_mix0.15/events.out.tfevents.1779719612.DESKTOP-3CMUNGL.840882.0.v2
scheduler_adaptive_alpha0.75_mix0.15,adaptive_policy_effective_timesteps,200,1779746104.768786,11671.9697265625,tensor,/home/jordan/runs/ardm/scheduler_adaptive_alpha0.75_mix0.15/events.out.tfevents.1779719612.DESKTOP-3CMUNGL.840882.0.v2
scheduler_adaptive_alpha0.75_mix0.15,adaptive_policy_entropy,200,1779746104.768061,9.364945411682129,tensor,/home/jordan/runs/ardm/scheduler_adaptive_alpha0.75_mix0.15/events.out.tfevents.1779719612.DESKTOP-3CMUNGL.840882.0.v2
scheduler_adaptive_alpha0.75_mix0.15,adaptive_policy_max_over_uniform,200,1779746104.771349,1.5965911149978638,tensor,/home/jordan/runs/ardm/scheduler_adaptive_alpha0.75_mix0.15/events.out.tfevents.1779719612.DESKTOP-3CMUNGL.840882.0.v2
scheduler_adaptive_alpha0.75_mix0.15,adaptive_policy_max_prob,200,1779746104.769526,0.00012993092241231352,tensor,/home/jordan/runs/ardm/scheduler_adaptive_alpha0.75_mix0.15/events.out.tfevents.1779719612.DESKTOP-3CMUNGL.840882.0.v2
scheduler_adaptive_alpha0.75_mix0.15,adaptive_policy_min_over_uniform,200,1779746104.772193,0.48652151226997375,tensor,/home/jordan/runs/ardm/scheduler_adaptive_alpha0.75_mix0.15/events.out.tfevents.1779719612.DESKTOP-3CMUNGL.840882.0.v2
scheduler_adaptive_alpha0.75_mix0.15,adaptive_policy_min_prob,200,1779746104.770461,3.9593222027178854e-05,tensor,/home/jordan/runs/ardm/scheduler_adaptive_alpha0.75_mix0.15/events.out.tfevents.1779719612.DESKTOP-3CMUNGL.840882.0.v2
scheduler_adaptive_alpha0.75_mix0.15,eval_fid,200,1779746638.804582,210.1409149169922,tensor,/home/jordan/runs/ardm/scheduler_adaptive_alpha0.75_mix0.15/events.out.tfevents.1779719612.DESKTOP-3CMUNGL.840882.0.v2
scheduler_adaptive_alpha0.75_mix0.15,eval_is_mean,200,1779746638.805198,2.589447259902954,tensor,/home/jordan/runs/ardm/scheduler_adaptive_alpha0.75_mix0.15/events.out.tfevents.1779719612.DESKTOP-3CMUNGL.840882.0.v2
scheduler_adaptive_alpha0.75_mix0.15,eval_is_std,200,1779746638.805338,0.3363421857357025,tensor,/home/jordan/runs/ardm/scheduler_adaptive_alpha0.75_mix0.15/events.out.tfevents.1779719612.DESKTOP-3CMUNGL.840882.0.v2
scheduler_adaptive_alpha0.75_mix0.15,eval_nelbo,200,1779746104.76263,3.1343812942504883,tensor,/home/jordan/runs/ardm/scheduler_adaptive_alpha0.75_mix0.15/events.out.tfevents.1779719612.DESKTOP-3CMUNGL.840882.0.v2
scheduler_adaptive_alpha0.75_mix0.15,eval_nelbo_policy_50,200,1779746788.024668,3.163752794265747,tensor,/home/jordan/runs/ardm/scheduler_adaptive_alpha0.75_mix0.15/events.out.tfevents.1779719612.DESKTOP-3CMUNGL.840882.0.v2
scheduler_adaptive_alpha0.75_mix0.15,eval_nelbo_policy_naive,200,1779746750.406358,3.1351442337036133,tensor,/home/jordan/runs/ardm/scheduler_adaptive_alpha0.75_mix0.15/events.out.tfevents.1779719612.DESKTOP-3CMUNGL.840882.0.v2
scheduler_adaptive_alpha0.75_mix0.15,eval_ssim,200,1779746638.805696,0.022707058116793633,tensor,/home/jordan/runs/ardm/scheduler_adaptive_alpha0.75_mix0.15/events.out.tfevents.1779719612.DESKTOP-3CMUNGL.840882.0.v2
scheduler_adaptive_alpha0.75_mix0.15,grad_norm,200,1779746104.762256,5.030496120452881,tensor,/home/jordan/runs/ardm/scheduler_adaptive_alpha0.75_mix0.15/events.out.tfevents.1779719612.DESKTOP-3CMUNGL.840882.0.v2
scheduler_adaptive_alpha0.75_mix0.15,sampled_observed_fraction,200,1779746104.762956,0.4596816301345825,tensor,/home/jordan/runs/ardm/scheduler_adaptive_alpha0.75_mix0.15/events.out.tfevents.1779719612.DESKTOP-3CMUNGL.840882.0.v2
scheduler_adaptive_alpha0.75_mix0.15,sampled_observed_fraction_std,200,1779746104.763538,0.278717041015625,tensor,/home/jordan/runs/ardm/scheduler_adaptive_alpha0.75_mix0.15/events.out.tfevents.1779719612.DESKTOP-3CMUNGL.840882.0.v2
scheduler_adaptive_alpha0.75_mix0.15,sampled_t_mean,200,1779746104.762771,6953.53857421875,tensor,/home/jordan/runs/ardm/scheduler_adaptive_alpha0.75_mix0.15/events.out.tfevents.1779719612.DESKTOP-3CMUNGL.840882.0.v2
scheduler_adaptive_alpha0.75_mix0.15,sampled_t_std,200,1779746104.762867,3360.86376953125,tensor,/home/jordan/runs/ardm/scheduler_adaptive_alpha0.75_mix0.15/events.out.tfevents.1779719612.DESKTOP-3CMUNGL.840882.0.v2
scheduler_adaptive_alpha0.75_mix0.15,train_ce,200,1779746104.762131,0.5414366126060486,tensor,/home/jordan/runs/ardm/scheduler_adaptive_alpha0.75_mix0.15/events.out.tfevents.1779719612.DESKTOP-3CMUNGL.840882.0.v2
scheduler_adaptive_alpha0.75_mix0.15,train_loss,200,1779746104.759461,3.16233491897583,tensor,/home/jordan/runs/ardm/scheduler_adaptive_alpha0.75_mix0.15/events.out.tfevents.1779719612.DESKTOP-3CMUNGL.840882.0.v2
scheduler_adaptive_alpha0.75_mix0.15,train_nelbo,200,1779746104.760274,3.1617932319641113,tensor,/home/jordan/runs/ardm/scheduler_adaptive_alpha0.75_mix0.15/events.out.tfevents.1779719612.DESKTOP-3CMUNGL.840882.0.v2
scheduler_adaptive_alpha0.75_mix0.15,train_nelbo_steps_100,200,1779746788.025122,3.1804778575897217,tensor,/home/jordan/runs/ardm/scheduler_adaptive_alpha0.75_mix0.15/events.out.tfevents.1779719612.DESKTOP-3CMUNGL.840882.0.v2
scheduler_adaptive_alpha0.75_mix0.15,train_nelbo_steps_50,200,1779746788.024989,3.194797992706299,tensor,/home/jordan/runs/ardm/scheduler_adaptive_alpha0.75_mix0.15/events.out.tfevents.1779719612.DESKTOP-3CMUNGL.840882.0.v2
scheduler_adaptive_alpha1.0_mix0.10,adaptive_policy_effective_buckets,9,1779620337.503107,128.0,tensor,/home/jordan/runs/ardm/scheduler_adaptive_alpha1.0_mix0.10/events.out.tfevents.1779619241.DESKTOP-3CMUNGL.789096.0.v2
scheduler_adaptive_alpha1.0_mix0.10,adaptive_policy_effective_timesteps,200,1779643159.760243,11169.0283203125,tensor,/home/jordan/runs/ardm/scheduler_adaptive_alpha1.0_mix0.10/events.out.tfevents.1779619241.DESKTOP-3CMUNGL.789096.0.v2
scheduler_adaptive_alpha1.0_mix0.10,adaptive_policy_entropy,200,1779643159.758839,9.320899963378906,tensor,/home/jordan/runs/ardm/scheduler_adaptive_alpha1.0_mix0.10/events.out.tfevents.1779619241.DESKTOP-3CMUNGL.789096.0.v2
scheduler_adaptive_alpha1.0_mix0.10,adaptive_policy_max_over_uniform,200,1779643159.764871,1.8725749254226685,tensor,/home/jordan/runs/ardm/scheduler_adaptive_alpha1.0_mix0.10/events.out.tfevents.1779619241.DESKTOP-3CMUNGL.789096.0.v2
scheduler_adaptive_alpha1.0_mix0.10,adaptive_policy_max_prob,200,1779643159.761559,0.0001523905375506729,tensor,/home/jordan/runs/ardm/scheduler_adaptive_alpha1.0_mix0.10/events.out.tfevents.1779619241.DESKTOP-3CMUNGL.789096.0.v2
scheduler_adaptive_alpha1.0_mix0.10,adaptive_policy_min_over_uniform,200,1779643159.766022,0.3551257252693176,tensor,/home/jordan/runs/ardm/scheduler_adaptive_alpha1.0_mix0.10/events.out.tfevents.1779619241.DESKTOP-3CMUNGL.789096.0.v2
scheduler_adaptive_alpha1.0_mix0.10,adaptive_policy_min_prob,200,1779643159.763371,2.8900203687953763e-05,tensor,/home/jordan/runs/ardm/scheduler_adaptive_alpha1.0_mix0.10/events.out.tfevents.1779619241.DESKTOP-3CMUNGL.789096.0.v2
scheduler_adaptive_alpha1.0_mix0.10,eval_fid,200,1779643691.036796,204.35733032226562,tensor,/home/jordan/runs/ardm/scheduler_adaptive_alpha1.0_mix0.10/events.out.tfevents.1779619241.DESKTOP-3CMUNGL.789096.0.v2
scheduler_adaptive_alpha1.0_mix0.10,eval_is_mean,200,1779643691.037207,2.9671990871429443,tensor,/home/jordan/runs/ardm/scheduler_adaptive_alpha1.0_mix0.10/events.out.tfevents.1779619241.DESKTOP-3CMUNGL.789096.0.v2
scheduler_adaptive_alpha1.0_mix0.10,eval_is_std,200,1779643691.037749,0.3398760259151459,tensor,/home/jordan/runs/ardm/scheduler_adaptive_alpha1.0_mix0.10/events.out.tfevents.1779619241.DESKTOP-3CMUNGL.789096.0.v2
scheduler_adaptive_alpha1.0_mix0.10,eval_nelbo,200,1779643159.753055,3.1392929553985596,tensor,/home/jordan/runs/ardm/scheduler_adaptive_alpha1.0_mix0.10/events.out.tfevents.1779619241.DESKTOP-3CMUNGL.789096.0.v2
scheduler_adaptive_alpha1.0_mix0.10,eval_nelbo_policy_50,200,1779643839.49069,3.1726269721984863,tensor,/home/jordan/runs/ardm/scheduler_adaptive_alpha1.0_mix0.10/events.out.tfevents.1779619241.DESKTOP-3CMUNGL.789096.0.v2
scheduler_adaptive_alpha1.0_mix0.10,eval_nelbo_policy_naive,200,1779643802.245973,3.140035629272461,tensor,/home/jordan/runs/ardm/scheduler_adaptive_alpha1.0_mix0.10/events.out.tfevents.1779619241.DESKTOP-3CMUNGL.789096.0.v2
scheduler_adaptive_alpha1.0_mix0.10,eval_ssim,200,1779643691.038366,0.02607547864317894,tensor,/home/jordan/runs/ardm/scheduler_adaptive_alpha1.0_mix0.10/events.out.tfevents.1779619241.DESKTOP-3CMUNGL.789096.0.v2
scheduler_adaptive_alpha1.0_mix0.10,grad_norm,200,1779643159.75216,5.061663627624512,tensor,/home/jordan/runs/ardm/scheduler_adaptive_alpha1.0_mix0.10/events.out.tfevents.1779619241.DESKTOP-3CMUNGL.789096.0.v2
scheduler_adaptive_alpha1.0_mix0.10,sampled_observed_fraction,200,1779643159.756276,0.44380640983581543,tensor,/home/jordan/runs/ardm/scheduler_adaptive_alpha1.0_mix0.10/events.out.tfevents.1779619241.DESKTOP-3CMUNGL.789096.0.v2
scheduler_adaptive_alpha1.0_mix0.10,sampled_observed_fraction_std,200,1779643159.757432,0.2776452600955963,tensor,/home/jordan/runs/ardm/scheduler_adaptive_alpha1.0_mix0.10/events.out.tfevents.1779619241.DESKTOP-3CMUNGL.789096.0.v2
scheduler_adaptive_alpha1.0_mix0.10,sampled_t_mean,200,1779643159.754201,7246.560546875,tensor,/home/jordan/runs/ardm/scheduler_adaptive_alpha1.0_mix0.10/events.out.tfevents.1779619241.DESKTOP-3CMUNGL.789096.0.v2
scheduler_adaptive_alpha1.0_mix0.10,sampled_t_std,200,1779643159.755604,3290.91259765625,tensor,/home/jordan/runs/ardm/scheduler_adaptive_alpha1.0_mix0.10/events.out.tfevents.1779619241.DESKTOP-3CMUNGL.789096.0.v2
scheduler_adaptive_alpha1.0_mix0.10,train_ce,200,1779643159.750602,0.5808194279670715,tensor,/home/jordan/runs/ardm/scheduler_adaptive_alpha1.0_mix0.10/events.out.tfevents.1779619241.DESKTOP-3CMUNGL.789096.0.v2
scheduler_adaptive_alpha1.0_mix0.10,train_loss,200,1779643159.743569,3.173004627227783,tensor,/home/jordan/runs/ardm/scheduler_adaptive_alpha1.0_mix0.10/events.out.tfevents.1779619241.DESKTOP-3CMUNGL.789096.0.v2
scheduler_adaptive_alpha1.0_mix0.10,train_nelbo,200,1779643159.746093,3.172423839569092,tensor,/home/jordan/runs/ardm/scheduler_adaptive_alpha1.0_mix0.10/events.out.tfevents.1779619241.DESKTOP-3CMUNGL.789096.0.v2
scheduler_adaptive_alpha1.0_mix0.10,train_nelbo_steps_100,200,1779643839.491456,3.186596393585205,tensor,/home/jordan/runs/ardm/scheduler_adaptive_alpha1.0_mix0.10/events.out.tfevents.1779619241.DESKTOP-3CMUNGL.789096.0.v2
scheduler_adaptive_alpha1.0_mix0.10,train_nelbo_steps_50,200,1779643839.491312,3.2009263038635254,tensor,/home/jordan/runs/ardm/scheduler_adaptive_alpha1.0_mix0.10/events.out.tfevents.1779619241.DESKTOP-3CMUNGL.789096.0.v2
scheduler_constrained_adaptive_alpha0.5_mix0.25,adaptive_policy_effective_buckets,200,1781507400.49337,64.0,tensor,/home/jordan/runs/ardm/scheduler_constrained_adaptive_alpha0.5_mix0.25/events.out.tfevents.1781495680.DESKTOP-3CMUNGL.347917.0.v2
scheduler_constrained_adaptive_alpha0.5_mix0.25,adaptive_policy_effective_timesteps,200,1781507400.491183,12096.0869140625,tensor,/home/jordan/runs/ardm/scheduler_constrained_adaptive_alpha0.5_mix0.25/events.out.tfevents.1781495680.DESKTOP-3CMUNGL.347917.0.v2
scheduler_constrained_adaptive_alpha0.5_mix0.25,adaptive_policy_entropy,200,1781507400.491029,9.40063762664795,tensor,/home/jordan/runs/ardm/scheduler_constrained_adaptive_alpha0.5_mix0.25/events.out.tfevents.1781495680.DESKTOP-3CMUNGL.347917.0.v2
scheduler_constrained_adaptive_alpha0.5_mix0.25,adaptive_policy_max_over_uniform,200,1781507400.492857,1.3710741996765137,tensor,/home/jordan/runs/ardm/scheduler_constrained_adaptive_alpha0.5_mix0.25/events.out.tfevents.1781495680.DESKTOP-3CMUNGL.347917.0.v2
scheduler_constrained_adaptive_alpha0.5_mix0.25,adaptive_policy_max_prob,200,1781507400.491318,0.00011157830158481374,tensor,/home/jordan/runs/ardm/scheduler_constrained_adaptive_alpha0.5_mix0.25/events.out.tfevents.1781495680.DESKTOP-3CMUNGL.347917.0.v2
scheduler_constrained_adaptive_alpha0.5_mix0.25,adaptive_policy_min_over_uniform,200,1781507400.492968,0.6223893165588379,tensor,/home/jordan/runs/ardm/scheduler_constrained_adaptive_alpha0.5_mix0.25/events.out.tfevents.1781495680.DESKTOP-3CMUNGL.347917.0.v2
scheduler_constrained_adaptive_alpha0.5_mix0.25,adaptive_policy_min_prob,200,1781507400.492553,5.0650171033339575e-05,tensor,/home/jordan/runs/ardm/scheduler_constrained_adaptive_alpha0.5_mix0.25/events.out.tfevents.1781495680.DESKTOP-3CMUNGL.347917.0.v2
scheduler_constrained_adaptive_alpha0.5_mix0.25,constrained_mask_buckets,200,1781507400.49744,64.0,tensor,/home/jordan/runs/ardm/scheduler_constrained_adaptive_alpha0.5_mix0.25/events.out.tfevents.1781495680.DESKTOP-3CMUNGL.347917.0.v2
scheduler_constrained_adaptive_alpha0.5_mix0.25,constrained_observed_mass_l1,200,1781507400.498471,9.8879238130678e-17,tensor,/home/jordan/runs/ardm/scheduler_constrained_adaptive_alpha0.5_mix0.25/events.out.tfevents.1781495680.DESKTOP-3CMUNGL.347917.0.v2
scheduler_constrained_adaptive_alpha0.5_mix0.25,eval_fid,200,1781507934.551028,205.44976806640625,tensor,/home/jordan/runs/ardm/scheduler_constrained_adaptive_alpha0.5_mix0.25/events.out.tfevents.1781495680.DESKTOP-3CMUNGL.347917.0.v2
scheduler_constrained_adaptive_alpha0.5_mix0.25,eval_is_mean,200,1781507934.551226,2.7198681831359863,tensor,/home/jordan/runs/ardm/scheduler_constrained_adaptive_alpha0.5_mix0.25/events.out.tfevents.1781495680.DESKTOP-3CMUNGL.347917.0.v2
scheduler_constrained_adaptive_alpha0.5_mix0.25,eval_is_std,200,1781507934.551512,0.5765613317489624,tensor,/home/jordan/runs/ardm/scheduler_constrained_adaptive_alpha0.5_mix0.25/events.out.tfevents.1781495680.DESKTOP-3CMUNGL.347917.0.v2
scheduler_constrained_adaptive_alpha0.5_mix0.25,eval_nelbo,200,1781507400.487089,3.1312692165374756,tensor,/home/jordan/runs/ardm/scheduler_constrained_adaptive_alpha0.5_mix0.25/events.out.tfevents.1781495680.DESKTOP-3CMUNGL.347917.0.v2
scheduler_constrained_adaptive_alpha0.5_mix0.25,eval_nelbo_policy_50,200,1781508083.170444,3.1700358390808105,tensor,/home/jordan/runs/ardm/scheduler_constrained_adaptive_alpha0.5_mix0.25/events.out.tfevents.1781495680.DESKTOP-3CMUNGL.347917.0.v2
scheduler_constrained_adaptive_alpha0.5_mix0.25,eval_nelbo_policy_naive,200,1781508046.219524,3.139173746109009,tensor,/home/jordan/runs/ardm/scheduler_constrained_adaptive_alpha0.5_mix0.25/events.out.tfevents.1781495680.DESKTOP-3CMUNGL.347917.0.v2
scheduler_constrained_adaptive_alpha0.5_mix0.25,eval_ssim,200,1781507934.551645,0.036282967776060104,tensor,/home/jordan/runs/ardm/scheduler_constrained_adaptive_alpha0.5_mix0.25/events.out.tfevents.1781495680.DESKTOP-3CMUNGL.347917.0.v2
scheduler_constrained_adaptive_alpha0.5_mix0.25,grad_norm,200,1781507400.486619,5.677209854125977,tensor,/home/jordan/runs/ardm/scheduler_constrained_adaptive_alpha0.5_mix0.25/events.out.tfevents.1781495680.DESKTOP-3CMUNGL.347917.0.v2
scheduler_constrained_adaptive_alpha0.5_mix0.25,sampled_observed_fraction,200,1781507400.488729,0.4983103573322296,tensor,/home/jordan/runs/ardm/scheduler_constrained_adaptive_alpha0.5_mix0.25/events.out.tfevents.1781495680.DESKTOP-3CMUNGL.347917.0.v2
scheduler_constrained_adaptive_alpha0.5_mix0.25,sampled_observed_fraction_std,200,1781507400.489177,0.27813637256622314,tensor,/home/jordan/runs/ardm/scheduler_constrained_adaptive_alpha0.5_mix0.25/events.out.tfevents.1781495680.DESKTOP-3CMUNGL.347917.0.v2
scheduler_constrained_adaptive_alpha0.5_mix0.25,sampled_t_mean,200,1781507400.487726,6727.95751953125,tensor,/home/jordan/runs/ardm/scheduler_constrained_adaptive_alpha0.5_mix0.25/events.out.tfevents.1781495680.DESKTOP-3CMUNGL.347917.0.v2
scheduler_constrained_adaptive_alpha0.5_mix0.25,sampled_t_std,200,1781507400.488226,3380.39306640625,tensor,/home/jordan/runs/ardm/scheduler_constrained_adaptive_alpha0.5_mix0.25/events.out.tfevents.1781495680.DESKTOP-3CMUNGL.347917.0.v2
scheduler_constrained_adaptive_alpha0.5_mix0.25,train_ce,200,1781507400.486057,0.47594305872917175,tensor,/home/jordan/runs/ardm/scheduler_constrained_adaptive_alpha0.5_mix0.25/events.out.tfevents.1781495680.DESKTOP-3CMUNGL.347917.0.v2
scheduler_constrained_adaptive_alpha0.5_mix0.25,train_loss,200,1781507400.485108,3.171912431716919,tensor,/home/jordan/runs/ardm/scheduler_constrained_adaptive_alpha0.5_mix0.25/events.out.tfevents.1781495680.DESKTOP-3CMUNGL.347917.0.v2
scheduler_constrained_adaptive_alpha0.5_mix0.25,train_nelbo,200,1781507400.4856,3.1714365482330322,tensor,/home/jordan/runs/ardm/scheduler_constrained_adaptive_alpha0.5_mix0.25/events.out.tfevents.1781495680.DESKTOP-3CMUNGL.347917.0.v2
scheduler_constrained_adaptive_alpha0.5_mix0.25,train_nelbo_steps_100,200,1781508083.170721,3.179856777191162,tensor,/home/jordan/runs/ardm/scheduler_constrained_adaptive_alpha0.5_mix0.25/events.out.tfevents.1781495680.DESKTOP-3CMUNGL.347917.0.v2
scheduler_constrained_adaptive_alpha0.5_mix0.25,train_nelbo_steps_50,200,1781508083.170618,3.194141149520874,tensor,/home/jordan/runs/ardm/scheduler_constrained_adaptive_alpha0.5_mix0.25/events.out.tfevents.1781495680.DESKTOP-3CMUNGL.347917.0.v2
scheduler_constrained_adaptive_alpha0.75_mix0.15,adaptive_policy_effective_buckets,200,1779815358.971247,64.0,tensor,/home/jordan/runs/ardm/scheduler_constrained_adaptive_alpha0.75_mix0.15/events.out.tfevents.1779792785.DESKTOP-3CMUNGL.43037.0.v2
scheduler_constrained_adaptive_alpha0.75_mix0.15,adaptive_policy_effective_timesteps,200,1779815358.963483,11769.072265625,tensor,/home/jordan/runs/ardm/scheduler_constrained_adaptive_alpha0.75_mix0.15/events.out.tfevents.1779792785.DESKTOP-3CMUNGL.43037.0.v2
scheduler_constrained_adaptive_alpha0.75_mix0.15,adaptive_policy_entropy,200,1779815358.962147,9.37322998046875,tensor,/home/jordan/runs/ardm/scheduler_constrained_adaptive_alpha0.75_mix0.15/events.out.tfevents.1779792785.DESKTOP-3CMUNGL.43037.0.v2
scheduler_constrained_adaptive_alpha0.75_mix0.15,adaptive_policy_max_over_uniform,200,1779815358.968648,1.6762789487838745,tensor,/home/jordan/runs/ardm/scheduler_constrained_adaptive_alpha0.75_mix0.15/events.out.tfevents.1779792785.DESKTOP-3CMUNGL.43037.0.v2
scheduler_constrained_adaptive_alpha0.75_mix0.15,adaptive_policy_max_prob,200,1779815358.963821,0.0001364159252261743,tensor,/home/jordan/runs/ardm/scheduler_constrained_adaptive_alpha0.75_mix0.15/events.out.tfevents.1779792785.DESKTOP-3CMUNGL.43037.0.v2
scheduler_constrained_adaptive_alpha0.75_mix0.15,adaptive_policy_min_over_uniform,200,1779815358.969687,0.4224066734313965,tensor,/home/jordan/runs/ardm/scheduler_constrained_adaptive_alpha0.75_mix0.15/events.out.tfevents.1779792785.DESKTOP-3CMUNGL.43037.0.v2
scheduler_constrained_adaptive_alpha0.75_mix0.15,adaptive_policy_min_prob,200,1779815358.964044,3.437554187257774e-05,tensor,/home/jordan/runs/ardm/scheduler_constrained_adaptive_alpha0.75_mix0.15/events.out.tfevents.1779792785.DESKTOP-3CMUNGL.43037.0.v2
scheduler_constrained_adaptive_alpha0.75_mix0.15,constrained_mask_buckets,200,1779815358.97242,64.0,tensor,/home/jordan/runs/ardm/scheduler_constrained_adaptive_alpha0.75_mix0.15/events.out.tfevents.1779792785.DESKTOP-3CMUNGL.43037.0.v2
scheduler_constrained_adaptive_alpha0.75_mix0.15,constrained_observed_mass_l1,200,1779815358.974156,9.8879238130678e-17,tensor,/home/jordan/runs/ardm/scheduler_constrained_adaptive_alpha0.75_mix0.15/events.out.tfevents.1779792785.DESKTOP-3CMUNGL.43037.0.v2
scheduler_constrained_adaptive_alpha0.75_mix0.15,eval_fid,200,1779815997.428143,207.29351806640625,tensor,/home/jordan/runs/ardm/scheduler_constrained_adaptive_alpha0.75_mix0.15/events.out.tfevents.1779792785.DESKTOP-3CMUNGL.43037.0.v2
scheduler_constrained_adaptive_alpha0.75_mix0.15,eval_is_mean,200,1779815997.428549,2.6994893550872803,tensor,/home/jordan/runs/ardm/scheduler_constrained_adaptive_alpha0.75_mix0.15/events.out.tfevents.1779792785.DESKTOP-3CMUNGL.43037.0.v2
scheduler_constrained_adaptive_alpha0.75_mix0.15,eval_is_std,200,1779815997.428933,0.4618041515350342,tensor,/home/jordan/runs/ardm/scheduler_constrained_adaptive_alpha0.75_mix0.15/events.out.tfevents.1779792785.DESKTOP-3CMUNGL.43037.0.v2
scheduler_constrained_adaptive_alpha0.75_mix0.15,eval_nelbo,200,1779815358.958267,3.126757860183716,tensor,/home/jordan/runs/ardm/scheduler_constrained_adaptive_alpha0.75_mix0.15/events.out.tfevents.1779792785.DESKTOP-3CMUNGL.43037.0.v2
scheduler_constrained_adaptive_alpha0.75_mix0.15,eval_nelbo_policy_50,200,1779816180.537674,3.1760363578796387,tensor,/home/jordan/runs/ardm/scheduler_constrained_adaptive_alpha0.75_mix0.15/events.out.tfevents.1779792785.DESKTOP-3CMUNGL.43037.0.v2
scheduler_constrained_adaptive_alpha0.75_mix0.15,eval_nelbo_policy_naive,200,1779816134.665385,3.13030743598938,tensor,/home/jordan/runs/ardm/scheduler_constrained_adaptive_alpha0.75_mix0.15/events.out.tfevents.1779792785.DESKTOP-3CMUNGL.43037.0.v2
scheduler_constrained_adaptive_alpha0.75_mix0.15,eval_ssim,200,1779815997.42958,0.042212311178445816,tensor,/home/jordan/runs/ardm/scheduler_constrained_adaptive_alpha0.75_mix0.15/events.out.tfevents.1779792785.DESKTOP-3CMUNGL.43037.0.v2
scheduler_constrained_adaptive_alpha0.75_mix0.15,grad_norm,200,1779815358.957842,4.992485523223877,tensor,/home/jordan/runs/ardm/scheduler_constrained_adaptive_alpha0.75_mix0.15/events.out.tfevents.1779792785.DESKTOP-3CMUNGL.43037.0.v2
scheduler_constrained_adaptive_alpha0.75_mix0.15,sampled_observed_fraction,200,1779815358.959574,0.4991050064563751,tensor,/home/jordan/runs/ardm/scheduler_constrained_adaptive_alpha0.75_mix0.15/events.out.tfevents.1779792785.DESKTOP-3CMUNGL.43037.0.v2
scheduler_constrained_adaptive_alpha0.75_mix0.15,sampled_observed_fraction_std,200,1779815358.960053,0.2778181731700897,tensor,/home/jordan/runs/ardm/scheduler_constrained_adaptive_alpha0.75_mix0.15/events.out.tfevents.1779792785.DESKTOP-3CMUNGL.43037.0.v2
scheduler_constrained_adaptive_alpha0.75_mix0.15,sampled_t_mean,200,1779815358.958708,7105.61279296875,tensor,/home/jordan/runs/ardm/scheduler_constrained_adaptive_alpha0.75_mix0.15/events.out.tfevents.1779792785.DESKTOP-3CMUNGL.43037.0.v2
scheduler_constrained_adaptive_alpha0.75_mix0.15,sampled_t_std,200,1779815358.959125,3334.26806640625,tensor,/home/jordan/runs/ardm/scheduler_constrained_adaptive_alpha0.75_mix0.15/events.out.tfevents.1779792785.DESKTOP-3CMUNGL.43037.0.v2
scheduler_constrained_adaptive_alpha0.75_mix0.15,train_ce,200,1779815358.957354,0.49083757400512695,tensor,/home/jordan/runs/ardm/scheduler_constrained_adaptive_alpha0.75_mix0.15/events.out.tfevents.1779792785.DESKTOP-3CMUNGL.43037.0.v2
scheduler_constrained_adaptive_alpha0.75_mix0.15,train_loss,200,1779815358.956399,3.1607306003570557,tensor,/home/jordan/runs/ardm/scheduler_constrained_adaptive_alpha0.75_mix0.15/events.out.tfevents.1779792785.DESKTOP-3CMUNGL.43037.0.v2
scheduler_constrained_adaptive_alpha0.75_mix0.15,train_nelbo,200,1779815358.956913,3.1602399349212646,tensor,/home/jordan/runs/ardm/scheduler_constrained_adaptive_alpha0.75_mix0.15/events.out.tfevents.1779792785.DESKTOP-3CMUNGL.43037.0.v2
scheduler_constrained_adaptive_alpha0.75_mix0.15,train_nelbo_steps_100,200,1779816180.538325,3.171421527862549,tensor,/home/jordan/runs/ardm/scheduler_constrained_adaptive_alpha0.75_mix0.15/events.out.tfevents.1779792785.DESKTOP-3CMUNGL.43037.0.v2
scheduler_constrained_adaptive_alpha0.75_mix0.15,train_nelbo_steps_50,200,1779816180.538169,3.185668706893921,tensor,/home/jordan/runs/ardm/scheduler_constrained_adaptive_alpha0.75_mix0.15/events.out.tfevents.1779792785.DESKTOP-3CMUNGL.43037.0.v2
scheduler_constrained_adaptive_alpha1.0_mix0.10,adaptive_policy_effective_buckets,200,1781532878.973875,64.0,tensor,/home/jordan/runs/ardm/scheduler_constrained_adaptive_alpha1.0_mix0.10/events.out.tfevents.1781508124.DESKTOP-3CMUNGL.390882.0.v2
scheduler_constrained_adaptive_alpha1.0_mix0.10,adaptive_policy_effective_timesteps,200,1781532878.970902,11331.001953125,tensor,/home/jordan/runs/ardm/scheduler_constrained_adaptive_alpha1.0_mix0.10/events.out.tfevents.1781508124.DESKTOP-3CMUNGL.390882.0.v2
scheduler_constrained_adaptive_alpha1.0_mix0.10,adaptive_policy_entropy,200,1781532878.970739,9.335297584533691,tensor,/home/jordan/runs/ardm/scheduler_constrained_adaptive_alpha1.0_mix0.10/events.out.tfevents.1781508124.DESKTOP-3CMUNGL.390882.0.v2
scheduler_constrained_adaptive_alpha1.0_mix0.10,adaptive_policy_max_over_uniform,200,1781532878.973639,2.0150439739227295,tensor,/home/jordan/runs/ardm/scheduler_constrained_adaptive_alpha1.0_mix0.10/events.out.tfevents.1781508124.DESKTOP-3CMUNGL.390882.0.v2
scheduler_constrained_adaptive_alpha1.0_mix0.10,adaptive_policy_max_prob,200,1781532878.971004,0.0001639846886973828,tensor,/home/jordan/runs/ardm/scheduler_constrained_adaptive_alpha1.0_mix0.10/events.out.tfevents.1781508124.DESKTOP-3CMUNGL.390882.0.v2
scheduler_constrained_adaptive_alpha1.0_mix0.10,adaptive_policy_min_over_uniform,200,1781532878.973783,0.3702092468738556,tensor,/home/jordan/runs/ardm/scheduler_constrained_adaptive_alpha1.0_mix0.10/events.out.tfevents.1781508124.DESKTOP-3CMUNGL.390882.0.v2
scheduler_constrained_adaptive_alpha1.0_mix0.10,adaptive_policy_min_prob,200,1781532878.971087,3.0127705031191e-05,tensor,/home/jordan/runs/ardm/scheduler_constrained_adaptive_alpha1.0_mix0.10/events.out.tfevents.1781508124.DESKTOP-3CMUNGL.390882.0.v2
scheduler_constrained_adaptive_alpha1.0_mix0.10,constrained_mask_buckets,200,1781532878.973955,64.0,tensor,/home/jordan/runs/ardm/scheduler_constrained_adaptive_alpha1.0_mix0.10/events.out.tfevents.1781508124.DESKTOP-3CMUNGL.390882.0.v2
scheduler_constrained_adaptive_alpha1.0_mix0.10,constrained_observed_mass_l1,200,1781532878.974066,1.196959198423997e-16,tensor,/home/jordan/runs/ardm/scheduler_constrained_adaptive_alpha1.0_mix0.10/events.out.tfevents.1781508124.DESKTOP-3CMUNGL.390882.0.v2
scheduler_constrained_adaptive_alpha1.0_mix0.10,eval_fid,200,1781533535.870379,206.07899475097656,tensor,/home/jordan/runs/ardm/scheduler_constrained_adaptive_alpha1.0_mix0.10/events.out.tfevents.1781508124.DESKTOP-3CMUNGL.390882.0.v2
scheduler_constrained_adaptive_alpha1.0_mix0.10,eval_is_mean,200,1781533535.870785,2.949559211730957,tensor,/home/jordan/runs/ardm/scheduler_constrained_adaptive_alpha1.0_mix0.10/events.out.tfevents.1781508124.DESKTOP-3CMUNGL.390882.0.v2
scheduler_constrained_adaptive_alpha1.0_mix0.10,eval_is_std,200,1781533535.87161,0.37641245126724243,tensor,/home/jordan/runs/ardm/scheduler_constrained_adaptive_alpha1.0_mix0.10/events.out.tfevents.1781508124.DESKTOP-3CMUNGL.390882.0.v2
scheduler_constrained_adaptive_alpha1.0_mix0.10,eval_nelbo,200,1781532878.964647,3.1268303394317627,tensor,/home/jordan/runs/ardm/scheduler_constrained_adaptive_alpha1.0_mix0.10/events.out.tfevents.1781508124.DESKTOP-3CMUNGL.390882.0.v2
scheduler_constrained_adaptive_alpha1.0_mix0.10,eval_nelbo_policy_50,200,1781533686.265159,3.15596342086792,tensor,/home/jordan/runs/ardm/scheduler_constrained_adaptive_alpha1.0_mix0.10/events.out.tfevents.1781508124.DESKTOP-3CMUNGL.390882.0.v2
scheduler_constrained_adaptive_alpha1.0_mix0.10,eval_nelbo_policy_naive,200,1781533647.925038,3.127537250518799,tensor,/home/jordan/runs/ardm/scheduler_constrained_adaptive_alpha1.0_mix0.10/events.out.tfevents.1781508124.DESKTOP-3CMUNGL.390882.0.v2
scheduler_constrained_adaptive_alpha1.0_mix0.10,eval_ssim,200,1781533535.872227,0.03930262476205826,tensor,/home/jordan/runs/ardm/scheduler_constrained_adaptive_alpha1.0_mix0.10/events.out.tfevents.1781508124.DESKTOP-3CMUNGL.390882.0.v2
scheduler_constrained_adaptive_alpha1.0_mix0.10,grad_norm,200,1781532878.964156,4.852554798126221,tensor,/home/jordan/runs/ardm/scheduler_constrained_adaptive_alpha1.0_mix0.10/events.out.tfevents.1781508124.DESKTOP-3CMUNGL.390882.0.v2
scheduler_constrained_adaptive_alpha1.0_mix0.10,sampled_observed_fraction,200,1781532878.966154,0.5015735030174255,tensor,/home/jordan/runs/ardm/scheduler_constrained_adaptive_alpha1.0_mix0.10/events.out.tfevents.1781508124.DESKTOP-3CMUNGL.390882.0.v2
scheduler_constrained_adaptive_alpha1.0_mix0.10,sampled_observed_fraction_std,200,1781532878.966626,0.27795690298080444,tensor,/home/jordan/runs/ardm/scheduler_constrained_adaptive_alpha1.0_mix0.10/events.out.tfevents.1781508124.DESKTOP-3CMUNGL.390882.0.v2
scheduler_constrained_adaptive_alpha1.0_mix0.10,sampled_t_mean,200,1781532878.965197,7478.64111328125,tensor,/home/jordan/runs/ardm/scheduler_constrained_adaptive_alpha1.0_mix0.10/events.out.tfevents.1781508124.DESKTOP-3CMUNGL.390882.0.v2
scheduler_constrained_adaptive_alpha1.0_mix0.10,sampled_t_std,200,1781532878.96569,3272.53369140625,tensor,/home/jordan/runs/ardm/scheduler_constrained_adaptive_alpha1.0_mix0.10/events.out.tfevents.1781508124.DESKTOP-3CMUNGL.390882.0.v2
scheduler_constrained_adaptive_alpha1.0_mix0.10,train_ce,200,1781532878.963567,0.5048030614852905,tensor,/home/jordan/runs/ardm/scheduler_constrained_adaptive_alpha1.0_mix0.10/events.out.tfevents.1781508124.DESKTOP-3CMUNGL.390882.0.v2
scheduler_constrained_adaptive_alpha1.0_mix0.10,train_loss,200,1781532878.962421,3.157315731048584,tensor,/home/jordan/runs/ardm/scheduler_constrained_adaptive_alpha1.0_mix0.10/events.out.tfevents.1781508124.DESKTOP-3CMUNGL.390882.0.v2
scheduler_constrained_adaptive_alpha1.0_mix0.10,train_nelbo,200,1781532878.963072,3.1568105220794678,tensor,/home/jordan/runs/ardm/scheduler_constrained_adaptive_alpha1.0_mix0.10/events.out.tfevents.1781508124.DESKTOP-3CMUNGL.390882.0.v2
scheduler_constrained_adaptive_alpha1.0_mix0.10,train_nelbo_steps_100,200,1781533686.265591,3.1683411598205566,tensor,/home/jordan/runs/ardm/scheduler_constrained_adaptive_alpha1.0_mix0.10/events.out.tfevents.1781508124.DESKTOP-3CMUNGL.390882.0.v2
scheduler_constrained_adaptive_alpha1.0_mix0.10,train_nelbo_steps_50,200,1781533686.265462,3.1826701164245605,tensor,/home/jordan/runs/ardm/scheduler_constrained_adaptive_alpha1.0_mix0.10/events.out.tfevents.1781508124.DESKTOP-3CMUNGL.390882.0.v2
scheduler_curriculum_obs0.50_to_uniform,curriculum_min_observed_fraction,200,1781588788.685662,0.0,tensor,/home/jordan/runs/ardm/scheduler_curriculum_obs0.50_to_uniform/events.out.tfevents.1781580811.DESKTOP-3CMUNGL.2994.0.v2
scheduler_curriculum_obs0.50_to_uniform,eval_fid,200,1781589323.015363,212.1916961669922,tensor,/home/jordan/runs/ardm/scheduler_curriculum_obs0.50_to_uniform/events.out.tfevents.1781580811.DESKTOP-3CMUNGL.2994.0.v2
scheduler_curriculum_obs0.50_to_uniform,eval_is_mean,200,1781589323.016139,2.767460823059082,tensor,/home/jordan/runs/ardm/scheduler_curriculum_obs0.50_to_uniform/events.out.tfevents.1781580811.DESKTOP-3CMUNGL.2994.0.v2
scheduler_curriculum_obs0.50_to_uniform,eval_is_std,200,1781589323.016563,0.2729921042919159,tensor,/home/jordan/runs/ardm/scheduler_curriculum_obs0.50_to_uniform/events.out.tfevents.1781580811.DESKTOP-3CMUNGL.2994.0.v2
scheduler_curriculum_obs0.50_to_uniform,eval_nelbo,200,1781588788.680166,3.1260530948638916,tensor,/home/jordan/runs/ardm/scheduler_curriculum_obs0.50_to_uniform/events.out.tfevents.1781580811.DESKTOP-3CMUNGL.2994.0.v2
scheduler_curriculum_obs0.50_to_uniform,eval_nelbo_policy_50,200,1781589472.32357,3.1574714183807373,tensor,/home/jordan/runs/ardm/scheduler_curriculum_obs0.50_to_uniform/events.out.tfevents.1781580811.DESKTOP-3CMUNGL.2994.0.v2
scheduler_curriculum_obs0.50_to_uniform,eval_nelbo_policy_naive,200,1781589434.509577,3.131415605545044,tensor,/home/jordan/runs/ardm/scheduler_curriculum_obs0.50_to_uniform/events.out.tfevents.1781580811.DESKTOP-3CMUNGL.2994.0.v2
scheduler_curriculum_obs0.50_to_uniform,eval_ssim,200,1781589323.017228,0.03705650568008423,tensor,/home/jordan/runs/ardm/scheduler_curriculum_obs0.50_to_uniform/events.out.tfevents.1781580811.DESKTOP-3CMUNGL.2994.0.v2
scheduler_curriculum_obs0.50_to_uniform,grad_norm,200,1781588788.678671,4.592092037200928,tensor,/home/jordan/runs/ardm/scheduler_curriculum_obs0.50_to_uniform/events.out.tfevents.1781580811.DESKTOP-3CMUNGL.2994.0.v2
scheduler_curriculum_obs0.50_to_uniform,sampled_observed_fraction,200,1781588788.683327,0.49882709980010986,tensor,/home/jordan/runs/ardm/scheduler_curriculum_obs0.50_to_uniform/events.out.tfevents.1781580811.DESKTOP-3CMUNGL.2994.0.v2
scheduler_curriculum_obs0.50_to_uniform,sampled_observed_fraction_std,200,1781588788.684937,0.2769375741481781,tensor,/home/jordan/runs/ardm/scheduler_curriculum_obs0.50_to_uniform/events.out.tfevents.1781580811.DESKTOP-3CMUNGL.2994.0.v2
scheduler_curriculum_obs0.50_to_uniform,sampled_t_mean,200,1781588788.681103,6127.37158203125,tensor,/home/jordan/runs/ardm/scheduler_curriculum_obs0.50_to_uniform/events.out.tfevents.1781580811.DESKTOP-3CMUNGL.2994.0.v2
scheduler_curriculum_obs0.50_to_uniform,sampled_t_std,200,1781588788.682718,3408.220703125,tensor,/home/jordan/runs/ardm/scheduler_curriculum_obs0.50_to_uniform/events.out.tfevents.1781580811.DESKTOP-3CMUNGL.2994.0.v2
scheduler_curriculum_obs0.50_to_uniform,train_ce,200,1781588788.67785,0.4472864866256714,tensor,/home/jordan/runs/ardm/scheduler_curriculum_obs0.50_to_uniform/events.out.tfevents.1781580811.DESKTOP-3CMUNGL.2994.0.v2
scheduler_curriculum_obs0.50_to_uniform,train_loss,200,1781588788.671835,3.1567838191986084,tensor,/home/jordan/runs/ardm/scheduler_curriculum_obs0.50_to_uniform/events.out.tfevents.1781580811.DESKTOP-3CMUNGL.2994.0.v2
scheduler_curriculum_obs0.50_to_uniform,train_nelbo,200,1781588788.676303,3.1563363075256348,tensor,/home/jordan/runs/ardm/scheduler_curriculum_obs0.50_to_uniform/events.out.tfevents.1781580811.DESKTOP-3CMUNGL.2994.0.v2
scheduler_curriculum_obs0.50_to_uniform,train_nelbo_steps_100,200,1781589472.32393,3.1725425720214844,tensor,/home/jordan/runs/ardm/scheduler_curriculum_obs0.50_to_uniform/events.out.tfevents.1781580811.DESKTOP-3CMUNGL.2994.0.v2
scheduler_curriculum_obs0.50_to_uniform,train_nelbo_steps_50,200,1781589472.32381,3.1869349479675293,tensor,/home/jordan/runs/ardm/scheduler_curriculum_obs0.50_to_uniform/events.out.tfevents.1781580811.DESKTOP-3CMUNGL.2994.0.v2
scheduler_curriculum_obs0.75_to_uniform,curriculum_min_observed_fraction,200,1779574574.489539,0.0,tensor,/home/jordan/runs/ardm/scheduler_curriculum_obs0.75_to_uniform/events.out.tfevents.1779544486.DESKTOP-3CMUNGL.736837.0.v2
scheduler_curriculum_obs0.75_to_uniform,eval_fid,200,1779575198.857532,205.32310485839844,tensor,/home/jordan/runs/ardm/scheduler_curriculum_obs0.75_to_uniform/events.out.tfevents.1779544486.DESKTOP-3CMUNGL.736837.0.v2
scheduler_curriculum_obs0.75_to_uniform,eval_is_mean,200,1779575198.85781,2.6456918716430664,tensor,/home/jordan/runs/ardm/scheduler_curriculum_obs0.75_to_uniform/events.out.tfevents.1779544486.DESKTOP-3CMUNGL.736837.0.v2
scheduler_curriculum_obs0.75_to_uniform,eval_is_std,200,1779575198.858201,0.2912786900997162,tensor,/home/jordan/runs/ardm/scheduler_curriculum_obs0.75_to_uniform/events.out.tfevents.1779544486.DESKTOP-3CMUNGL.736837.0.v2
scheduler_curriculum_obs0.75_to_uniform,eval_nelbo,200,1779574574.48423,3.1377487182617188,tensor,/home/jordan/runs/ardm/scheduler_curriculum_obs0.75_to_uniform/events.out.tfevents.1779544486.DESKTOP-3CMUNGL.736837.0.v2
scheduler_curriculum_obs0.75_to_uniform,eval_nelbo_policy_50,200,1779575368.837381,3.169487714767456,tensor,/home/jordan/runs/ardm/scheduler_curriculum_obs0.75_to_uniform/events.out.tfevents.1779544486.DESKTOP-3CMUNGL.736837.0.v2
scheduler_curriculum_obs0.75_to_uniform,eval_nelbo_policy_naive,200,1779575327.310011,3.13726544380188,tensor,/home/jordan/runs/ardm/scheduler_curriculum_obs0.75_to_uniform/events.out.tfevents.1779544486.DESKTOP-3CMUNGL.736837.0.v2
scheduler_curriculum_obs0.75_to_uniform,eval_ssim,200,1779575198.858951,0.02148737944662571,tensor,/home/jordan/runs/ardm/scheduler_curriculum_obs0.75_to_uniform/events.out.tfevents.1779544486.DESKTOP-3CMUNGL.736837.0.v2
scheduler_curriculum_obs0.75_to_uniform,grad_norm,200,1779574574.482233,4.827899932861328,tensor,/home/jordan/runs/ardm/scheduler_curriculum_obs0.75_to_uniform/events.out.tfevents.1779544486.DESKTOP-3CMUNGL.736837.0.v2
scheduler_curriculum_obs0.75_to_uniform,sampled_observed_fraction,200,1779574574.48706,0.49724647402763367,tensor,/home/jordan/runs/ardm/scheduler_curriculum_obs0.75_to_uniform/events.out.tfevents.1779544486.DESKTOP-3CMUNGL.736837.0.v2
scheduler_curriculum_obs0.75_to_uniform,sampled_observed_fraction_std,200,1779574574.488206,0.2774987816810608,tensor,/home/jordan/runs/ardm/scheduler_curriculum_obs0.75_to_uniform/events.out.tfevents.1779544486.DESKTOP-3CMUNGL.736837.0.v2
scheduler_curriculum_obs0.75_to_uniform,sampled_t_mean,200,1779574574.484818,6125.404296875,tensor,/home/jordan/runs/ardm/scheduler_curriculum_obs0.75_to_uniform/events.out.tfevents.1779544486.DESKTOP-3CMUNGL.736837.0.v2
scheduler_curriculum_obs0.75_to_uniform,sampled_t_std,200,1779574574.48643,3404.423583984375,tensor,/home/jordan/runs/ardm/scheduler_curriculum_obs0.75_to_uniform/events.out.tfevents.1779544486.DESKTOP-3CMUNGL.736837.0.v2
scheduler_curriculum_obs0.75_to_uniform,train_ce,200,1779574574.481441,0.45064547657966614,tensor,/home/jordan/runs/ardm/scheduler_curriculum_obs0.75_to_uniform/events.out.tfevents.1779544486.DESKTOP-3CMUNGL.736837.0.v2
scheduler_curriculum_obs0.75_to_uniform,train_loss,200,1779574574.475188,3.1771557331085205,tensor,/home/jordan/runs/ardm/scheduler_curriculum_obs0.75_to_uniform/events.out.tfevents.1779544486.DESKTOP-3CMUNGL.736837.0.v2
scheduler_curriculum_obs0.75_to_uniform,train_nelbo,200,1779574574.480063,3.1767048835754395,tensor,/home/jordan/runs/ardm/scheduler_curriculum_obs0.75_to_uniform/events.out.tfevents.1779544486.DESKTOP-3CMUNGL.736837.0.v2
scheduler_curriculum_obs0.75_to_uniform,train_nelbo_steps_100,200,1779575368.8377,3.1873092651367188,tensor,/home/jordan/runs/ardm/scheduler_curriculum_obs0.75_to_uniform/events.out.tfevents.1779544486.DESKTOP-3CMUNGL.736837.0.v2
scheduler_curriculum_obs0.75_to_uniform,train_nelbo_steps_50,200,1779575368.837588,3.2018442153930664,tensor,/home/jordan/runs/ardm/scheduler_curriculum_obs0.75_to_uniform/events.out.tfevents.1779544486.DESKTOP-3CMUNGL.736837.0.v2
scheduler_curriculum_obs0.90_to_uniform,curriculum_min_observed_fraction,200,1781613718.853386,0.0,tensor,/home/jordan/runs/ardm/scheduler_curriculum_obs0.90_to_uniform/events.out.tfevents.1781589514.DESKTOP-3CMUNGL.42874.0.v2
scheduler_curriculum_obs0.90_to_uniform,eval_fid,200,1781614253.754909,209.64588928222656,tensor,/home/jordan/runs/ardm/scheduler_curriculum_obs0.90_to_uniform/events.out.tfevents.1781589514.DESKTOP-3CMUNGL.42874.0.v2
scheduler_curriculum_obs0.90_to_uniform,eval_is_mean,200,1781614253.755454,2.777395248413086,tensor,/home/jordan/runs/ardm/scheduler_curriculum_obs0.90_to_uniform/events.out.tfevents.1781589514.DESKTOP-3CMUNGL.42874.0.v2
scheduler_curriculum_obs0.90_to_uniform,eval_is_std,200,1781614253.756067,0.3014954626560211,tensor,/home/jordan/runs/ardm/scheduler_curriculum_obs0.90_to_uniform/events.out.tfevents.1781589514.DESKTOP-3CMUNGL.42874.0.v2
scheduler_curriculum_obs0.90_to_uniform,eval_nelbo,200,1781613718.847956,3.1446194648742676,tensor,/home/jordan/runs/ardm/scheduler_curriculum_obs0.90_to_uniform/events.out.tfevents.1781589514.DESKTOP-3CMUNGL.42874.0.v2
scheduler_curriculum_obs0.90_to_uniform,eval_nelbo_policy_50,200,1781614403.868272,3.176842451095581,tensor,/home/jordan/runs/ardm/scheduler_curriculum_obs0.90_to_uniform/events.out.tfevents.1781589514.DESKTOP-3CMUNGL.42874.0.v2
scheduler_curriculum_obs0.90_to_uniform,eval_nelbo_policy_naive,200,1781614365.843317,3.144510269165039,tensor,/home/jordan/runs/ardm/scheduler_curriculum_obs0.90_to_uniform/events.out.tfevents.1781589514.DESKTOP-3CMUNGL.42874.0.v2
scheduler_curriculum_obs0.90_to_uniform,eval_ssim,200,1781614253.756332,0.03151600435376167,tensor,/home/jordan/runs/ardm/scheduler_curriculum_obs0.90_to_uniform/events.out.tfevents.1781589514.DESKTOP-3CMUNGL.42874.0.v2
scheduler_curriculum_obs0.90_to_uniform,grad_norm,200,1781613718.847184,5.162998676300049,tensor,/home/jordan/runs/ardm/scheduler_curriculum_obs0.90_to_uniform/events.out.tfevents.1781589514.DESKTOP-3CMUNGL.42874.0.v2
scheduler_curriculum_obs0.90_to_uniform,sampled_observed_fraction,200,1781613718.851031,0.49724647402763367,tensor,/home/jordan/runs/ardm/scheduler_curriculum_obs0.90_to_uniform/events.out.tfevents.1781589514.DESKTOP-3CMUNGL.42874.0.v2
scheduler_curriculum_obs0.90_to_uniform,sampled_observed_fraction_std,200,1781613718.852197,0.2774987816810608,tensor,/home/jordan/runs/ardm/scheduler_curriculum_obs0.90_to_uniform/events.out.tfevents.1781589514.DESKTOP-3CMUNGL.42874.0.v2
scheduler_curriculum_obs0.90_to_uniform,sampled_t_mean,200,1781613718.849409,6125.404296875,tensor,/home/jordan/runs/ardm/scheduler_curriculum_obs0.90_to_uniform/events.out.tfevents.1781589514.DESKTOP-3CMUNGL.42874.0.v2
scheduler_curriculum_obs0.90_to_uniform,sampled_t_std,200,1781613718.85001,3404.423583984375,tensor,/home/jordan/runs/ardm/scheduler_curriculum_obs0.90_to_uniform/events.out.tfevents.1781589514.DESKTOP-3CMUNGL.42874.0.v2
scheduler_curriculum_obs0.90_to_uniform,train_ce,200,1781613718.843339,0.4504183232784271,tensor,/home/jordan/runs/ardm/scheduler_curriculum_obs0.90_to_uniform/events.out.tfevents.1781589514.DESKTOP-3CMUNGL.42874.0.v2
scheduler_curriculum_obs0.90_to_uniform,train_loss,200,1781613718.8421,3.1743719577789307,tensor,/home/jordan/runs/ardm/scheduler_curriculum_obs0.90_to_uniform/events.out.tfevents.1781589514.DESKTOP-3CMUNGL.42874.0.v2
scheduler_curriculum_obs0.90_to_uniform,train_nelbo,200,1781613718.843007,3.1739208698272705,tensor,/home/jordan/runs/ardm/scheduler_curriculum_obs0.90_to_uniform/events.out.tfevents.1781589514.DESKTOP-3CMUNGL.42874.0.v2
scheduler_curriculum_obs0.90_to_uniform,train_nelbo_steps_100,200,1781614403.868559,3.1911444664001465,tensor,/home/jordan/runs/ardm/scheduler_curriculum_obs0.90_to_uniform/events.out.tfevents.1781589514.DESKTOP-3CMUNGL.42874.0.v2
scheduler_curriculum_obs0.90_to_uniform,train_nelbo_steps_50,200,1781614403.868454,3.205650568008423,tensor,/home/jordan/runs/ardm/scheduler_curriculum_obs0.90_to_uniform/events.out.tfevents.1781589514.DESKTOP-3CMUNGL.42874.0.v2
scheduler_stratified_timestep,eval_fid,200,1779784482.324669,202.84359741210938,tensor,/home/jordan/runs/ardm/scheduler_stratified_timestep/events.out.tfevents.1779771317.DESKTOP-3CMUNGL.524.0.v2
scheduler_stratified_timestep,eval_is_mean,200,1779784482.325076,2.696465253829956,tensor,/home/jordan/runs/ardm/scheduler_stratified_timestep/events.out.tfevents.1779771317.DESKTOP-3CMUNGL.524.0.v2
scheduler_stratified_timestep,eval_is_std,200,1779784482.325606,0.41183432936668396,tensor,/home/jordan/runs/ardm/scheduler_stratified_timestep/events.out.tfevents.1779771317.DESKTOP-3CMUNGL.524.0.v2
scheduler_stratified_timestep,eval_nelbo,200,1779783857.660722,3.143706798553467,tensor,/home/jordan/runs/ardm/scheduler_stratified_timestep/events.out.tfevents.1779771317.DESKTOP-3CMUNGL.524.0.v2
scheduler_stratified_timestep,eval_nelbo_policy_50,200,1779784651.952255,3.1646347045898438,tensor,/home/jordan/runs/ardm/scheduler_stratified_timestep/events.out.tfevents.1779771317.DESKTOP-3CMUNGL.524.0.v2
scheduler_stratified_timestep,eval_nelbo_policy_naive,200,1779784611.025562,3.139329671859741,tensor,/home/jordan/runs/ardm/scheduler_stratified_timestep/events.out.tfevents.1779771317.DESKTOP-3CMUNGL.524.0.v2
scheduler_stratified_timestep,eval_ssim,200,1779784482.326693,0.04152972623705864,tensor,/home/jordan/runs/ardm/scheduler_stratified_timestep/events.out.tfevents.1779771317.DESKTOP-3CMUNGL.524.0.v2
scheduler_stratified_timestep,grad_norm,200,1779783857.660616,5.369786739349365,tensor,/home/jordan/runs/ardm/scheduler_stratified_timestep/events.out.tfevents.1779771317.DESKTOP-3CMUNGL.524.0.v2
scheduler_stratified_timestep,sampled_observed_fraction,200,1779783857.660981,0.49951842427253723,tensor,/home/jordan/runs/ardm/scheduler_stratified_timestep/events.out.tfevents.1779771317.DESKTOP-3CMUNGL.524.0.v2
scheduler_stratified_timestep,sampled_observed_fraction_std,200,1779783857.661088,0.2873152196407318,tensor,/home/jordan/runs/ardm/scheduler_stratified_timestep/events.out.tfevents.1779771317.DESKTOP-3CMUNGL.524.0.v2
scheduler_stratified_timestep,sampled_t_mean,200,1779783857.660812,6142.5205078125,tensor,/home/jordan/runs/ardm/scheduler_stratified_timestep/events.out.tfevents.1779771317.DESKTOP-3CMUNGL.524.0.v2
scheduler_stratified_timestep,sampled_t_std,200,1779783857.660896,3547.481689453125,tensor,/home/jordan/runs/ardm/scheduler_stratified_timestep/events.out.tfevents.1779771317.DESKTOP-3CMUNGL.524.0.v2
scheduler_stratified_timestep,stratified_t_enabled,200,1779783857.661621,1.0,tensor,/home/jordan/runs/ardm/scheduler_stratified_timestep/events.out.tfevents.1779771317.DESKTOP-3CMUNGL.524.0.v2
scheduler_stratified_timestep,train_ce,200,1779783857.660454,0.4478350877761841,tensor,/home/jordan/runs/ardm/scheduler_stratified_timestep/events.out.tfevents.1779771317.DESKTOP-3CMUNGL.524.0.v2
scheduler_stratified_timestep,train_loss,200,1779783857.658084,3.1730549335479736,tensor,/home/jordan/runs/ardm/scheduler_stratified_timestep/events.out.tfevents.1779771317.DESKTOP-3CMUNGL.524.0.v2
scheduler_stratified_timestep,train_nelbo,200,1779783857.658948,3.172607421875,tensor,/home/jordan/runs/ardm/scheduler_stratified_timestep/events.out.tfevents.1779771317.DESKTOP-3CMUNGL.524.0.v2
scheduler_stratified_timestep,train_nelbo_steps_100,200,1779784651.952517,3.1881508827209473,tensor,/home/jordan/runs/ardm/scheduler_stratified_timestep/events.out.tfevents.1779771317.DESKTOP-3CMUNGL.524.0.v2
scheduler_stratified_timestep,train_nelbo_steps_50,200,1779784651.952414,3.2022790908813477,tensor,/home/jordan/runs/ardm/scheduler_stratified_timestep/events.out.tfevents.1779771317.DESKTOP-3CMUNGL.524.0.v2
